stage	node	container_id	container_short_id	container_hostname	name	image	image_id	memory_limit_bytes	running	oom_killed	state	physical_classification	terminal_role
after_terminal_drain	host_131215316a	1c5cabbdba76adb109630317f9a8cd1379f4b309b8543e7b70e46f6ea45f9803	1c5cabbdba76	1c5cabbdba76	wsk00_49_prewarm_nodejs20	host_9a77e341a3:5000/openwhisk/action-nodejs-v20:nightly	sha256:2b9dd14896d5f7a4de0efd5721c1ab5250cfc278a02615bf4ce3a098a72f0f46	268435456	true	false	running	replacement_or_new_container	idle_physical_container_not_execution_slot
after_terminal_drain	host_131215316a	bf533ad6e5697b72d141d3581b65ad1c569030687c0b2026eeb93d61fb0c8d76	bf533ad6e569	bf533ad6e569	wsk00_48_prewarm_nodejs20	host_9a77e341a3:5000/openwhisk/action-nodejs-v20:nightly	sha256:2b9dd14896d5f7a4de0efd5721c1ab5250cfc278a02615bf4ce3a098a72f0f46	268435456	true	false	running	replacement_or_new_container	idle_physical_container_not_execution_slot
after_terminal_drain	host_131215316a	d2cecc3e13add8aea75cb0132a9c5786989c42bb84857cfb53c60d39e0f34ae5	d2cecc3e13ad	d2cecc3e13ad	wsk00_47_prewarm_nodejs20	host_9a77e341a3:5000/openwhisk/action-nodejs-v20:nightly	sha256:2b9dd14896d5f7a4de0efd5721c1ab5250cfc278a02615bf4ce3a098a72f0f46	268435456	true	false	running	replacement_or_new_container	idle_physical_container_not_execution_slot
after_terminal_drain	host_131215316a	42a020fc0eec16e911f137b33935a0634ec708d3ccc8b2e4a95f9ca2bfd8d7c7	42a020fc0eec	42a020fc0eec	wsk00_46_prewarm_nodejs20	host_9a77e341a3:5000/openwhisk/action-nodejs-v20:nightly	sha256:2b9dd14896d5f7a4de0efd5721c1ab5250cfc278a02615bf4ce3a098a72f0f46	268435456	true	false	running	replacement_or_new_container	idle_physical_container_not_execution_slot
after_terminal_drain	host_131215316a	d43755aadf9ae1e7f6ee3461ee086ac74c85638e5bbd8de0f38e86ab3a1a25c6	d43755aadf9a	d43755aadf9a	wsk00_45_prewarm_nodejs20	host_9a77e341a3:5000/openwhisk/action-nodejs-v20:nightly	sha256:2b9dd14896d5f7a4de0efd5721c1ab5250cfc278a02615bf4ce3a098a72f0f46	268435456	true	false	running	replacement_or_new_container	idle_physical_container_not_execution_slot
after_terminal_drain	host_131215316a	c4a1e30fcbaf09f03d4c7422f2c4bead175ad8a31f32b009c51ed78e14f6df3b	c4a1e30fcbaf	c4a1e30fcbaf	wsk00_44_prewarm_nodejs20	host_9a77e341a3:5000/openwhisk/action-nodejs-v20:nightly	sha256:2b9dd14896d5f7a4de0efd5721c1ab5250cfc278a02615bf4ce3a098a72f0f46	268435456	true	false	running	replacement_or_new_container	idle_physical_container_not_execution_slot
after_terminal_drain	host_131215316a	6a4d01c15b1b652d172a9dadc935e31a4c1323872ecad1df2da9669719d2cb2b	6a4d01c15b1b	6a4d01c15b1b	wsk00_43_prewarm_nodejs20	host_9a77e341a3:5000/openwhisk/action-nodejs-v20:nightly	sha256:2b9dd14896d5f7a4de0efd5721c1ab5250cfc278a02615bf4ce3a098a72f0f46	268435456	true	false	running	replacement_or_new_container	idle_physical_container_not_execution_slot
after_terminal_drain	host_131215316a	188fbc331212226c99c27c5116ba7b186fe77d7f54d6621f2744f7d47b1f67f8	188fbc331212	188fbc331212	wsk00_42_prewarm_nodejs20	host_9a77e341a3:5000/openwhisk/action-nodejs-v20:nightly	sha256:2b9dd14896d5f7a4de0efd5721c1ab5250cfc278a02615bf4ce3a098a72f0f46	268435456	true	false	running	replacement_or_new_container	idle_physical_container_not_execution_slot
after_terminal_drain	host_131215316a	c37e95a8c0df05e7dfa5eb34f82dc796c1ded23cb4a607de397e114ed42f7923	c37e95a8c0df	c37e95a8c0df	wsk00_41_prewarm_nodejs20	host_9a77e341a3:5000/openwhisk/action-nodejs-v20:nightly	sha256:2b9dd14896d5f7a4de0efd5721c1ab5250cfc278a02615bf4ce3a098a72f0f46	268435456	true	false	paused	initial_container_retained	idle_physical_container_not_execution_slot
after_terminal_drain	host_131215316a	0d4aed50bbec51cbaf8121cfb3e0dc6a1155f4a3e89621502c83e9b6afe01bfe	0d4aed50bbec	0d4aed50bbec	wsk00_40_prewarm_nodejs20	host_9a77e341a3:5000/openwhisk/action-nodejs-v20:nightly	sha256:2b9dd14896d5f7a4de0efd5721c1ab5250cfc278a02615bf4ce3a098a72f0f46	268435456	true	false	paused	initial_container_retained	idle_physical_container_not_execution_slot
after_terminal_drain	host_131215316a	3fa1dd088d29493814b2acb05912beb403c01df34fff30be3a3adc4a826ce561	3fa1dd088d29	3fa1dd088d29	wsk00_39_prewarm_nodejs20	host_9a77e341a3:5000/openwhisk/action-nodejs-v20:nightly	sha256:2b9dd14896d5f7a4de0efd5721c1ab5250cfc278a02615bf4ce3a098a72f0f46	268435456	true	false	paused	initial_container_retained	idle_physical_container_not_execution_slot
after_terminal_drain	host_131215316a	1fdaac303d2524b97e455c4c4dfe0f2b8fe55a856f687bd8f927989881db9c49	1fdaac303d25	1fdaac303d25	wsk00_38_prewarm_nodejs20	host_9a77e341a3:5000/openwhisk/action-nodejs-v20:nightly	sha256:2b9dd14896d5f7a4de0efd5721c1ab5250cfc278a02615bf4ce3a098a72f0f46	268435456	true	false	paused	initial_container_retained	idle_physical_container_not_execution_slot
after_terminal_drain	host_131215316a	b4acf3077cfaffe22472718b18286464f7bcb9e87c1c51f1869ac82facf197ca	b4acf3077cfa	b4acf3077cfa	wsk00_37_prewarm_nodejs20	host_9a77e341a3:5000/openwhisk/action-nodejs-v20:nightly	sha256:2b9dd14896d5f7a4de0efd5721c1ab5250cfc278a02615bf4ce3a098a72f0f46	268435456	true	false	paused	initial_container_retained	idle_physical_container_not_execution_slot
after_terminal_drain	host_131215316a	1e73c702c2a53618cfb7d41fbf232f13651e7a0abce372cf74de93d0dfb40caf	1e73c702c2a5	1e73c702c2a5	wsk00_36_prewarm_nodejs20	host_9a77e341a3:5000/openwhisk/action-nodejs-v20:nightly	sha256:2b9dd14896d5f7a4de0efd5721c1ab5250cfc278a02615bf4ce3a098a72f0f46	268435456	true	false	paused	initial_container_retained	idle_physical_container_not_execution_slot
after_terminal_drain	host_131215316a	8d2aa01a722e08e133ce497d9e5f0203cfc17b9110877233155b389fd3aa26c8	8d2aa01a722e	8d2aa01a722e	wsk00_35_prewarm_nodejs20	host_9a77e341a3:5000/openwhisk/action-nodejs-v20:nightly	sha256:2b9dd14896d5f7a4de0efd5721c1ab5250cfc278a02615bf4ce3a098a72f0f46	268435456	true	false	paused	initial_container_retained	idle_physical_container_not_execution_slot
after_terminal_drain	host_131215316a	b611c519f93f7e38bac52b39b11b26f245a4c7a3ad64c126ef678a213095ca0c	b611c519f93f	b611c519f93f	wsk00_34_prewarm_nodejs20	host_9a77e341a3:5000/openwhisk/action-nodejs-v20:nightly	sha256:2b9dd14896d5f7a4de0efd5721c1ab5250cfc278a02615bf4ce3a098a72f0f46	268435456	true	false	paused	initial_container_retained	idle_physical_container_not_execution_slot
after_terminal_drain	host_8f92d23d2a	5d875fa1047225814a385c2d125ed44cc4a8c2011ac568c382699fc75871ec14	5d875fa10472	5d875fa10472	wsk11_49_prewarm_nodejs20	host_9a77e341a3:5000/openwhisk/action-nodejs-v20:nightly	sha256:2b9dd14896d5f7a4de0efd5721c1ab5250cfc278a02615bf4ce3a098a72f0f46	268435456	true	false	running	replacement_or_new_container	idle_physical_container_not_execution_slot
after_terminal_drain	host_8f92d23d2a	0ce74a07b0127fdaeba4b2d46eb1e73aca6f15ca100fd7effdac5b13a08d2a96	0ce74a07b012	0ce74a07b012	wsk11_48_prewarm_nodejs20	host_9a77e341a3:5000/openwhisk/action-nodejs-v20:nightly	sha256:2b9dd14896d5f7a4de0efd5721c1ab5250cfc278a02615bf4ce3a098a72f0f46	268435456	true	false	running	replacement_or_new_container	idle_physical_container_not_execution_slot
after_terminal_drain	host_8f92d23d2a	bcc71ea46b160853acbcce2ad37b21673657cbd407462fe294d0d7675f05126d	bcc71ea46b16	bcc71ea46b16	wsk11_47_prewarm_nodejs20	host_9a77e341a3:5000/openwhisk/action-nodejs-v20:nightly	sha256:2b9dd14896d5f7a4de0efd5721c1ab5250cfc278a02615bf4ce3a098a72f0f46	268435456	true	false	running	replacement_or_new_container	idle_physical_container_not_execution_slot
after_terminal_drain	host_8f92d23d2a	08512d933faa4e2fd6c3561323235f44753d9474e5d5ad83576b06bcb9aa88cf	08512d933faa	08512d933faa	wsk11_46_prewarm_nodejs20	host_9a77e341a3:5000/openwhisk/action-nodejs-v20:nightly	sha256:2b9dd14896d5f7a4de0efd5721c1ab5250cfc278a02615bf4ce3a098a72f0f46	268435456	true	false	running	replacement_or_new_container	idle_physical_container_not_execution_slot
after_terminal_drain	host_8f92d23d2a	30806a921cde7441e018011da35397d11786ff249182fdeb58e4613b099ad1ba	30806a921cde	30806a921cde	wsk11_44_prewarm_nodejs20	host_9a77e341a3:5000/openwhisk/action-nodejs-v20:nightly	sha256:2b9dd14896d5f7a4de0efd5721c1ab5250cfc278a02615bf4ce3a098a72f0f46	268435456	true	false	running	replacement_or_new_container	idle_physical_container_not_execution_slot
after_terminal_drain	host_8f92d23d2a	23035d5e97887967cc6416801e29442d50485ebb3d294535dbf4f24cca37d87d	23035d5e9788	23035d5e9788	wsk11_45_prewarm_nodejs20	host_9a77e341a3:5000/openwhisk/action-nodejs-v20:nightly	sha256:2b9dd14896d5f7a4de0efd5721c1ab5250cfc278a02615bf4ce3a098a72f0f46	268435456	true	false	running	replacement_or_new_container	idle_physical_container_not_execution_slot
after_terminal_drain	host_8f92d23d2a	7b10147fc0973ccb2f397fa49f0f5bcaa5eab2936b881595403b525433b76f08	7b10147fc097	7b10147fc097	wsk11_43_prewarm_nodejs20	host_9a77e341a3:5000/openwhisk/action-nodejs-v20:nightly	sha256:2b9dd14896d5f7a4de0efd5721c1ab5250cfc278a02615bf4ce3a098a72f0f46	268435456	true	false	running	replacement_or_new_container	idle_physical_container_not_execution_slot
after_terminal_drain	host_8f92d23d2a	e7a1f1ed45d7e881f0438d85fb5e47dc5dcd313f57be950a7c741f6c41ea4e85	e7a1f1ed45d7	e7a1f1ed45d7	wsk11_42_prewarm_nodejs20	host_9a77e341a3:5000/openwhisk/action-nodejs-v20:nightly	sha256:2b9dd14896d5f7a4de0efd5721c1ab5250cfc278a02615bf4ce3a098a72f0f46	268435456	true	false	paused	replacement_or_new_container	idle_physical_container_not_execution_slot
after_terminal_drain	host_8f92d23d2a	2cf4ca1358dd56e5cdd9104dcb079b99e9740b46b34799902ff5b2ea2944a115	2cf4ca1358dd	2cf4ca1358dd	wsk11_41_prewarm_nodejs20	host_9a77e341a3:5000/openwhisk/action-nodejs-v20:nightly	sha256:2b9dd14896d5f7a4de0efd5721c1ab5250cfc278a02615bf4ce3a098a72f0f46	268435456	true	false	paused	initial_container_retained	idle_physical_container_not_execution_slot
after_terminal_drain	host_8f92d23d2a	f11bb98e7b1f390dea2ff68840c359536992a045a0d0efc27a09d7b84b03b451	f11bb98e7b1f	f11bb98e7b1f	wsk11_40_prewarm_nodejs20	host_9a77e341a3:5000/openwhisk/action-nodejs-v20:nightly	sha256:2b9dd14896d5f7a4de0efd5721c1ab5250cfc278a02615bf4ce3a098a72f0f46	268435456	true	false	paused	initial_container_retained	idle_physical_container_not_execution_slot
after_terminal_drain	host_8f92d23d2a	60d9fdce9a130c56dbf17182f117788d8a71035ef89844e267cf665bb1aadd12	60d9fdce9a13	60d9fdce9a13	wsk11_39_prewarm_nodejs20	host_9a77e341a3:5000/openwhisk/action-nodejs-v20:nightly	sha256:2b9dd14896d5f7a4de0efd5721c1ab5250cfc278a02615bf4ce3a098a72f0f46	268435456	true	false	running	initial_container_retained	idle_physical_container_not_execution_slot
after_terminal_drain	host_8f92d23d2a	d2fe157bd3fc4542de865208fa003b33c07c17335a71ca631583343ba5094c6d	d2fe157bd3fc	d2fe157bd3fc	wsk11_38_prewarm_nodejs20	host_9a77e341a3:5000/openwhisk/action-nodejs-v20:nightly	sha256:2b9dd14896d5f7a4de0efd5721c1ab5250cfc278a02615bf4ce3a098a72f0f46	268435456	true	false	paused	initial_container_retained	idle_physical_container_not_execution_slot
after_terminal_drain	host_8f92d23d2a	25665c824e48550f4fef955644fcd415ca6265068477b086978b58ef4a6ec07a	25665c824e48	25665c824e48	wsk11_37_prewarm_nodejs20	host_9a77e341a3:5000/openwhisk/action-nodejs-v20:nightly	sha256:2b9dd14896d5f7a4de0efd5721c1ab5250cfc278a02615bf4ce3a098a72f0f46	268435456	true	false	paused	initial_container_retained	idle_physical_container_not_execution_slot
after_terminal_drain	host_8f92d23d2a	3355dce69f1ef30997221a04fde88e18dd18edc716aae3e1f2c295ca82a53c6b	3355dce69f1e	3355dce69f1e	wsk11_36_prewarm_nodejs20	host_9a77e341a3:5000/openwhisk/action-nodejs-v20:nightly	sha256:2b9dd14896d5f7a4de0efd5721c1ab5250cfc278a02615bf4ce3a098a72f0f46	268435456	true	false	paused	initial_container_retained	idle_physical_container_not_execution_slot
after_terminal_drain	host_8f92d23d2a	e5676cfc8a57583f0d39f286a667f2958fe067f0e2457f857e0813b126cf0759	e5676cfc8a57	e5676cfc8a57	wsk11_35_prewarm_nodejs20	host_9a77e341a3:5000/openwhisk/action-nodejs-v20:nightly	sha256:2b9dd14896d5f7a4de0efd5721c1ab5250cfc278a02615bf4ce3a098a72f0f46	268435456	true	false	paused	initial_container_retained	idle_physical_container_not_execution_slot
after_terminal_drain	host_8f92d23d2a	d7299fa5c55c17b50d83c2f46b56d8d26af87b8caf315114ca5bede183adb1cb	d7299fa5c55c	d7299fa5c55c	wsk11_34_prewarm_nodejs20	host_9a77e341a3:5000/openwhisk/action-nodejs-v20:nightly	sha256:2b9dd14896d5f7a4de0efd5721c1ab5250cfc278a02615bf4ce3a098a72f0f46	268435456	true	false	paused	initial_container_retained	idle_physical_container_not_execution_slot
after_terminal_drain	host_20da272088	d0f756f91088d2b6a0e02abeeb8f7efe795f3ef16e507fa6f1ee260883e95dc7	d0f756f91088	d0f756f91088	wsk22_49_prewarm_nodejs20	host_9a77e341a3:5000/openwhisk/action-nodejs-v20:nightly	sha256:2b9dd14896d5f7a4de0efd5721c1ab5250cfc278a02615bf4ce3a098a72f0f46	268435456	true	false	running	replacement_or_new_container	idle_physical_container_not_execution_slot
after_terminal_drain	host_20da272088	3e845fe6d4fcd3d4a5cc1f78467fb30f27a8c23c41aa6b6449c5e247d2ab34c1	3e845fe6d4fc	3e845fe6d4fc	wsk22_48_prewarm_nodejs20	host_9a77e341a3:5000/openwhisk/action-nodejs-v20:nightly	sha256:2b9dd14896d5f7a4de0efd5721c1ab5250cfc278a02615bf4ce3a098a72f0f46	268435456	true	false	running	replacement_or_new_container	idle_physical_container_not_execution_slot
after_terminal_drain	host_20da272088	1a69c376b6cb37b939822d51468344b3960f52fb83a0077689cb4d338a725ce6	1a69c376b6cb	1a69c376b6cb	wsk22_47_prewarm_nodejs20	host_9a77e341a3:5000/openwhisk/action-nodejs-v20:nightly	sha256:2b9dd14896d5f7a4de0efd5721c1ab5250cfc278a02615bf4ce3a098a72f0f46	268435456	true	false	running	replacement_or_new_container	idle_physical_container_not_execution_slot
after_terminal_drain	host_20da272088	9bd2b7438ffa628e5569638922a50a2b3563507704733dea071b8bbc1b5a115a	9bd2b7438ffa	9bd2b7438ffa	wsk22_46_prewarm_nodejs20	host_9a77e341a3:5000/openwhisk/action-nodejs-v20:nightly	sha256:2b9dd14896d5f7a4de0efd5721c1ab5250cfc278a02615bf4ce3a098a72f0f46	268435456	true	false	running	replacement_or_new_container	idle_physical_container_not_execution_slot
after_terminal_drain	host_20da272088	44256145bfb23ebf25d0cd49576f2dc1a6386289e569749e2e1b30cc1ace3001	44256145bfb2	44256145bfb2	wsk22_45_prewarm_nodejs20	host_9a77e341a3:5000/openwhisk/action-nodejs-v20:nightly	sha256:2b9dd14896d5f7a4de0efd5721c1ab5250cfc278a02615bf4ce3a098a72f0f46	268435456	true	false	running	replacement_or_new_container	idle_physical_container_not_execution_slot
after_terminal_drain	host_20da272088	513f351aa91850debcfe677ec6ce8f4a4e6207cf2d9214505d1899760a47b2ef	513f351aa918	513f351aa918	wsk22_44_prewarm_nodejs20	host_9a77e341a3:5000/openwhisk/action-nodejs-v20:nightly	sha256:2b9dd14896d5f7a4de0efd5721c1ab5250cfc278a02615bf4ce3a098a72f0f46	268435456	true	false	running	replacement_or_new_container	idle_physical_container_not_execution_slot
after_terminal_drain	host_20da272088	9d3011c147e4481982b42becee745ea38d1f612295677f5e84938c428b6bdd25	9d3011c147e4	9d3011c147e4	wsk22_43_prewarm_nodejs20	host_9a77e341a3:5000/openwhisk/action-nodejs-v20:nightly	sha256:2b9dd14896d5f7a4de0efd5721c1ab5250cfc278a02615bf4ce3a098a72f0f46	268435456	true	false	running	replacement_or_new_container	idle_physical_container_not_execution_slot
after_terminal_drain	host_20da272088	fd453b496aa09e23521ff8ce6984eea4c5b5094967c864e619737d9e77245825	fd453b496aa0	fd453b496aa0	wsk22_42_prewarm_nodejs20	host_9a77e341a3:5000/openwhisk/action-nodejs-v20:nightly	sha256:2b9dd14896d5f7a4de0efd5721c1ab5250cfc278a02615bf4ce3a098a72f0f46	268435456	true	false	running	replacement_or_new_container	idle_physical_container_not_execution_slot
after_terminal_drain	host_20da272088	3071d47052f8ad8307c7a6267ed220f5e5952a5215511c71cc97d70b2cb40c83	3071d47052f8	3071d47052f8	wsk22_41_prewarm_nodejs20	host_9a77e341a3:5000/openwhisk/action-nodejs-v20:nightly	sha256:2b9dd14896d5f7a4de0efd5721c1ab5250cfc278a02615bf4ce3a098a72f0f46	268435456	true	false	paused	initial_container_retained	idle_physical_container_not_execution_slot
after_terminal_drain	host_20da272088	66da58183996208b645ae90f16527704e59afdc59e9dc52537b181027a5f5b3b	66da58183996	66da58183996	wsk22_40_prewarm_nodejs20	host_9a77e341a3:5000/openwhisk/action-nodejs-v20:nightly	sha256:2b9dd14896d5f7a4de0efd5721c1ab5250cfc278a02615bf4ce3a098a72f0f46	268435456	true	false	paused	initial_container_retained	idle_physical_container_not_execution_slot
after_terminal_drain	host_20da272088	2c31e85da96540712c9baf20354d6e0ee731d95488b5ac1e537392a2e024731e	2c31e85da965	2c31e85da965	wsk22_39_prewarm_nodejs20	host_9a77e341a3:5000/openwhisk/action-nodejs-v20:nightly	sha256:2b9dd14896d5f7a4de0efd5721c1ab5250cfc278a02615bf4ce3a098a72f0f46	268435456	true	false	paused	initial_container_retained	idle_physical_container_not_execution_slot
after_terminal_drain	host_20da272088	ec16a4b52352e8db5f5ac054ed3dd08b48caf8a3825fb9ce8e58bfc9ba07bd31	ec16a4b52352	ec16a4b52352	wsk22_38_prewarm_nodejs20	host_9a77e341a3:5000/openwhisk/action-nodejs-v20:nightly	sha256:2b9dd14896d5f7a4de0efd5721c1ab5250cfc278a02615bf4ce3a098a72f0f46	268435456	true	false	paused	initial_container_retained	idle_physical_container_not_execution_slot
after_terminal_drain	host_20da272088	c10af74638ae7a961d3503af976547eaf74ca67a21d99df2b14917f904948e15	c10af74638ae	c10af74638ae	wsk22_37_prewarm_nodejs20	host_9a77e341a3:5000/openwhisk/action-nodejs-v20:nightly	sha256:2b9dd14896d5f7a4de0efd5721c1ab5250cfc278a02615bf4ce3a098a72f0f46	268435456	true	false	paused	initial_container_retained	idle_physical_container_not_execution_slot
after_terminal_drain	host_20da272088	555ca030c8d34156cd2e6735b9107f3dfa08ada7959e16b7a46b124517821eda	555ca030c8d3	555ca030c8d3	wsk22_36_prewarm_nodejs20	host_9a77e341a3:5000/openwhisk/action-nodejs-v20:nightly	sha256:2b9dd14896d5f7a4de0efd5721c1ab5250cfc278a02615bf4ce3a098a72f0f46	268435456	true	false	paused	initial_container_retained	idle_physical_container_not_execution_slot
after_terminal_drain	host_20da272088	96fe782969888c7a8575fb4bfc9961d9bff17c2dd5a346f68241d12c4e44a7ce	96fe78296988	96fe78296988	wsk22_35_prewarm_nodejs20	host_9a77e341a3:5000/openwhisk/action-nodejs-v20:nightly	sha256:2b9dd14896d5f7a4de0efd5721c1ab5250cfc278a02615bf4ce3a098a72f0f46	268435456	true	false	paused	initial_container_retained	idle_physical_container_not_execution_slot
after_terminal_drain	host_20da272088	172f1dcccb0e684829b1d492099191c08712f24a8400b4862838e29bbce061b9	172f1dcccb0e	172f1dcccb0e	wsk22_34_prewarm_nodejs20	host_9a77e341a3:5000/openwhisk/action-nodejs-v20:nightly	sha256:2b9dd14896d5f7a4de0efd5721c1ab5250cfc278a02615bf4ce3a098a72f0f46	268435456	true	false	paused	initial_container_retained	idle_physical_container_not_execution_slot
after_terminal_drain	host_08173e0b6a	28d7d1c55fbaae948ce836ddea773f762c5e8f8e105d47daf7839099328953e8	28d7d1c55fba	28d7d1c55fba	wsk33_49_prewarm_nodejs20	host_9a77e341a3:5000/openwhisk/action-nodejs-v20:nightly	sha256:2b9dd14896d5f7a4de0efd5721c1ab5250cfc278a02615bf4ce3a098a72f0f46	268435456	true	false	running	replacement_or_new_container	idle_physical_container_not_execution_slot
after_terminal_drain	host_08173e0b6a	9236354334c04acef89e64fb9e2f73478cfaf3f3a98bfb214a37186a3b5abe52	9236354334c0	9236354334c0	wsk33_48_prewarm_nodejs20	host_9a77e341a3:5000/openwhisk/action-nodejs-v20:nightly	sha256:2b9dd14896d5f7a4de0efd5721c1ab5250cfc278a02615bf4ce3a098a72f0f46	268435456	true	false	running	replacement_or_new_container	idle_physical_container_not_execution_slot
after_terminal_drain	host_08173e0b6a	ea4216c4b093dcb65b99c061ec1388d2c9f55de42c44b97760ade9da18603a01	ea4216c4b093	ea4216c4b093	wsk33_46_prewarm_nodejs20	host_9a77e341a3:5000/openwhisk/action-nodejs-v20:nightly	sha256:2b9dd14896d5f7a4de0efd5721c1ab5250cfc278a02615bf4ce3a098a72f0f46	268435456	true	false	running	replacement_or_new_container	idle_physical_container_not_execution_slot
after_terminal_drain	host_08173e0b6a	db03c56497bbc772a169d0378b9564d6cbf7ab0ca5e2060c1f65086549a2b0f8	db03c56497bb	db03c56497bb	wsk33_47_prewarm_nodejs20	host_9a77e341a3:5000/openwhisk/action-nodejs-v20:nightly	sha256:2b9dd14896d5f7a4de0efd5721c1ab5250cfc278a02615bf4ce3a098a72f0f46	268435456	true	false	running	replacement_or_new_container	idle_physical_container_not_execution_slot
after_terminal_drain	host_08173e0b6a	9a6eff56cb37a4e883fdfb104bb972066a80cc4d56d576e4b1706280435cdd15	9a6eff56cb37	9a6eff56cb37	wsk33_45_prewarm_nodejs20	host_9a77e341a3:5000/openwhisk/action-nodejs-v20:nightly	sha256:2b9dd14896d5f7a4de0efd5721c1ab5250cfc278a02615bf4ce3a098a72f0f46	268435456	true	false	running	replacement_or_new_container	idle_physical_container_not_execution_slot
after_terminal_drain	host_08173e0b6a	f46987c37455243edb1fc3fef578e566ebd8a68f02b2e64d5ef4eac5536f08c5	f46987c37455	f46987c37455	wsk33_44_prewarm_nodejs20	host_9a77e341a3:5000/openwhisk/action-nodejs-v20:nightly	sha256:2b9dd14896d5f7a4de0efd5721c1ab5250cfc278a02615bf4ce3a098a72f0f46	268435456	true	false	running	replacement_or_new_container	idle_physical_container_not_execution_slot
after_terminal_drain	host_08173e0b6a	2381fc222926c1293d0f1e1d3d22ff6ba6d8e329295a4c37604b740611b7e0dd	2381fc222926	2381fc222926	wsk33_43_prewarm_nodejs20	host_9a77e341a3:5000/openwhisk/action-nodejs-v20:nightly	sha256:2b9dd14896d5f7a4de0efd5721c1ab5250cfc278a02615bf4ce3a098a72f0f46	268435456	true	false	running	replacement_or_new_container	idle_physical_container_not_execution_slot
after_terminal_drain	host_08173e0b6a	35ef332ae6f597079dd969b0ca97750f795af1b2a4f959881f163559d0bffc7a	35ef332ae6f5	35ef332ae6f5	wsk33_42_prewarm_nodejs20	host_9a77e341a3:5000/openwhisk/action-nodejs-v20:nightly	sha256:2b9dd14896d5f7a4de0efd5721c1ab5250cfc278a02615bf4ce3a098a72f0f46	268435456	true	false	running	replacement_or_new_container	idle_physical_container_not_execution_slot
after_terminal_drain	host_08173e0b6a	62bb95707bacdc4a6f050619ab13db62030986228e415cd7abd6d0dd2c20452e	62bb95707bac	62bb95707bac	wsk33_41_prewarm_nodejs20	host_9a77e341a3:5000/openwhisk/action-nodejs-v20:nightly	sha256:2b9dd14896d5f7a4de0efd5721c1ab5250cfc278a02615bf4ce3a098a72f0f46	268435456	true	false	paused	initial_container_retained	idle_physical_container_not_execution_slot
after_terminal_drain	host_08173e0b6a	4814eeadc991474e338f2b828ea94723acc12e70996e3247b170f8d3fd48adaa	4814eeadc991	4814eeadc991	wsk33_40_prewarm_nodejs20	host_9a77e341a3:5000/openwhisk/action-nodejs-v20:nightly	sha256:2b9dd14896d5f7a4de0efd5721c1ab5250cfc278a02615bf4ce3a098a72f0f46	268435456	true	false	paused	initial_container_retained	idle_physical_container_not_execution_slot
after_terminal_drain	host_08173e0b6a	17795c04d2dd0d782f2d5a782c704fee55a69fd429e7cea3c18d3220d894363f	17795c04d2dd	17795c04d2dd	wsk33_39_prewarm_nodejs20	host_9a77e341a3:5000/openwhisk/action-nodejs-v20:nightly	sha256:2b9dd14896d5f7a4de0efd5721c1ab5250cfc278a02615bf4ce3a098a72f0f46	268435456	true	false	paused	initial_container_retained	idle_physical_container_not_execution_slot
after_terminal_drain	host_08173e0b6a	7521a7ccb4ece1d67b20aad0db9f82a480f7a2436c5fc20160c8f6a72dda943e	7521a7ccb4ec	7521a7ccb4ec	wsk33_38_prewarm_nodejs20	host_9a77e341a3:5000/openwhisk/action-nodejs-v20:nightly	sha256:2b9dd14896d5f7a4de0efd5721c1ab5250cfc278a02615bf4ce3a098a72f0f46	268435456	true	false	paused	initial_container_retained	idle_physical_container_not_execution_slot
after_terminal_drain	host_08173e0b6a	a23b13b366d5f39a105bd76dcd1d3bff43a031bfb0070766c60b835ecafabc43	a23b13b366d5	a23b13b366d5	wsk33_37_prewarm_nodejs20	host_9a77e341a3:5000/openwhisk/action-nodejs-v20:nightly	sha256:2b9dd14896d5f7a4de0efd5721c1ab5250cfc278a02615bf4ce3a098a72f0f46	268435456	true	false	paused	initial_container_retained	idle_physical_container_not_execution_slot
after_terminal_drain	host_08173e0b6a	a11da6309a7e23c2014625c9bf1054d42bdd9f155ed17812f8107e1f42e6fff5	a11da6309a7e	a11da6309a7e	wsk33_36_prewarm_nodejs20	host_9a77e341a3:5000/openwhisk/action-nodejs-v20:nightly	sha256:2b9dd14896d5f7a4de0efd5721c1ab5250cfc278a02615bf4ce3a098a72f0f46	268435456	true	false	paused	initial_container_retained	idle_physical_container_not_execution_slot
after_terminal_drain	host_08173e0b6a	8b5eeea2d0a4de34f4b3ccabe3ac151c0964ef80956c25ebb1aee45a06f35805	8b5eeea2d0a4	8b5eeea2d0a4	wsk33_35_prewarm_nodejs20	host_9a77e341a3:5000/openwhisk/action-nodejs-v20:nightly	sha256:2b9dd14896d5f7a4de0efd5721c1ab5250cfc278a02615bf4ce3a098a72f0f46	268435456	true	false	paused	initial_container_retained	idle_physical_container_not_execution_slot
after_terminal_drain	host_08173e0b6a	bd9605029c68fe902c25a571739b2e585800c26dfb43990f3a25fa020f936a6b	bd9605029c68	bd9605029c68	wsk33_34_prewarm_nodejs20	host_9a77e341a3:5000/openwhisk/action-nodejs-v20:nightly	sha256:2b9dd14896d5f7a4de0efd5721c1ab5250cfc278a02615bf4ce3a098a72f0f46	268435456	true	false	paused	initial_container_retained	idle_physical_container_not_execution_slot
after_terminal_drain	host_7edef57afe	3b2de9b2eab02d2861105bd72c4fc027fdd5c3a00a8e8c4915d89ca80d7a0e13	3b2de9b2eab0	3b2de9b2eab0	wsk44_50_prewarm_nodejs20	host_9a77e341a3:5000/openwhisk/action-nodejs-v20:nightly	sha256:2b9dd14896d5f7a4de0efd5721c1ab5250cfc278a02615bf4ce3a098a72f0f46	268435456	true	false	running	replacement_or_new_container	idle_physical_container_not_execution_slot
after_terminal_drain	host_7edef57afe	51f72e4f205e601176dc99431cc2a9174b29e766c499050be325bed794781a5b	51f72e4f205e	51f72e4f205e	wsk44_49_prewarm_nodejs20	host_9a77e341a3:5000/openwhisk/action-nodejs-v20:nightly	sha256:2b9dd14896d5f7a4de0efd5721c1ab5250cfc278a02615bf4ce3a098a72f0f46	268435456	true	false	running	replacement_or_new_container	idle_physical_container_not_execution_slot
after_terminal_drain	host_7edef57afe	a5a83003bd7074489d4d4428b2a869566b34ec0123f0a2f32903940b037ef6b5	a5a83003bd70	a5a83003bd70	wsk44_48_prewarm_nodejs20	host_9a77e341a3:5000/openwhisk/action-nodejs-v20:nightly	sha256:2b9dd14896d5f7a4de0efd5721c1ab5250cfc278a02615bf4ce3a098a72f0f46	268435456	true	false	running	replacement_or_new_container	idle_physical_container_not_execution_slot
after_terminal_drain	host_7edef57afe	012b7122779ce94d535984fea41388eaf61d7dbf07afb6fc1d2c0f53e72c905d	012b7122779c	012b7122779c	wsk44_47_prewarm_nodejs20	host_9a77e341a3:5000/openwhisk/action-nodejs-v20:nightly	sha256:2b9dd14896d5f7a4de0efd5721c1ab5250cfc278a02615bf4ce3a098a72f0f46	268435456	true	false	running	replacement_or_new_container	idle_physical_container_not_execution_slot
after_terminal_drain	host_7edef57afe	2ef074ea8ec4be8ab44ece135baaf27289972629812ff69c6bb3ed0a25fea00d	2ef074ea8ec4	2ef074ea8ec4	wsk44_46_prewarm_nodejs20	host_9a77e341a3:5000/openwhisk/action-nodejs-v20:nightly	sha256:2b9dd14896d5f7a4de0efd5721c1ab5250cfc278a02615bf4ce3a098a72f0f46	268435456	true	false	running	replacement_or_new_container	idle_physical_container_not_execution_slot
after_terminal_drain	host_7edef57afe	0bbe15a550868273ef609d5fec3f363d10ada9487340869fb349c815127dafd2	0bbe15a55086	0bbe15a55086	wsk44_45_prewarm_nodejs20	host_9a77e341a3:5000/openwhisk/action-nodejs-v20:nightly	sha256:2b9dd14896d5f7a4de0efd5721c1ab5250cfc278a02615bf4ce3a098a72f0f46	268435456	true	false	running	replacement_or_new_container	idle_physical_container_not_execution_slot
after_terminal_drain	host_7edef57afe	99a6e63cb8df65f38bdf520ba91aebe4819635106f83908504b4629eeac24117	99a6e63cb8df	99a6e63cb8df	wsk44_44_prewarm_nodejs20	host_9a77e341a3:5000/openwhisk/action-nodejs-v20:nightly	sha256:2b9dd14896d5f7a4de0efd5721c1ab5250cfc278a02615bf4ce3a098a72f0f46	268435456	true	false	running	replacement_or_new_container	idle_physical_container_not_execution_slot
after_terminal_drain	host_7edef57afe	6ddde77fcb186a6d21e3b2043da2c71a7617299d327b6ceafa709ad1118b2ae9	6ddde77fcb18	6ddde77fcb18	wsk44_43_prewarm_nodejs20	host_9a77e341a3:5000/openwhisk/action-nodejs-v20:nightly	sha256:2b9dd14896d5f7a4de0efd5721c1ab5250cfc278a02615bf4ce3a098a72f0f46	268435456	true	false	running	replacement_or_new_container	idle_physical_container_not_execution_slot
after_terminal_drain	host_7edef57afe	401032801d55079a6f6d424efb95bf163b099c54d663fa5bffbdda1b450d4e9c	401032801d55	401032801d55	wsk44_42_prewarm_nodejs20	host_9a77e341a3:5000/openwhisk/action-nodejs-v20:nightly	sha256:2b9dd14896d5f7a4de0efd5721c1ab5250cfc278a02615bf4ce3a098a72f0f46	268435456	true	false	paused	initial_container_retained	idle_physical_container_not_execution_slot
after_terminal_drain	host_7edef57afe	40645711dde033100564ada69a77cdebc09eae3c9cb3c8d4b85b8277036bfd3d	40645711dde0	40645711dde0	wsk44_41_prewarm_nodejs20	host_9a77e341a3:5000/openwhisk/action-nodejs-v20:nightly	sha256:2b9dd14896d5f7a4de0efd5721c1ab5250cfc278a02615bf4ce3a098a72f0f46	268435456	true	false	paused	initial_container_retained	idle_physical_container_not_execution_slot
after_terminal_drain	host_7edef57afe	6ef21bc740f40f38e2619261b1d041f7e53c74d474a0a41da5cf433dd1c918b9	6ef21bc740f4	6ef21bc740f4	wsk44_40_prewarm_nodejs20	host_9a77e341a3:5000/openwhisk/action-nodejs-v20:nightly	sha256:2b9dd14896d5f7a4de0efd5721c1ab5250cfc278a02615bf4ce3a098a72f0f46	268435456	true	false	paused	initial_container_retained	idle_physical_container_not_execution_slot
after_terminal_drain	host_7edef57afe	b556202ccb5663a34e257bfc31f4744318ef042a354d70e4f4341a5fb676cba0	b556202ccb56	b556202ccb56	wsk44_39_prewarm_nodejs20	host_9a77e341a3:5000/openwhisk/action-nodejs-v20:nightly	sha256:2b9dd14896d5f7a4de0efd5721c1ab5250cfc278a02615bf4ce3a098a72f0f46	268435456	true	false	paused	initial_container_retained	idle_physical_container_not_execution_slot
after_terminal_drain	host_7edef57afe	e7e89ccba337e546b760338909682ae4931814a5a636e1ab4852fd8a213730c3	e7e89ccba337	e7e89ccba337	wsk44_38_prewarm_nodejs20	host_9a77e341a3:5000/openwhisk/action-nodejs-v20:nightly	sha256:2b9dd14896d5f7a4de0efd5721c1ab5250cfc278a02615bf4ce3a098a72f0f46	268435456	true	false	paused	initial_container_retained	idle_physical_container_not_execution_slot
after_terminal_drain	host_7edef57afe	275001c03ee7fe1312d96547b15b4580fcb831446dcf8f4367ad89079c5549fc	275001c03ee7	275001c03ee7	wsk44_37_prewarm_nodejs20	host_9a77e341a3:5000/openwhisk/action-nodejs-v20:nightly	sha256:2b9dd14896d5f7a4de0efd5721c1ab5250cfc278a02615bf4ce3a098a72f0f46	268435456	true	false	paused	initial_container_retained	idle_physical_container_not_execution_slot
after_terminal_drain	host_7edef57afe	2fbb538590b5488b65c248abb7178fbda30018d5b6ada582a2178a22ab5e9d1a	2fbb538590b5	2fbb538590b5	wsk44_36_prewarm_nodejs20	host_9a77e341a3:5000/openwhisk/action-nodejs-v20:nightly	sha256:2b9dd14896d5f7a4de0efd5721c1ab5250cfc278a02615bf4ce3a098a72f0f46	268435456	true	false	paused	initial_container_retained	idle_physical_container_not_execution_slot
after_terminal_drain	host_7edef57afe	2a8b59659ebdd0493e6c01155a87aa87966f86484033920c6c270a8b72c7d150	2a8b59659ebd	2a8b59659ebd	wsk44_35_prewarm_nodejs20	host_9a77e341a3:5000/openwhisk/action-nodejs-v20:nightly	sha256:2b9dd14896d5f7a4de0efd5721c1ab5250cfc278a02615bf4ce3a098a72f0f46	268435456	true	false	paused	initial_container_retained	idle_physical_container_not_execution_slot
