experiment_id	window_size	profile	phase	size_bytes	ordinal	logical_request_id	attempt_id	activation_id	client_start_unix_ns	client_end_unix_ns	http_status	http_request_bytes	http_response_bytes	terminal_status	terminal_success	blocking_result_sha256	activation_get_first_success_unix_ns	activation_get_response_bytes	activation_get_result_sha256	activation_get_result_match
C5	3	asyncs	measured	1024	1	1	1	3b75a2976176475cb5a2976176d75c6c	1784761414198122219	1784761414796357225	200	1024	4657	success	true	e07a092ef986d43dc3b80033ec02f4af2dfc2dc0ae947471c0d4a185b7fa1f0e	1784761415021425313	4764	e07a092ef986d43dc3b80033ec02f4af2dfc2dc0ae947471c0d4a185b7fa1f0e	true
C5	3	asyncs	measured	1024	2	2	1	915fd7dfe4214caa9fd7dfe4212caa0d	1784761414199736392	1784761414869429262	200	1024	4657	success	true	64a39d89c1ca8c9dfd61dc9531e23158af69cddfdd2230605bfcd128f8d7c9da	1784761415103938020	4764	64a39d89c1ca8c9dfd61dc9531e23158af69cddfdd2230605bfcd128f8d7c9da	true
C5	3	asyncs	measured	1024	3	3	1	9e134ba9c2a94f85934ba9c2a96f855d	1784761414200780697	1784761414773401146	200	1024	4657	success	true	e67e5b32d5ce5133a97146bc4b249d911d486c407b86a70ee7e5ea89978b75b0	1784761415020164736	4764	e67e5b32d5ce5133a97146bc4b249d911d486c407b86a70ee7e5ea89978b75b0	true
C5	3	asyncs	measured	1024	4	4	1	5d7badd58be04d95bbadd58be08d9537	1784761415020468587	1784761415353266133	200	1024	4656	success	true	b38c8f95b064a5b293d7d6874c6045b66abd9616bf399e6f2525c82f22433214	1784761415363380972	4763	b38c8f95b064a5b293d7d6874c6045b66abd9616bf399e6f2525c82f22433214	true
C5	3	asyncs	measured	1024	5	5	1	3fe87b9a9a4d485ea87b9a9a4d385efe	1784761415022756304	1784761415293981562	200	1024	4656	success	true	ce5408287c59679e3c9d5842f887cd20e399d72c6fc28367be068074f802e74d	1784761415305894993	4763	ce5408287c59679e3c9d5842f887cd20e399d72c6fc28367be068074f802e74d	true
C5	3	asyncs	measured	1024	6	6	1	1dc8e9288af14a7f88e9288af10a7fef	1784761415105312987	1784761415425063264	200	1024	4656	success	true	effd6359ee60ad5dffce70aa3fca395bb012119fe057850834948563d11ed3f7	1784761415436947755	4763	effd6359ee60ad5dffce70aa3fca395bb012119fe057850834948563d11ed3f7	true
C5	3	asyncs	measured	1024	7	7	1	33f98378156d41e7b98378156d71e7dc	1784761415306129833	1784761415560415708	200	1024	4655	success	true	45ab1db21fe17322cb1dec960fe4c19a0a4330053c915a8bd38a28d1e7020f31	1784761415787929454	4762	45ab1db21fe17322cb1dec960fe4c19a0a4330053c915a8bd38a28d1e7020f31	true
C5	3	asyncs	measured	1024	8	8	1	4c7641910f024d25b641910f02ed255d	1784761415363595277	1784761415697675610	200	1024	4655	success	true	1495bb9cd1222cabd8207681c0819609ed254872ca98f73747e8e4178bd4fd2e	1784761415716900700	4762	1495bb9cd1222cabd8207681c0819609ed254872ca98f73747e8e4178bd4fd2e	true
C5	3	asyncs	measured	1024	9	9	1	8f82723846754a8482723846752a8427	1784761415437190150	1784761415759970794	200	1024	4656	success	true	e2a944c46249d93ad9e2d3f21fe377a23ebf418407328ecd8d3350991a6440a3	1784761415992986292	4763	e2a944c46249d93ad9e2d3f21fe377a23ebf418407328ecd8d3350991a6440a3	true
C5	3	asyncs	measured	1024	10	10	1	7a3873041438401eb873041438201efd	1784761415718120201	1784761415969581233	200	1024	4655	success	true	04d30b20697ecd80f8d70d113bab2ba66f64c3f161856394a23aeff2ff321e8a	1784761415982015387	4762	04d30b20697ecd80f8d70d113bab2ba66f64c3f161856394a23aeff2ff321e8a	true
C5	3	asyncs	measured	1024	11	11	1	ae91bda6548c4eb691bda6548c5eb6e9	1784761415788627437	1784761416047754987	200	1024	4655	success	true	bdc31251a57481f5d6c31301b12985cb64869f0c0399431bdcfde430a30e9aae	1784761416060263656	4762	bdc31251a57481f5d6c31301b12985cb64869f0c0399431bdcfde430a30e9aae	true
C5	3	asyncs	measured	1024	12	12	1	8bdddcfff6c041e59ddcfff6c061e5f1	1784761415982240194	1784761416246438845	200	1024	4656	success	true	16bde487ce44168dcbdb183a1051b64e973bf9f4aacd5c719b82e050ed942f98	1784761416264306345	4763	16bde487ce44168dcbdb183a1051b64e973bf9f4aacd5c719b82e050ed942f98	true
C5	3	asyncs	measured	1024	13	13	1	0b9ccda85a5a4a519ccda85a5a5a5178	1784761415995338332	1784761416328401246	200	1024	4656	success	true	ae84189b6ff3d397b02dfa5e81235761206abe8ca725e8831be3bad194d5323e	1784761416544626643	4763	ae84189b6ff3d397b02dfa5e81235761206abe8ca725e8831be3bad194d5323e	true
C5	3	asyncs	measured	1024	14	14	1	09ec0f546546466eac0f546546e66e51	1784761416060489331	1784761416381663137	200	1024	4655	success	true	be41bf3bee891ef2bd62b93b12961683c1e1ca4311f6cf7111f9b07e029ab65e	1784761416391623340	4762	be41bf3bee891ef2bd62b93b12961683c1e1ca4311f6cf7111f9b07e029ab65e	true
C5	3	asyncs	measured	1024	15	15	1	64268fee75794b4aa68fee75791b4ad7	1784761416264544664	1784761416519580355	200	1024	4655	success	true	ed941f163f39e4d0c16eaf685102fe827901a5e5817f1033a524eae34dcd0530	1784761416749648308	4762	ed941f163f39e4d0c16eaf685102fe827901a5e5817f1033a524eae34dcd0530	true
C5	3	asyncs	measured	1024	16	16	1	7237b4b12fe74155b7b4b12fe72155a8	1784761416391894224	1784761416652135572	200	1024	4655	success	true	9052292d1cf9503526bc409129091f819982676af82e6d96b855bd021b83b1c3	1784761416659804862	4762	9052292d1cf9503526bc409129091f819982676af82e6d96b855bd021b83b1c3	true
C5	3	asyncs	measured	1024	17	17	1	7cd47939208043509479392080a35076	1784761416544874639	1784761416805230858	200	1024	4655	success	true	0d94d5795c274db92528bd65ace2887754c23684ba001ef5fbea15a565ae5f10	1784761416816636819	4762	0d94d5795c274db92528bd65ace2887754c23684ba001ef5fbea15a565ae5f10	true
C5	3	asyncs	measured	1024	18	18	1	74ca81d368ad4b978a81d368adcb976c	1784761416660037796	1784761416943713110	200	1024	4655	success	true	5ac6c5c085585b6ae753fd9bf03af8f5d0fb9bad1c82fb8d48f78aa889ae6eb5	1784761417162057186	4762	5ac6c5c085585b6ae753fd9bf03af8f5d0fb9bad1c82fb8d48f78aa889ae6eb5	true
C5	3	asyncs	measured	1024	19	19	1	8322d71c956e4e08a2d71c956ece08d3	1784761416749875784	1784761417057580418	200	1024	4655	success	true	3a79289525ab00bd9ea49d5efa1f61fec5979dc044798c00d9d9c415ed646044	1784761417065859158	4762	3a79289525ab00bd9ea49d5efa1f61fec5979dc044798c00d9d9c415ed646044	true
C5	3	asyncs	measured	1024	20	20	1	d0fd6292920541f0bd62929205e1f0ec	1784761416816945300	1784761417072792633	200	1024	4655	success	true	e57f420794f256ae97774ac83df5d5eaa6b4593cc6859558d30ec59b2eb5e85b	1784761417090319799	4762	e57f420794f256ae97774ac83df5d5eaa6b4593cc6859558d30ec59b2eb5e85b	true
C5	3	asyncs	measured	1024	21	21	1	10c05c9991094594805c9991095594ef	1784761417066101844	1784761417329031658	200	1024	4656	success	true	c31e78c01b84955788d4e8408734ce45e314c7303a87c05ebfeb7a06cef1e056	1784761417347882268	4763	c31e78c01b84955788d4e8408734ce45e314c7303a87c05ebfeb7a06cef1e056	true
C5	3	asyncs	measured	1024	22	22	1	6c9cf747156f48a59cf747156f38a583	1784761417090587165	1784761417399640973	200	1024	4655	success	true	b4a52994701c52aea6415552ee15ee82f8d6f48e134845e6a3901523edd07143	1784761417407749095	4762	b4a52994701c52aea6415552ee15ee82f8d6f48e134845e6a3901523edd07143	true
C5	3	asyncs	measured	1024	23	23	1	5694f1b05b10402394f1b05b10e023a5	1784761417162311588	1784761417476475658	200	1024	4655	success	true	8678e406f6b12cf28317c06da75ee2431998fa6a27e098be8ea069442ae9c91f	1784761417487182298	4762	8678e406f6b12cf28317c06da75ee2431998fa6a27e098be8ea069442ae9c91f	true
C5	3	asyncs	measured	1024	24	24	1	61cb8a0641bc49938b8a0641bcd993cd	1784761417351963328	1784761417605015947	200	1024	4655	success	true	bd106a6ea6f895f3983a203d88ce24cc6d75136aa84c30ad5ebeffdc8d1040bd	1784761417830428107	4762	bd106a6ea6f895f3983a203d88ce24cc6d75136aa84c30ad5ebeffdc8d1040bd	true
C5	3	asyncs	measured	1024	25	25	1	9a811d7347e746eb811d7347e756eb50	1784761417407984709	1784761417725911775	200	1024	4655	success	true	bc0f5e921e6e6cfe9820240f10394854ab0c23eae49cc09926947309b8af2ba3	1784761417946893113	4762	bc0f5e921e6e6cfe9820240f10394854ab0c23eae49cc09926947309b8af2ba3	true
C5	3	asyncs	measured	1024	26	26	1	fa4d5c12e9ec4fc18d5c12e9ecbfc100	1784761417487444953	1784761417794966290	200	1024	4655	success	true	b7112f83d52939f59e413f5b48df24e1a8ac347ff87baec48ece04b77faf8121	1784761417804960446	4762	b7112f83d52939f59e413f5b48df24e1a8ac347ff87baec48ece04b77faf8121	true
C5	3	asyncs	measured	1024	27	27	1	adc0c2c0650f473c80c2c0650f273c5f	1784761417808640765	1784761418063949802	200	1024	4655	success	true	1dd7c2dde3d6cc132df35eb25eb41b0530c159de6fec82ea849e7a4c1ce3be7f	1784761418284711012	4762	1dd7c2dde3d6cc132df35eb25eb41b0530c159de6fec82ea849e7a4c1ce3be7f	true
C5	3	asyncs	measured	1024	28	28	1	800e1021c2ba423b8e1021c2ba823b5e	1784761417830698519	1784761418125716103	200	1024	4656	success	true	8ed812c8e4bd7f11861b249552964dbcab57e41f67332753d65ad809fb070537	1784761418137967425	4763	8ed812c8e4bd7f11861b249552964dbcab57e41f67332753d65ad809fb070537	true
C5	3	asyncs	measured	1024	29	29	1	9223fbb0d4f946ffa3fbb0d4f9c6ff5a	1784761417947129810	1784761418237884075	200	1024	4655	success	true	7e7e943e549372a714547e8d3ee9b62ba82e8120a475273a0dfd729e76e0ab22	1784761418249283770	4762	7e7e943e549372a714547e8d3ee9b62ba82e8120a475273a0dfd729e76e0ab22	true
C5	3	asyncs	measured	1024	30	30	1	499fa29c61294f349fa29c61297f34fe	1784761418138242162	1784761418392047596	200	1024	4655	success	true	b0f71734bdfe3681f8e4e6babcd26454208c9a8d2daa3cbbfe6fda3c98e79211	1784761418405600366	4762	b0f71734bdfe3681f8e4e6babcd26454208c9a8d2daa3cbbfe6fda3c98e79211	true
C5	3	asyncs	measured	1024	31	31	1	b97e4827a26a41a9be4827a26a51a948	1784761418249516298	1784761418572160902	200	1024	4655	success	true	c19caf7bb68e2d67e48172da80005dbf2479883d9a3f5873834c7bcb927952b1	1784761418585877625	4762	c19caf7bb68e2d67e48172da80005dbf2479883d9a3f5873834c7bcb927952b1	true
C5	3	asyncs	measured	1024	32	32	1	d9a7074430a340f9a7074430a3f0f939	1784761418284928265	1784761418599392228	200	1024	4655	success	true	c9b25b2e532d6bfad5f13c0cc4680e02a1a7676218e0de7b4e947165b752fb8a	1784761418609998079	4762	c9b25b2e532d6bfad5f13c0cc4680e02a1a7676218e0de7b4e947165b752fb8a	true
C5	3	asyncs	measured	1024	33	33	1	9f1beac27d8c4c219beac27d8ccc21aa	1784761418408671527	1784761418660945834	200	1024	4655	success	true	bba704f62343c3f5bdce7bb65d66e32dfd1945b7d7900a4044261996bdd6152d	1784761418672466382	4762	bba704f62343c3f5bdce7bb65d66e32dfd1945b7d7900a4044261996bdd6152d	true
C5	3	asyncs	measured	1024	34	34	1	b90778a4615b4dcf8778a4615b5dcf47	1784761418586137255	1784761418913464674	200	1024	4655	success	true	ca85b512a3f6ad96ab0d9b53beee3d1235bc966422139850d64b248e0cb10d20	1784761418927356930	4762	ca85b512a3f6ad96ab0d9b53beee3d1235bc966422139850d64b248e0cb10d20	true
C5	3	asyncs	measured	1024	35	35	1	72017596097647d48175960976d7d4f9	1784761418610249500	1784761418949359818	200	1024	4655	success	true	216777b8766c841348e08a6468ee0d893e42f815f23c1511ae4850e0ca2d53b5	1784761418965578944	4762	216777b8766c841348e08a6468ee0d893e42f815f23c1511ae4850e0ca2d53b5	true
C5	3	asyncs	measured	1024	36	36	1	6f060abd01fa4660860abd01faf66005	1784761418672726654	1784761418929586205	200	1024	4655	success	true	a19b9bc847e7cec548124e3e82a1e51a21edbadb31459934d85e6424b6c6620d	1784761418950756334	4762	a19b9bc847e7cec548124e3e82a1e51a21edbadb31459934d85e6424b6c6620d	true
C5	3	asyncs	measured	1024	37	37	1	362ed01cba164832aed01cba1668321e	1784761418927689231	1784761419206321011	200	1024	4656	success	true	9c6caddcf1e8d8ac8c1ececb702fa24b210ac25cb87ec922631643ac28261aca	1784761419220757532	4763	9c6caddcf1e8d8ac8c1ececb702fa24b210ac25cb87ec922631643ac28261aca	true
C5	3	asyncs	measured	1024	38	38	1	cdbb13021a6d48d4bb13021a6d18d4b0	1784761418951017038	1784761419266991335	200	1024	4655	success	true	ead778451089e986e36336c84377246cb742b5d5897105d0427943342ed3c1f9	1784761419277511419	4762	ead778451089e986e36336c84377246cb742b5d5897105d0427943342ed3c1f9	true
C5	3	asyncs	measured	1024	39	39	1	073806162a4346c7b806162a4316c72c	1784761418965778303	1784761419294213612	200	1024	4655	success	true	23595c5963f1b0deda08ea2d31ea3c6020ba9f9be8235d2a65cd954fc6b09a43	1784761419304843545	4762	23595c5963f1b0deda08ea2d31ea3c6020ba9f9be8235d2a65cd954fc6b09a43	true
C5	3	asyncs	measured	1024	40	40	1	a8c25284f2a74662825284f2a7566284	1784761419221084813	1784761419482890986	200	1024	4655	success	true	bd1a6cf7a456e95394eb2ab3c8b2b97c1069931359f19432c6ebb2403f858e81	1784761419491407047	4762	bd1a6cf7a456e95394eb2ab3c8b2b97c1069931359f19432c6ebb2403f858e81	true
C5	3	asyncs	measured	1024	41	41	1	422aa3aceba6486eaaa3aceba6f86e03	1784761419277833175	1784761419618135645	200	1024	4656	success	true	7017f2f78fd8e6bed28e09ccf07d988557cb3a74f3aa52f7b7eb131dc845fe73	1784761419848851880	4763	7017f2f78fd8e6bed28e09ccf07d988557cb3a74f3aa52f7b7eb131dc845fe73	true
C5	3	asyncs	measured	1024	42	42	1	b8292d00cebc4f40a92d00cebc8f4020	1784761419305067462	1784761419627925414	200	1024	4655	success	true	94f2507fbecbcc227b66191044eafd2533d7cd6de3d06396c8432df32fe818fd	1784761419858180140	4762	94f2507fbecbcc227b66191044eafd2533d7cd6de3d06396c8432df32fe818fd	true
C5	3	asyncs	measured	1024	43	43	1	b0091075ffa4430b891075ffa4a30b40	1784761419491704919	1784761419754382313	200	1024	4655	success	true	d8834e06a29740dff31f7244966d7c277e9e547e28f4e1060cea91a7167bf624	1784761419763004816	4762	d8834e06a29740dff31f7244966d7c277e9e547e28f4e1060cea91a7167bf624	true
C5	3	asyncs	measured	1024	44	44	1	681cd935afe6443f9cd935afe6543fc7	1784761419763293954	1784761420017437211	200	1024	4655	success	true	83f912d224ce75de7991c0fee98d71ad524136ae456972a3f5a3ae5bed0f15ef	1784761420031783826	4762	83f912d224ce75de7991c0fee98d71ad524136ae456972a3f5a3ae5bed0f15ef	true
C5	3	asyncs	measured	1024	45	45	1	0f600072e7b047aea00072e7b0b7ae4a	1784761419849149161	1784761420180964218	200	1024	4656	success	true	38c205fb95aba3ac290a4fa8cd91064b7db5fabe5c298b8bc4f3729bd125e61e	1784761420198469488	4763	38c205fb95aba3ac290a4fa8cd91064b7db5fabe5c298b8bc4f3729bd125e61e	true
C5	3	asyncs	measured	1024	46	46	1	d000c6cd60834aa380c6cd60836aa388	1784761419858440861	1784761420190063507	200	1024	4655	success	true	c56c03434515b7e61025cf6ae744a131140f51039545876efd5da90c0ebec99b	1784761420204758752	4762	c56c03434515b7e61025cf6ae744a131140f51039545876efd5da90c0ebec99b	true
C5	3	asyncs	measured	1024	47	47	1	b7f2c4adf2df4895b2c4adf2df289586	1784761420032097941	1784761420291007147	200	1024	4655	success	true	3e8f433ae4c54563d7ccaf94e95e164618625a731030daf5a2a442d9e42aa5bb	1784761420302551523	4762	3e8f433ae4c54563d7ccaf94e95e164618625a731030daf5a2a442d9e42aa5bb	true
C5	3	asyncs	measured	1024	48	48	1	6309fc9db7b8428989fc9db7b8b289a3	1784761420198788015	1784761420554616549	200	1024	4655	success	true	188db585dbf75206ac9832c314ac510744b9a679b403064de1efd6c5249f99f0	1784761420582397147	4762	188db585dbf75206ac9832c314ac510744b9a679b403064de1efd6c5249f99f0	true
C5	3	asyncs	measured	1024	49	49	1	85471c49b8fb4b30871c49b8fb3b30f1	1784761420206025622	1784761420531901021	200	1024	4656	success	true	3da79cfea2829d8e70c395a372e117300b322f51f4d74677164d1c3a6504477e	1784761420556434322	4763	3da79cfea2829d8e70c395a372e117300b322f51f4d74677164d1c3a6504477e	true
C5	3	asyncs	measured	1024	50	50	1	302a7fc589ed46deaa7fc589eda6deb3	1784761420304451613	1784761420593508082	200	1024	4655	success	true	c6e4afac9b1e64e19c0e4fc444e5f222c7f6362e7306f4c22d5f8b16260409e5	1784761420604577531	4762	c6e4afac9b1e64e19c0e4fc444e5f222c7f6362e7306f4c22d5f8b16260409e5	true
C5	3	asyncs	measured	1024	51	51	1	f0d54ba24a324ba8954ba24a324ba8b1	1784761420556752939	1784761420837634886	200	1024	4656	success	true	9b38cd4802cce57be3f11d13914eb7cb7c65e052abcebec377da8a9ba6f15e95	1784761420849210988	4763	9b38cd4802cce57be3f11d13914eb7cb7c65e052abcebec377da8a9ba6f15e95	true
C5	3	asyncs	measured	1024	52	52	1	b4b45c5e5a144103b45c5e5a144103a8	1784761420582647141	1784761420902215632	200	1024	4656	success	true	f6f6d224eb78fbfc264e0338b97d6d81a59d307b54f8e39f6c3c0e8c5f834598	1784761420924778253	4763	f6f6d224eb78fbfc264e0338b97d6d81a59d307b54f8e39f6c3c0e8c5f834598	true
C5	3	asyncs	measured	1024	53	53	1	6846e6aa72c0484c86e6aa72c0884cbb	1784761420604934252	1784761420938740858	200	1024	4655	success	true	25c545bfbbd6f0815398f2b6a6bcae32ad13cd2a384b9b9d361e48127d3c3877	1784761420947993619	4762	25c545bfbbd6f0815398f2b6a6bcae32ad13cd2a384b9b9d361e48127d3c3877	true
C5	3	asyncs	measured	1024	54	54	1	2f292db09a3440f4a92db09a3410f47b	1784761420849519786	1784761421108821928	200	1024	4655	success	true	9ecf5dac6ce701ad708d0c19c9786d718005286e82d34308dbe5d190d57d7e36	1784761421121190502	4762	9ecf5dac6ce701ad708d0c19c9786d718005286e82d34308dbe5d190d57d7e36	true
C5	3	asyncs	measured	1024	55	55	1	7183f897bf904d5b83f897bf901d5b4c	1784761420925051197	1784761421258037209	200	1024	4656	success	true	8734ab23abc5cd7f86238241965f6e0fe7c511766a6787a8bde2cca15d477ca1	1784761421271292230	4763	8734ab23abc5cd7f86238241965f6e0fe7c511766a6787a8bde2cca15d477ca1	true
C5	3	asyncs	measured	1024	56	56	1	79d3170d2a2d4fa593170d2a2ddfa578	1784761420948219335	1784761421274775266	200	1024	4655	success	true	0468d75c20588a1df9bbac39242062b5660c19856880c0a52fb73d808b663d27	1784761421293470751	4762	0468d75c20588a1df9bbac39242062b5660c19856880c0a52fb73d808b663d27	true
C5	3	asyncs	measured	1024	57	57	1	70c34d5ffc1c444b834d5ffc1c544b52	1784761421121414305	1784761421381855673	200	1024	4655	success	true	4b889acffac844687acde6c77ddff70b02de197f5e5b1db008b6a0c40b242a57	1784761421390807801	4762	4b889acffac844687acde6c77ddff70b02de197f5e5b1db008b6a0c40b242a57	true
C5	3	asyncs	measured	1024	58	58	1	90c086da693a4f388086da693a0f3825	1784761421271631209	1784761421597119166	200	1024	4656	success	true	b1996b9255016b87a39e9a00d3a4135dbebd38b30671998f9741cbfe4e3f062f	1784761421605374916	4763	b1996b9255016b87a39e9a00d3a4135dbebd38b30671998f9741cbfe4e3f062f	true
C5	3	asyncs	measured	1024	59	59	1	985f86ebf91d43569f86ebf91d535682	1784761421293709728	1784761421618184363	200	1024	4655	success	true	e23567aca7e13394c39fde97b4e14f37e02090ad2333c8ae7e6e14ebe6a5d3a8	1784761421636035360	4762	e23567aca7e13394c39fde97b4e14f37e02090ad2333c8ae7e6e14ebe6a5d3a8	true
C5	3	asyncs	measured	1024	60	60	1	a9adacb626e04435adacb626e01435c5	1784761421391078744	1784761421651481546	200	1024	4655	success	true	b8f69337a61eda3680df8ffc450eb0501e00fcd7161bf60f0291d7330dba56a5	1784761421872977706	4762	b8f69337a61eda3680df8ffc450eb0501e00fcd7161bf60f0291d7330dba56a5	true
C5	3	asyncs	measured	1024	61	61	1	fa441f0b20ca44d5841f0b20cad4d50c	1784761421605658472	1784761421886834826	200	1024	4656	success	true	ef2a208f1e28924166efd63b2169dcfc16d8dcb20eeb7697bd486edd85cdf64f	1784761421896426434	4763	ef2a208f1e28924166efd63b2169dcfc16d8dcb20eeb7697bd486edd85cdf64f	true
C5	3	asyncs	measured	1024	62	62	1	bc984d9ed1564380984d9ed15623802f	1784761421636321435	1784761421912825573	200	1024	4656	success	true	7ce97e224221f4f968c26a203c9ce6014b35e4b60f6619768ee1dd1bb05800e7	1784761422133071858	4763	7ce97e224221f4f968c26a203c9ce6014b35e4b60f6619768ee1dd1bb05800e7	true
C5	3	asyncs	measured	1024	63	63	1	08a3d658a13a4a6da3d658a13a4a6dc9	1784761421873296299	1784761422147824399	200	1024	4656	success	true	0c7cb7b4a2b8f3dde5941005123cb2d015adc500c892b3e466f263f3253a13d6	1784761422157509025	4763	0c7cb7b4a2b8f3dde5941005123cb2d015adc500c892b3e466f263f3253a13d6	true
C5	3	asyncs	measured	1024	64	64	1	1fb14714c7804a3db14714c7809a3d0b	1784761421896662736	1784761422172586403	200	1024	4655	success	true	f8cf3bfbf9afbd49a7e3ce3d0fa55b264dd25eb2886d90d5d3c42ed10c5ab06d	1784761422183813311	4762	f8cf3bfbf9afbd49a7e3ce3d0fa55b264dd25eb2886d90d5d3c42ed10c5ab06d	true
C5	3	asyncs	measured	1024	65	65	1	93d7a20e505849bb97a20e505899bbc4	1784761422133372454	1784761422462547084	200	1024	4656	success	true	279ae289b069bd528da6321bf8f6581fc873f46f68bc757431c8b539461a3009	1784761422472711255	4763	279ae289b069bd528da6321bf8f6581fc873f46f68bc757431c8b539461a3009	true
C5	3	asyncs	measured	1024	66	66	1	0105892201d049b185892201d059b1c4	1784761422157859132	1784761422430610616	200	1024	4655	success	true	2894933dc203a25badd4e97f40a40d385619a6dbb58b3aa52d29e14612634e93	1784761422442454555	4762	2894933dc203a25badd4e97f40a40d385619a6dbb58b3aa52d29e14612634e93	true
C5	3	asyncs	measured	1024	67	67	1	31e3dc1a58ec4b94a3dc1a58ec7b94d4	1784761422184117530	1784761422501729112	200	1024	4655	success	true	24d8be29dc90129fe86ac677733e9ed48a1c0345bf0d3af5fa746aeb556c1037	1784761422727089238	4762	24d8be29dc90129fe86ac677733e9ed48a1c0345bf0d3af5fa746aeb556c1037	true
C5	3	asyncs	measured	1024	68	68	1	f3d44a41c1334be6944a41c1332be6d2	1784761422442820440	1784761422705342963	200	1024	4656	success	true	5ed2f12de9b59ec56cf79d09fa34d0516426452a30a17ace4a697c4997588638	1784761422930413648	4763	5ed2f12de9b59ec56cf79d09fa34d0516426452a30a17ace4a697c4997588638	true
C5	3	asyncs	measured	1024	69	69	1	b3e30b49784143a1a30b49784123a1ba	1784761422472984216	1784761422741896802	200	1024	4655	success	true	3dd66ed2a91de9245c5b8ecfc148818eadf0ff47dcd6244c7eca0caec88b5fe7	1784761422760818438	4762	3dd66ed2a91de9245c5b8ecfc148818eadf0ff47dcd6244c7eca0caec88b5fe7	true
C5	3	asyncs	measured	1024	70	70	1	462eb842d5534df8aeb842d5537df86f	1784761422727363424	1784761422997638072	200	1024	4656	success	true	fd746153e057d1981fcf42916d6ad536b7b1a2f30fcb3bbeb668fc4a9e564d19	1784761423011030091	4763	fd746153e057d1981fcf42916d6ad536b7b1a2f30fcb3bbeb668fc4a9e564d19	true
C5	3	asyncs	measured	1024	71	71	1	83f184051b5e47feb184051b5e97febf	1784761422761138687	1784761423030079842	200	1024	4655	success	true	f2d3f0bd24388183af085d5c5f9931cf6a7ac2cf3d061cd03c2f2bbc4b120314	1784761423040965018	4762	f2d3f0bd24388183af085d5c5f9931cf6a7ac2cf3d061cd03c2f2bbc4b120314	true
C5	3	asyncs	measured	1024	72	72	1	a1bb61fbd0194c53bb61fbd0193c538f	1784761422930676059	1784761423257666848	200	1024	4655	success	true	f72cfb7ab62ab6e472df51c3cd5c36b4333e1c5479dc116bf02e8597e2698dff	1784761423309604101	4762	f72cfb7ab62ab6e472df51c3cd5c36b4333e1c5479dc116bf02e8597e2698dff	true
C5	3	asyncs	measured	1024	73	73	1	487fd5f4b6804bf9bfd5f4b6808bf966	1784761423011344316	1784761423275909774	200	1024	4655	success	true	aad39f0013610b6a6f54630bfbb093bdf4fdc8a82a29356f6576c3984a65b7d9	1784761423292879247	4762	aad39f0013610b6a6f54630bfbb093bdf4fdc8a82a29356f6576c3984a65b7d9	true
C5	3	asyncs	measured	1024	74	74	1	6786bc314b7d435686bc314b7dc35681	1784761423041319874	1784761423354827109	200	1024	4656	success	true	d8e51df7d35103e3b19a481cad2dabbda31dc98a0af299c2b46bc8d4459e05f5	1784761423366966607	4763	d8e51df7d35103e3b19a481cad2dabbda31dc98a0af299c2b46bc8d4459e05f5	true
C5	3	asyncs	measured	1024	75	75	1	592de53f8f4f4fc9ade53f8f4fffc954	1784761423293257607	1784761423585241169	200	1024	4656	success	true	a99fe5bdbd8e71257b33e10b10f436d1e44035c0a4ff65e4b3de1d60e2e0569b	1784761423598364888	4763	a99fe5bdbd8e71257b33e10b10f436d1e44035c0a4ff65e4b3de1d60e2e0569b	true
C5	3	asyncs	measured	1024	76	76	1	7149091c4e874e5489091c4e87be54b2	1784761423320306061	1784761423645380767	200	1024	4656	success	true	2034a05b5674558ddff7e85d2804e46d4141e0cfaf7eda3ab2bf1710a748301f	1784761423655700589	4763	2034a05b5674558ddff7e85d2804e46d4141e0cfaf7eda3ab2bf1710a748301f	true
C5	3	asyncs	measured	1024	77	77	1	5fd71291777e4c81971291777e7c813c	1784761423367312963	1784761423694465163	200	1024	4656	success	true	bd896b943c67b21c1a5a85eca840c8a86405ee4af5f8ab1aa565ff76e51f9e8d	1784761423703488628	4763	bd896b943c67b21c1a5a85eca840c8a86405ee4af5f8ab1aa565ff76e51f9e8d	true
C5	3	asyncs	measured	1024	78	78	1	a0da007ba3404f589a007ba340bf5827	1784761423600612359	1784761423869341901	200	1024	4655	success	true	1e1e256ca1c8d3521a86031ebba041a45bbe86f33a4d53479dec8193442c19c3	1784761423879332463	4762	1e1e256ca1c8d3521a86031ebba041a45bbe86f33a4d53479dec8193442c19c3	true
C5	3	asyncs	measured	1024	79	79	1	7b755ec69c1f43f3b55ec69c1fb3f3c5	1784761423655986559	1784761424001780884	200	1024	4656	success	true	b973612dd0d1a25cc669eb32bd43c712e60d8a9159b37f5d75e0c7cf6d6b7ef1	1784761424021923302	4763	b973612dd0d1a25cc669eb32bd43c712e60d8a9159b37f5d75e0c7cf6d6b7ef1	true
C5	3	asyncs	measured	1024	80	80	1	aabbf3c3da024961bbf3c3da027961a6	1784761423703825435	1784761424024043244	200	1024	4656	success	true	e30d4c70047c50496374e15acb919dd40bada7aa4654edcd9f35b4152efdfc05	1784761424044606813	4763	e30d4c70047c50496374e15acb919dd40bada7aa4654edcd9f35b4152efdfc05	true
C5	3	asyncs	measured	1024	81	81	1	61629dc12b4841dba29dc12b4821dbf7	1784761423879641054	1784761424145507142	200	1024	4656	success	true	cba3fe5e2403fdb29df1c80397eee619bffea96d9d3cc59850061ce0417d5834	1784761424158090993	4763	cba3fe5e2403fdb29df1c80397eee619bffea96d9d3cc59850061ce0417d5834	true
C5	3	asyncs	measured	1024	82	82	1	c3a16e87669c4185a16e87669cb18555	1784761424025424441	1784761424354126988	200	1024	4656	success	true	113df22a4f51bad017f0c5aa9e2c365543f6de441ff871d56c0f99a0f6b21bb1	1784761424361633432	4763	113df22a4f51bad017f0c5aa9e2c365543f6de441ff871d56c0f99a0f6b21bb1	true
C5	3	asyncs	measured	1024	83	83	1	6d93d909c15a44f893d909c15ab4f8ae	1784761424044878708	1784761424381422907	200	1024	4656	success	true	2b7e013331e51a4439253ac9c2959536fd6635daeb9cc75c35e8b655a04ed939	1784761424389356206	4763	2b7e013331e51a4439253ac9c2959536fd6635daeb9cc75c35e8b655a04ed939	true
C5	3	asyncs	measured	1024	84	84	1	bded535726cc4b17ad535726ccfb17f5	1784761424158357376	1784761424422018626	200	1024	4655	success	true	cda350f4e11957af37c23ce6c4170e84669b60a918b2037a0d963daddbffb9d8	1784761424429186774	4762	cda350f4e11957af37c23ce6c4170e84669b60a918b2037a0d963daddbffb9d8	true
C5	3	asyncs	measured	1024	85	85	1	fea18adc9d664c81a18adc9d66cc811e	1784761424361974663	1784761424699544254	200	1024	4656	success	true	32b3bd636572857a6d81eac9c6b86916aad9d0165d24ac50727f94e770cc9abe	1784761424721934850	4763	32b3bd636572857a6d81eac9c6b86916aad9d0165d24ac50727f94e770cc9abe	true
C5	3	asyncs	measured	1024	86	86	1	4d540493babf4538940493babfa538d7	1784761424389676269	1784761424707949350	200	1024	4655	success	true	2d4cda85761ab63aa6f61bbe86e5f5c16117279a6ad4d0f9483a51833662a969	1784761424940755533	4762	2d4cda85761ab63aa6f61bbe86e5f5c16117279a6ad4d0f9483a51833662a969	true
C5	3	asyncs	measured	1024	87	87	1	94b36d6399d0492bb36d6399d0292b95	1784761424429432545	1784761424686408392	200	1024	4655	success	true	1deaa939e416787524d943a09040c2ce0395aa2f9be88031318e58df318b8e98	1784761424918755930	4762	1deaa939e416787524d943a09040c2ce0395aa2f9be88031318e58df318b8e98	true
C5	3	asyncs	measured	1024	88	88	1	d6d0ff28b003459090ff28b003e59005	1784761424722290807	1784761424988217633	200	1024	4656	success	true	69f817df5f7ff02620fca082dc899b3ab88e6b08d7329d34cce22c8911b1634e	1784761424998076685	4763	69f817df5f7ff02620fca082dc899b3ab88e6b08d7329d34cce22c8911b1634e	true
C5	3	asyncs	measured	1024	89	89	1	89d9cc83895f483399cc83895fe833ec	1784761424919077164	1784761425237159966	200	1024	4656	success	true	83e38b0eb372ae5ea269d1a36810539cacd6d5d6803b056ae38cb6d638cfbdf2	1784761425248077566	4763	83e38b0eb372ae5ea269d1a36810539cacd6d5d6803b056ae38cb6d638cfbdf2	true
C5	3	asyncs	measured	1024	90	90	1	e8dc60de14b949049c60de14b969040b	1784761424941062475	1784761425279142322	200	1024	4655	success	true	b70855197e6c8ffdd119720ed5f78f932e77cb5e1f1e245866ddf8394b0f0f83	1784761425287698840	4762	b70855197e6c8ffdd119720ed5f78f932e77cb5e1f1e245866ddf8394b0f0f83	true
C5	3	asyncs	measured	1024	91	91	1	40b7d959487e4798b7d959487e579867	1784761424998440923	1784761425267685320	200	1024	4655	success	true	c6c2838123541234880ea44b5e21f109f2020d05948576aca9873f935bbdb29a	1784761425492886763	4762	c6c2838123541234880ea44b5e21f109f2020d05948576aca9873f935bbdb29a	true
C5	3	asyncs	measured	1024	92	92	1	7f2324aaa8a34d43a324aaa8a3dd4343	1784761425248449169	1784761425521027729	200	1024	4656	success	true	8824018c6540115f5cdbf6e341ccf88847566063db5b293b2999c7f13885cae6	1784761425737502914	4763	8824018c6540115f5cdbf6e341ccf88847566063db5b293b2999c7f13885cae6	true
C5	3	asyncs	measured	1024	93	93	1	ad3fb9de5aaa4aaabfb9de5aaafaaafc	1784761425287982343	1784761425559036948	200	1024	4656	success	true	6dafa58687426f71156c5c0da3e58a4b5886f1f6b5d2e940f67fe9c7418fe74b	1784761425782885346	4763	6dafa58687426f71156c5c0da3e58a4b5886f1f6b5d2e940f67fe9c7418fe74b	true
C5	3	asyncs	measured	1024	94	94	1	9b3dbfd15c95497abdbfd15c95097a4b	1784761425493187128	1784761425765577435	200	1024	4655	success	true	ab79c1b8b3e64c98bd6ce984387d62880a4e0e0afdee150887d82b050b93c411	1784761425780680903	4762	ab79c1b8b3e64c98bd6ce984387d62880a4e0e0afdee150887d82b050b93c411	true
C5	3	asyncs	measured	1024	95	95	1	e973dac5a62b465db3dac5a62bc65de7	1784761425737793616	1784761425999572929	200	1024	4655	success	true	e36b29cfd98cbdb3dd13891e7a9b83febb96a0f1f1dde7486dd8a8f9591202d7	1784761426016819277	4762	e36b29cfd98cbdb3dd13891e7a9b83febb96a0f1f1dde7486dd8a8f9591202d7	true
C5	3	asyncs	measured	1024	96	96	1	b0c7c9e7239347be87c9e7239397be0b	1784761425781032904	1784761426105764730	200	1024	4656	success	true	aff0fd2acd0ff8d66bde82380c818dc9aa9affe1ac180df46cfae07fa6fe6bac	1784761426122859818	4763	aff0fd2acd0ff8d66bde82380c818dc9aa9affe1ac180df46cfae07fa6fe6bac	true
C5	3	asyncs	measured	1024	97	97	1	db5756e8078a4bb19756e8078aebb1b9	1784761425794488455	1784761426118714650	200	1024	4655	success	true	0b6b4da314421c6934f83139597a13a8ee157e669e2dab4cee51c9397393ee69	1784761426134206736	4762	0b6b4da314421c6934f83139597a13a8ee157e669e2dab4cee51c9397393ee69	true
C5	3	asyncs	measured	1024	98	98	1	3cfe102302e344f4be102302e324f457	1784761426017138389	1784761426278717644	200	1024	4656	success	true	5659ac10de07cf07c945cd75a1dd5d08d9ac9eda4e6be7c4e95d6421c1d0309c	1784761426295198712	4763	5659ac10de07cf07c945cd75a1dd5d08d9ac9eda4e6be7c4e95d6421c1d0309c	true
C5	3	asyncs	measured	1024	99	99	1	903d249af56341ddbd249af56391dd2a	1784761426123247350	1784761426457753140	200	1024	4656	success	true	38d16f8247ebceb1ff6771da8d7090e15c505ddd9324f088c3a5bbf632352a4f	1784761426480921774	4763	38d16f8247ebceb1ff6771da8d7090e15c505ddd9324f088c3a5bbf632352a4f	true
C5	3	asyncs	measured	1024	100	100	1	25d93f3d8364450f993f3d8364050f7f	1784761426139315614	1784761426469184080	200	1024	4655	success	true	8d4fae98846fba4c9b6196c5fab4b0a1af4ca0d14f30c59157c1f927e17d2c06	1784761426482936426	4762	8d4fae98846fba4c9b6196c5fab4b0a1af4ca0d14f30c59157c1f927e17d2c06	true
C5	3	asyncs	measured	1024	101	101	1	8682dd34141443d482dd34141493d493	1784761426295519963	1784761426594241349	200	1024	4655	success	true	48dee5b5135f9b4cc466a089c225b0f4d1d0a6d131ce21fbc1d7cf336416a540	1784761426602860351	4655	48dee5b5135f9b4cc466a089c225b0f4d1d0a6d131ce21fbc1d7cf336416a540	true
C5	3	asyncs	measured	1024	102	102	1	bac59194842d4122859194842d812270	1784761426481285139	1784761426819240296	200	1024	4656	success	true	40bbb24b03e7fa65588bf22c734b55838692af580859b7f8912050084b867ecf	1784761426831105277	4763	40bbb24b03e7fa65588bf22c734b55838692af580859b7f8912050084b867ecf	true
C5	3	asyncs	measured	1024	103	103	1	c894e2c72f8446a394e2c72f84a6a3a2	1784761426491213845	1784761426828085788	200	1024	4656	success	true	6e000b174df67383b8dd0083feb8c03421cf4174330a53239c6f099f33877e20	1784761427061175568	4763	6e000b174df67383b8dd0083feb8c03421cf4174330a53239c6f099f33877e20	true
C5	3	asyncs	measured	1024	104	104	1	3c603f087b9a4809a03f087b9a980919	1784761426603197972	1784761426869344941	200	1024	4655	success	true	9d134272647685553eaa4917b462f7d3207e06b7be0dc66d15ccf7ee289b10af	1784761427085927150	4870	9d134272647685553eaa4917b462f7d3207e06b7be0dc66d15ccf7ee289b10af	true
C5	3	asyncs	measured	1024	105	105	1	1f69406c619e4c9ea9406c619e5c9e6c	1784761426831499492	1784761427098689774	200	1024	4655	success	true	da359d3796bb0b037a4481938cab2f16ace11028f074ed4c566a7e91bed1bcb8	1784761427111662341	4762	da359d3796bb0b037a4481938cab2f16ace11028f074ed4c566a7e91bed1bcb8	true
C5	3	asyncs	measured	1024	106	106	1	8c86a5046395454986a504639595492f	1784761427061484997	1784761427333412648	200	1024	4655	success	true	a195d1941ed2686655e1923227ceeaed4dba40da320d7e80c7b14c22022da3eb	1784761427346591944	4762	a195d1941ed2686655e1923227ceeaed4dba40da320d7e80c7b14c22022da3eb	true
C5	3	asyncs	measured	1024	107	107	1	468603c7dced40498603c7dced3049af	1784761427086169343	1784761427400630493	200	1024	4655	success	true	02eedb94b3b75d9f1f9fa79a7bf4401a74765c4cd0df4a62bb6af59bc9d90833	1784761427415757019	4762	02eedb94b3b75d9f1f9fa79a7bf4401a74765c4cd0df4a62bb6af59bc9d90833	true
C5	3	asyncs	measured	1024	108	108	1	97510924ca9b4f93910924ca9b2f93ad	1784761427112211072	1784761427459408889	200	1024	4656	success	true	ec6f962cbb75aaad52a17da54ad5a7998dec59853102e4abc6af2b2950b03361	1784761427468066252	4763	ec6f962cbb75aaad52a17da54ad5a7998dec59853102e4abc6af2b2950b03361	true
C5	3	asyncs	measured	1024	109	109	1	aa0a8c1873bb494f8a8c1873bba94f6e	1784761427346910474	1784761427610791255	200	1024	4655	success	true	a97a4fc8228666a0c57f8795c58e2f4a1133e513fc9ff0e0111ddcc8699a61a0	1784761427626447385	4762	a97a4fc8228666a0c57f8795c58e2f4a1133e513fc9ff0e0111ddcc8699a61a0	true
C5	3	asyncs	measured	1024	110	110	1	82934e02931d4a34934e02931d5a34ec	1784761427416153209	1784761427758997647	200	1024	4656	success	true	076c2e2fbb08b3801b77dee200f14a8efc707f78c49d5372f44cc23c4b1806fb	1784761427772581753	4763	076c2e2fbb08b3801b77dee200f14a8efc707f78c49d5372f44cc23c4b1806fb	true
C5	3	asyncs	measured	1024	111	111	1	dc04039ba263404784039ba26360479f	1784761427468355913	1784761427806402304	200	1024	4656	success	true	8b9018aaf65bc100040dd22606888ae108aedb65454c16d2b7bda1d3113440c5	1784761427817000366	4763	8b9018aaf65bc100040dd22606888ae108aedb65454c16d2b7bda1d3113440c5	true
C5	3	asyncs	measured	1024	112	112	1	03a8fb1a59634a56a8fb1a59630a56df	1784761427626866176	1784761427888009514	200	1024	4656	success	true	79c33341dc50f20b4b6493442f5987bf39b0a33dc823d38b604e02e58b558ada	1784761427897872709	4763	79c33341dc50f20b4b6493442f5987bf39b0a33dc823d38b604e02e58b558ada	true
C5	3	asyncs	measured	1024	113	113	1	f10c247d53ea4ca18c247d53eabca15c	1784761427773014896	1784761428096425471	200	1024	4655	success	true	5fa070dba0d6b703be22d3106cba51c184ae1732e5eb23370cb9f586229a4e87	1784761428105050334	4762	5fa070dba0d6b703be22d3106cba51c184ae1732e5eb23370cb9f586229a4e87	true
C5	3	asyncs	measured	1024	114	114	1	495a3eec131344b09a3eec131344b0c9	1784761427817301426	1784761428171978891	200	1024	4656	success	true	6facadad303cd87cf353d73172827073809c32610640aaaa13766191f85b30c7	1784761428179720230	4763	6facadad303cd87cf353d73172827073809c32610640aaaa13766191f85b30c7	true
C5	3	asyncs	measured	1024	115	115	1	ffbd673c618544cebd673c618534cef7	1784761427898213719	1784761428163280038	200	1024	4655	success	true	89c5b9c86f02236ff7b51726d2f8b28c904f8af746334ee08ddc9582e54b6bec	1784761428383334653	4762	89c5b9c86f02236ff7b51726d2f8b28c904f8af746334ee08ddc9582e54b6bec	true
C5	3	asyncs	measured	1024	116	116	1	505ffafc322c46709ffafc322cb67070	1784761428105374335	1784761428399778932	200	1024	4655	success	true	3930c547229f8c86856ecbce8ccaa6bb0089d87a4dd97c8800741bac93cd8ae0	1784761428412030903	4762	3930c547229f8c86856ecbce8ccaa6bb0089d87a4dd97c8800741bac93cd8ae0	true
C5	3	asyncs	measured	1024	117	117	1	0d7c25003d9544b7bc25003d9534b7f5	1784761428180089697	1784761428441050213	200	1024	4655	success	true	fbdb844281bb7af237cc225e3ee6d09689fbf5381c31ea4fcb89cd7613511b55	1784761428450940399	4762	fbdb844281bb7af237cc225e3ee6d09689fbf5381c31ea4fcb89cd7613511b55	true
C5	3	asyncs	measured	1024	118	118	1	9e26b9e47d344e60a6b9e47d342e60fa	1784761428383729525	1784761428708900325	200	1024	4656	success	true	87fbe933757754c4122fd9303ae96f56aa64122058d278d71f3a84f9f8c96d29	1784761428726500507	4763	87fbe933757754c4122fd9303ae96f56aa64122058d278d71f3a84f9f8c96d29	true
C5	3	asyncs	measured	1024	119	119	1	fb70e801e3f04360b0e801e3f0136080	1784761428412288050	1784761428748451941	200	1024	4655	success	true	212dd3e7dac26e1a1df6227557af626780b07fb7471069dc5cfccfe4badd6d1f	1784761428760785203	4762	212dd3e7dac26e1a1df6227557af626780b07fb7471069dc5cfccfe4badd6d1f	true
C5	3	asyncs	measured	1024	120	120	1	2a01f2b1bfd7400881f2b1bfd730083f	1784761428451229943	1784761428715284370	200	1024	4655	success	true	b71fd95b5f0819f63fe4949de2ab4dd1102f21f95cb78e18ce081f3724863050	1784761428933221519	4762	b71fd95b5f0819f63fe4949de2ab4dd1102f21f95cb78e18ce081f3724863050	true
C5	3	asyncs	measured	1024	121	121	1	825a135047a34e3d9a135047a3ee3da2	1784761428726847203	1784761429016686690	200	1024	4656	success	true	f358018486550c86be65b4d2561e96159dd55cac0b8492324d7fa09fed939c00	1784761429025729953	4763	f358018486550c86be65b4d2561e96159dd55cac0b8492324d7fa09fed939c00	true
C5	3	asyncs	measured	1024	122	122	1	5a0d9490711c4a068d9490711c6a0656	1784761428761077539	1784761429042311580	200	1024	4656	success	true	117b8d3d75623a7a863219980c3c8545aaca050101d05afdab90a1fe95aa1731	1784761429061903141	4763	117b8d3d75623a7a863219980c3c8545aaca050101d05afdab90a1fe95aa1731	true
C5	3	asyncs	measured	1024	123	123	1	a661cba132fc4b6ea1cba132fc1b6e9b	1784761428936376862	1784761429255246482	200	1024	4655	success	true	4c1c1ec658dae052e2ad0a76872a1433e3cd5d86131e08847235d4e0d60b6379	1784761429264956323	4762	4c1c1ec658dae052e2ad0a76872a1433e3cd5d86131e08847235d4e0d60b6379	true
C5	3	asyncs	measured	1024	124	124	1	c6035394858b4695835394858bf695e6	1784761429026060816	1784761429301484227	200	1024	4656	success	true	fbd0e04d545ff088518f18defe0280413d17e7771dc6e1c8f1d3efd801cf0336	1784761429526086055	4763	fbd0e04d545ff088518f18defe0280413d17e7771dc6e1c8f1d3efd801cf0336	true
C5	3	asyncs	measured	1024	125	125	1	bc82b633ec17424882b633ec17b2480e	1784761429062265924	1784761429385179263	200	1024	4656	success	true	02703b4c444ade602ab07b40cf4b97bfa117c5c0b1903a940754c743728f14dc	1784761429393085431	4763	02703b4c444ade602ab07b40cf4b97bfa117c5c0b1903a940754c743728f14dc	true
C5	3	asyncs	measured	1024	126	126	1	5fa687e785214b38a687e785211b3890	1784761429265276624	1784761429548072472	200	1024	4655	success	true	93d417244bd3f466b37f8d7269969b98c3eb3e492b6f032d25f4cf980ad5616c	1784761429560741647	4762	93d417244bd3f466b37f8d7269969b98c3eb3e492b6f032d25f4cf980ad5616c	true
C5	3	asyncs	measured	1024	127	127	1	6ecadd58af6044498add58af60d44948	1784761429393402648	1784761429657926925	200	1024	4655	success	true	7bfb9aa688789d18e222017855ef4cfb8ca3441b6d47dad1beb7da9d60e681fb	1784761429668176247	4762	7bfb9aa688789d18e222017855ef4cfb8ca3441b6d47dad1beb7da9d60e681fb	true
C5	3	asyncs	measured	1024	128	128	1	623ab0c270644ebdbab0c27064febd9f	1784761429526404013	1784761429924874423	200	1024	4655	success	true	75b4a3540e5fc37c9b0aa0e793051d7fd7ebe684f8aa5e6895ed13afa7d2e240	1784761429933734382	4762	75b4a3540e5fc37c9b0aa0e793051d7fd7ebe684f8aa5e6895ed13afa7d2e240	true
C5	3	asyncs	measured	1024	129	129	1	6d422934acb0470c822934acb0970c82	1784761429561139448	1784761430013303689	200	1024	4655	success	true	2a0a3b922c541a4cf128d1579b9d5dee40adde6ec78df9b1deb0fca832f34c50	1784761430023644422	4762	2a0a3b922c541a4cf128d1579b9d5dee40adde6ec78df9b1deb0fca832f34c50	true
C5	3	asyncs	measured	1024	130	130	1	1d4727fed3e74e1a8727fed3e75e1ad9	1784761429668649846	1784761429948515603	200	1024	4656	success	true	601792e0f59d0d5bd91eabbcec4c067fd096eb844bf8028f97c8e3765f24bff6	1784761429966869450	4763	601792e0f59d0d5bd91eabbcec4c067fd096eb844bf8028f97c8e3765f24bff6	true
C5	3	asyncs	measured	1024	131	131	1	b9c4a17fb54240e284a17fb54220e244	1784761429934068487	1784761430211948635	200	1024	4656	success	true	17caf1a28be38d50c6769c9e0bd8c5d507a7a49a732423ecb46f03f21e5dd22d	1784761430220185084	4763	17caf1a28be38d50c6769c9e0bd8c5d507a7a49a732423ecb46f03f21e5dd22d	true
C5	3	asyncs	measured	1024	132	132	1	87ab5deaa84e4369ab5deaa84e636948	1784761429967217913	1784761430281047980	200	1024	4656	success	true	95ed64b29de4040a9723cad9c6d52d95ce7321456c41559209c3a9162340e77d	1784761430291541139	4763	95ed64b29de4040a9723cad9c6d52d95ce7321456c41559209c3a9162340e77d	true
C5	3	asyncs	measured	1024	133	133	1	9a1fb82d69f04c7a9fb82d69f0fc7aa3	1784761430024113161	1784761430366574147	200	1024	4656	success	true	36fa5b722e2baaf29b8ad51a48f462a886dc05c4088e302c8e896a0f5f637348	1784761430374713421	4763	36fa5b722e2baaf29b8ad51a48f462a886dc05c4088e302c8e896a0f5f637348	true
C5	3	asyncs	measured	1024	134	134	1	58f03ac08be34788b03ac08be3e788c2	1784761430224698361	1784761430492886413	200	1024	4655	success	true	41335346169aad30a37a53a102cb1a53bf841c58ea52d883a46adbb76953a7ab	1784761430502796363	4762	41335346169aad30a37a53a102cb1a53bf841c58ea52d883a46adbb76953a7ab	true
C5	3	asyncs	measured	1024	135	135	1	dddb238c534446c09b238c534446c067	1784761430291872770	1784761430618678150	200	1024	4656	success	true	0c1218a58035ff9abd9abe064d91e9b0d63325080c90a3465137ff5501780527	1784761430631093196	4763	0c1218a58035ff9abd9abe064d91e9b0d63325080c90a3465137ff5501780527	true
C5	3	asyncs	measured	1024	136	136	1	2d6abe529a494c71aabe529a49dc717b	1784761430375067329	1784761430725038300	200	1024	4655	success	true	e05cde2cdcb5472bb5769b6c4fa7e31e6194eb765cb248c6d86772cf0c0d1a75	1784761430955886829	4762	e05cde2cdcb5472bb5769b6c4fa7e31e6194eb765cb248c6d86772cf0c0d1a75	true
C5	3	asyncs	measured	1024	137	137	1	ca6693baee714d93a693baee713d9399	1784761430503131586	1784761430767911330	200	1024	4656	success	true	2fa40aae4b23dce3b5bfe0c70f0a860cd16fa7e2924787aab4b9990027b36fc5	1784761430986978363	4763	2fa40aae4b23dce3b5bfe0c70f0a860cd16fa7e2924787aab4b9990027b36fc5	true
C5	3	asyncs	measured	1024	138	138	1	d1dbcfdfe21b42c19bcfdfe21ba2c1c0	1784761430631417676	1784761430947445043	200	1024	4655	success	true	d79fcf57f0bab770fa79a1d73528c939e63915755c61c7f945cec375ff2d272e	1784761431167502487	4762	d79fcf57f0bab770fa79a1d73528c939e63915755c61c7f945cec375ff2d272e	true
C5	3	asyncs	measured	1024	139	139	1	9b53e09b33934b2d93e09b3393bb2d2f	1784761430956257893	1784761431224331258	200	1024	4656	success	true	41f98be66a5e160346b6e4832042864d46341f3c309824d67e80cfbe4edd62f7	1784761431234800956	4763	41f98be66a5e160346b6e4832042864d46341f3c309824d67e80cfbe4edd62f7	true
C5	3	asyncs	measured	1024	140	140	1	f8c580ca95ed42158580ca95ed62151d	1784761430987253082	1784761431265970036	200	1024	4655	success	true	3d944b0cfa50f1a59a5fdcebea9d68a0ff69d9be5684c29e9b0a639bb9eb2863	1784761431279869222	4762	3d944b0cfa50f1a59a5fdcebea9d68a0ff69d9be5684c29e9b0a639bb9eb2863	true
C5	3	asyncs	measured	1024	141	141	1	5fb1ab59220f4de2b1ab59220f2de2e4	1784761431167822936	1784761431494145565	200	1024	4655	success	true	6c0b000792f5bd53a2eb0c02df8d67156afc35b2b514d26350095e05677d63be	1784761431515957492	4762	6c0b000792f5bd53a2eb0c02df8d67156afc35b2b514d26350095e05677d63be	true
C5	3	asyncs	measured	1024	142	142	1	350344f74d5d45b28344f74d5dd5b200	1784761431235143872	1784761431503253061	200	1024	4656	success	true	130379cf69dbb740a75bcb1ad70a9575c7dce898adc5e4d0d163534105f8ccf0	1784761431517196424	4763	130379cf69dbb740a75bcb1ad70a9575c7dce898adc5e4d0d163534105f8ccf0	true
C5	3	asyncs	measured	1024	143	143	1	d528778e45ed4515a8778e45edf5151d	1784761431280209442	1784761431604563762	200	1024	4656	success	true	f4cb2cafb3a4a0055bd3727f9e42315c3613c976db2db9fd2cb3eed8b1318d75	1784761431612731091	4763	f4cb2cafb3a4a0055bd3727f9e42315c3613c976db2db9fd2cb3eed8b1318d75	true
C5	3	asyncs	measured	1024	144	144	1	615844c4556b440a9844c4556b040a42	1784761431516351697	1784761431778872883	200	1024	4655	success	true	f609ea553e885c1c8870571b1d9275e0d8a76f1f1a2f599b916eaf2f1a240226	1784761431786018179	4762	f609ea553e885c1c8870571b1d9275e0d8a76f1f1a2f599b916eaf2f1a240226	true
C5	3	asyncs	measured	1024	145	145	1	622ac979d2064122aac979d2065122d5	1784761431537086028	1784761431923815068	200	1024	4655	success	true	da7486bdcd09f1007c80bc5b5a835e209c2779bf130788110b00198cfff2cd8a	1784761432151514437	4762	da7486bdcd09f1007c80bc5b5a835e209c2779bf130788110b00198cfff2cd8a	true
C5	3	asyncs	measured	1024	146	146	1	2ae5207dea784fb8a5207dea786fb877	1784761431616673146	1784761431955121611	200	1024	4656	success	true	4d91468075c71a455e8049029765425d36367b85af602b9b118adf7c1bb5c77c	1784761431963494105	4763	4d91468075c71a455e8049029765425d36367b85af602b9b118adf7c1bb5c77c	true
C5	3	asyncs	measured	1024	147	147	1	0230ad90ea294076b0ad90ea29907670	1784761431786418245	1784761432051180303	200	1024	4655	success	true	ce267dde8acd0ebcf9172ba04c4fccda23baaa481121ea1fbd0db6e2300e751c	1784761432274959799	4762	ce267dde8acd0ebcf9172ba04c4fccda23baaa481121ea1fbd0db6e2300e751c	true
C5	3	asyncs	measured	1024	148	148	1	0751ed6322284ba891ed6322284ba80d	1784761431963837540	1784761432227465685	200	1024	4656	success	true	e5500c0b582e4aa936ecf96e0c053cfd235d8860f972e869f2ce6e32caa82694	1784761432236901644	4763	e5500c0b582e4aa936ecf96e0c053cfd235d8860f972e869f2ce6e32caa82694	true
C5	3	asyncs	measured	1024	149	149	1	65edc1a203d1498eadc1a203d1498e8a	1784761432151878872	1784761432421376071	200	1024	4655	success	true	6350ec7e112c7fce102bbbaf5061999fcdcfec20d35ee291cc3cb918fb59d998	1784761432428889694	4762	6350ec7e112c7fce102bbbaf5061999fcdcfec20d35ee291cc3cb918fb59d998	true
C5	3	asyncs	measured	1024	150	150	1	83beed7d847e4f95beed7d847e2f958f	1784761432237237564	1784761432543948278	200	1024	4655	success	true	3224e3e4e66a5a85b07a3aec9a09e8d7da3fc6753771a0ed37393487fdf59bbc	1784761432554096864	4762	3224e3e4e66a5a85b07a3aec9a09e8d7da3fc6753771a0ed37393487fdf59bbc	true
C5	3	asyncs	measured	1024	151	151	1	8229b1f131294de5a9b1f13129fde545	1784761432275247962	1784761432601873700	200	1024	4655	success	true	08ce6b1e69120b45632ae729c1cc1f0b783c17782760ea3f5a3f32b63d81deaf	1784761432611411824	4762	08ce6b1e69120b45632ae729c1cc1f0b783c17782760ea3f5a3f32b63d81deaf	true
C5	3	asyncs	measured	1024	152	152	1	2fd8176776764e5498176776761e54ef	1784761432429226871	1784761432701674397	200	1024	4656	success	true	e686723f788c4b54a37596d3dd4e5e774ab2d9cd2391038217a788ab36f6860a	1784761432936723236	4763	e686723f788c4b54a37596d3dd4e5e774ab2d9cd2391038217a788ab36f6860a	true
C5	3	asyncs	measured	1024	153	153	1	75a0128325f14007a0128325f1400746	1784761432554554674	1784761432879074404	200	1024	4655	success	true	97e41e14628b168c3c1fe4ef1afdb96ec3f11a8292537e44bfce10752023aca8	1784761432894607727	4762	97e41e14628b168c3c1fe4ef1afdb96ec3f11a8292537e44bfce10752023aca8	true
C5	3	asyncs	measured	1024	154	154	1	876d71c0f9dc4ff2ad71c0f9dcfff271	1784761432611753898	1784761432931414260	200	1024	4656	success	true	a2790d839282829ade5660535a70bf7bae0649a94c456275adf335d3c5670c08	1784761433158556816	4763	a2790d839282829ade5660535a70bf7bae0649a94c456275adf335d3c5670c08	true
C5	3	asyncs	measured	1024	155	155	1	3cd43a403e5145cb943a403e5105cbfc	1784761432895062128	1784761433178466767	200	1024	4656	success	true	62683dfd1184c5c6eca03e534425c1c6626fd796b6fe99cb4ebaffe49890e016	1784761433200188231	4763	62683dfd1184c5c6eca03e534425c1c6626fd796b6fe99cb4ebaffe49890e016	true
C5	3	asyncs	measured	1024	156	156	1	b59160766ac64c8b9160766ac6bc8bdb	1784761432937101461	1784761433227943780	200	1024	4656	success	true	3cb2fdf8e67326ea3fc189a089a0c01862fc95b8a3c50e39492f79181af16e6d	1784761433238454857	4763	3cb2fdf8e67326ea3fc189a089a0c01862fc95b8a3c50e39492f79181af16e6d	true
C5	3	asyncs	measured	1024	157	157	1	83c52a0dfdc946b2852a0dfdc9f6b26d	1784761433158929769	1784761433442865211	200	1024	4656	success	true	44f3a277b291845b3d60d2bad59fd67127db86da3365d1c391f5854fa0660105	1784761433451602798	4763	44f3a277b291845b3d60d2bad59fd67127db86da3365d1c391f5854fa0660105	true
C5	3	asyncs	measured	1024	158	158	1	17e38d1b1c6a4d46a38d1b1c6a2d46af	1784761433200561130	1784761433541327764	200	1024	4656	success	true	ec8f7add85ab6b4fe108f861ea7f3bb85f1e77e5574866ac09633fce05651a96	1784761433549180038	4763	ec8f7add85ab6b4fe108f861ea7f3bb85f1e77e5574866ac09633fce05651a96	true
C5	3	asyncs	measured	1024	159	159	1	e7dc26bd7aa54fa89c26bd7aa58fa8f0	1784761433238754365	1784761433569363062	200	1024	4656	success	true	f4946e10fc6d03b3387208a8f67b7870bca116daab78a51b503c7e1cb8eef5bb	1784761433793440624	4763	f4946e10fc6d03b3387208a8f67b7870bca116daab78a51b503c7e1cb8eef5bb	true
C5	3	asyncs	measured	1024	160	160	1	f2256be4295940d6a56be42959c0d600	1784761433452050412	1784761433712578260	200	1024	4655	success	true	c11ccde06e56cb1dd488c0da705ea97f21f8d843a587ff934d25b19de5aae5ca	1784761433931902908	4762	c11ccde06e56cb1dd488c0da705ea97f21f8d843a587ff934d25b19de5aae5ca	true
C5	3	asyncs	measured	1024	161	161	1	7df3b45b4ce44e48b3b45b4ce4de488a	1784761433549508958	1784761433825291066	200	1024	4656	success	true	a3100ed85d08fb244cef2ba7a4953f69c925b9ed1d2f710a14c301bbc803d021	1784761433838413445	4763	a3100ed85d08fb244cef2ba7a4953f69c925b9ed1d2f710a14c301bbc803d021	true
C5	3	asyncs	measured	1024	162	162	1	4132474f42f5401fb2474f42f5c01f9a	1784761433793870685	1784761434061902904	200	1024	4656	success	true	ebb41782ba23dde1979a8d47a93e725a95c7345213b1d078631287870665e579	1784761434278952718	4763	ebb41782ba23dde1979a8d47a93e725a95c7345213b1d078631287870665e579	true
C5	3	asyncs	measured	1024	163	163	1	aa19415827d94a9b99415827d96a9baa	1784761433840620998	1784761434134626337	200	1024	4655	success	true	0637730f8f195776d54a32908a01c67a6a1ff8724bbc9475f71805def0b40e07	1784761434142472357	4762	0637730f8f195776d54a32908a01c67a6a1ff8724bbc9475f71805def0b40e07	true
C5	3	asyncs	measured	1024	164	164	1	b921447ae9dc4359a1447ae9dc6359e3	1784761433934477130	1784761434238278988	200	1024	4656	success	true	7155348fb730b0151b460c9f7b0be4f2f66e4c886c99f7e81754a8733aceba0e	1784761434247293587	4763	7155348fb730b0151b460c9f7b0be4f2f66e4c886c99f7e81754a8733aceba0e	true
C5	3	asyncs	measured	1024	165	165	1	f66581c41d9b4e58a581c41d9bfe58f4	1784761434142958769	1784761434414322581	200	1024	4656	success	true	47a86a34ffef067bc30080193fa91b0268b6b8d81a0232d2514c562ccf985b4d	1784761434423081788	4763	47a86a34ffef067bc30080193fa91b0268b6b8d81a0232d2514c562ccf985b4d	true
C5	3	asyncs	measured	1024	166	166	1	9d078e7978784db2878e7978785db2f7	1784761434247721032	1784761434563128400	200	1024	4655	success	true	e826439efda37368bf1e0588aafdc2b64521fb1d6f719b122b42aeeed564ac41	1784761434574377633	4762	e826439efda37368bf1e0588aafdc2b64521fb1d6f719b122b42aeeed564ac41	true
C5	3	asyncs	measured	1024	167	167	1	cc9f9a99d3d64b4c9f9a99d3d6bb4c52	1784761434279219374	1784761434607365432	200	1024	4655	success	true	cefd4bbb107d117d028e24ad6612a40e1fcdd08c27113f15bf37d349c5d2aab0	1784761434615404911	4762	cefd4bbb107d117d028e24ad6612a40e1fcdd08c27113f15bf37d349c5d2aab0	true
C5	3	asyncs	measured	1024	168	168	1	ac73a37450894c8ab3a37450892c8a64	1784761434423555539	1784761434685331291	200	1024	4655	success	true	bad7af8a8acf324e920d4e4c445c5b8ba1b5c442498f122197611093fc5ccaf9	1784761434902602543	4762	bad7af8a8acf324e920d4e4c445c5b8ba1b5c442498f122197611093fc5ccaf9	true
C5	3	asyncs	measured	1024	169	169	1	af6becda9eae445dabecda9eae645df7	1784761434576815321	1784761434889577029	200	1024	4655	success	true	c10318a381be0f099d7f2472207759101a7257836de71679fe197c9873084713	1784761435108469480	4762	c10318a381be0f099d7f2472207759101a7257836de71679fe197c9873084713	true
C5	3	asyncs	measured	1024	170	170	1	2977acb1645e490db7acb1645e690d2c	1784761434615764899	1784761434942111001	200	1024	4656	success	true	89d725de27df952b8277266ac799eb7cd96cc5a5f74f376d4df58d131c35c63f	1784761434950730313	4763	89d725de27df952b8277266ac799eb7cd96cc5a5f74f376d4df58d131c35c63f	true
C5	3	asyncs	measured	1024	171	171	1	bd4188c0e43b4f628188c0e43bbf62a7	1784761434902976338	1784761435168641934	200	1024	4656	success	true	311c7c9b493e8c6293ff4d74b462d989362206b2463d4d692fb5fc5b5cf29249	1784761435179326065	4763	311c7c9b493e8c6293ff4d74b462d989362206b2463d4d692fb5fc5b5cf29249	true
C5	3	asyncs	measured	1024	172	172	1	9d8e7bf539e64b7b8e7bf539e60b7b7c	1784761434951043165	1784761435229739535	200	1024	4655	success	true	b02a40c874bf0bb663574d05c7e0a56bb103bbef086cdce971829e35af2817a6	1784761435238322190	4762	b02a40c874bf0bb663574d05c7e0a56bb103bbef086cdce971829e35af2817a6	true
C5	3	asyncs	measured	1024	173	173	1	b22ff226f73f4684aff226f73f76843b	1784761435108865863	1784761435433311104	200	1024	4655	success	true	1efe4e996b08b22944b3ab99253fd3dc88a6ff78a6dca2611b93808089e2e338	1784761435447878336	4762	1efe4e996b08b22944b3ab99253fd3dc88a6ff78a6dca2611b93808089e2e338	true
C5	3	asyncs	measured	1024	174	174	1	acd7a4830d1e405597a4830d1e4055fd	1784761435179764502	1784761435446667334	200	1024	4656	success	true	c4c8096bf70cc766d6ac58a188164f36dab57781e1ebd461e3bfae683486b265	1784761435473690541	4763	c4c8096bf70cc766d6ac58a188164f36dab57781e1ebd461e3bfae683486b265	true
C5	3	asyncs	measured	1024	175	175	1	246b4a4627204bfaab4a4627205bfa53	1784761435238803223	1784761435557608763	200	1024	4656	success	true	6e90d53e2da3f29e9860abdc3b9e9f06b41f1fcdb6a200a6958a318655bbe759	1784761435571668729	4763	6e90d53e2da3f29e9860abdc3b9e9f06b41f1fcdb6a200a6958a318655bbe759	true
C5	3	asyncs	measured	1024	176	176	1	6e45c9e370e64c7485c9e370e6dc7477	1784761435448342278	1784761435719556706	200	1024	4655	success	true	e1a833358413c20f868b741a878506980c17f468a116fb9127c7bccec09a3282	1784761435726835417	4762	e1a833358413c20f868b741a878506980c17f468a116fb9127c7bccec09a3282	true
C5	3	asyncs	measured	1024	177	177	1	687d5fec3c594245bd5fec3c5942459b	1784761435477517041	1784761435788178190	200	1024	4656	success	true	88ae298ee469e5e4a9761760496f05ed3665c3b8a552822a5b453c9564a8df02	1784761435795869780	4763	88ae298ee469e5e4a9761760496f05ed3665c3b8a552822a5b453c9564a8df02	true
C5	3	asyncs	measured	1024	178	178	1	1093731e2f214b6e93731e2f21db6ef2	1784761435572083788	1784761435897873873	200	1024	4656	success	true	11ed3fb6354494ae14c3553b67ac0baa84812192f1f1b52db5f85cede0e2c2ce	1784761435913235022	4763	11ed3fb6354494ae14c3553b67ac0baa84812192f1f1b52db5f85cede0e2c2ce	true
C5	3	asyncs	measured	1024	179	179	1	7601688073444e7b8168807344fe7bc1	1784761435727213392	1784761436022970485	200	1024	4656	success	true	ce47366107c584455dbbae1c25a05b98f88e32f60e9667924ba0c1f6373fb896	1784761436238050417	4763	ce47366107c584455dbbae1c25a05b98f88e32f60e9667924ba0c1f6373fb896	true
C5	3	asyncs	measured	1024	180	180	1	879c00e61c5a4a859c00e61c5aba8549	1784761435796233300	1784761436099003727	200	1024	4655	success	true	efb77d9aaa715121081bc0fa5650c4c5d8c7dd2d0c67a4c3a46b772fd54b5ce0	1784761436317940910	4762	efb77d9aaa715121081bc0fa5650c4c5d8c7dd2d0c67a4c3a46b772fd54b5ce0	true
C5	3	asyncs	measured	1024	181	181	1	533286b9bd0b4672b286b9bd0b26721a	1784761435913727599	1784761436223798450	200	1024	4656	success	true	9a883d823b77ff1886e14ca7e41ef4f2e8f763c76798efcc62f566a3f793ccbd	1784761436441151956	4763	9a883d823b77ff1886e14ca7e41ef4f2e8f763c76798efcc62f566a3f793ccbd	true
C5	3	asyncs	measured	1024	182	182	1	7e8e7cbb581c478e8e7cbb581c378e2a	1784761436238416254	1784761436499780246	200	1024	4655	success	true	b6b2a7a4e3929a35978968fc0c05344c5de2d738a50c7bc7bd1e3aafb8e41df0	1784761436507862488	4762	b6b2a7a4e3929a35978968fc0c05344c5de2d738a50c7bc7bd1e3aafb8e41df0	true
C5	3	asyncs	measured	1024	183	183	1	e0847de91238468c847de91238f68cbe	1784761436318261486	1784761436607787508	200	1024	4655	success	true	43d79c87f0244c91dd65d8db9c24e1420769591e34ef92b77916b99a9bbbbfeb	1784761436620796632	4762	43d79c87f0244c91dd65d8db9c24e1420769591e34ef92b77916b99a9bbbbfeb	true
C5	3	asyncs	measured	1024	184	184	1	05909894a4674f7f909894a4677f7fdf	1784761436441458588	1784761436754345847	200	1024	4655	success	true	534703a0f23a4ccf09c71ba45c328754cb7b0878fb64599b48aeb23dd414a4da	1784761436764402933	4762	534703a0f23a4ccf09c71ba45c328754cb7b0878fb64599b48aeb23dd414a4da	true
C5	3	asyncs	measured	1024	185	185	1	8986cd0445c046b086cd0445c0a6b0a8	1784761436508219961	1784761436778417524	200	1024	4656	success	true	5cb45589dd406775d4ad271cb0f441b29cf1cbdd97d1cacb7e3b3a2a5370e111	1784761436791467989	4763	5cb45589dd406775d4ad271cb0f441b29cf1cbdd97d1cacb7e3b3a2a5370e111	true
C5	3	asyncs	measured	1024	186	186	1	c36ef22b963540c8aef22b9635a0c8e1	1784761436621149645	1784761436929182036	200	1024	4655	success	true	b8550492ee201a2baf510300d55aafed0aa092ade390004572e4f484c1912f4f	1784761436942282993	4762	b8550492ee201a2baf510300d55aafed0aa092ade390004572e4f484c1912f4f	true
C5	3	asyncs	measured	1024	187	187	1	97c7438dc76e4d7b87438dc76ead7b31	1784761436764823021	1784761437052580655	200	1024	4656	success	true	63c99a7e3e305f9437a2b270755b735407113115b7d66d692fb4c2c925f92e7f	1784761437060143591	4763	63c99a7e3e305f9437a2b270755b735407113115b7d66d692fb4c2c925f92e7f	true
C5	3	asyncs	measured	1024	188	188	1	d0fa4321a5134890ba4321a513489008	1784761436799490819	1784761437121730290	200	1024	4655	success	true	c5db1918fababb60863ff5e305c80d30e842b15efb519d810424a9e14f981080	1784761437132198041	4762	c5db1918fababb60863ff5e305c80d30e842b15efb519d810424a9e14f981080	true
C5	3	asyncs	measured	1024	189	189	1	1d436e2fa9aa40e8836e2fa9aa10e807	1784761436942649150	1784761437265124278	200	1024	4656	success	true	6afe0709822da761b1472d4113de7f9e7994ecbed1c846ad90e97c8612f681ad	1784761437484575817	4763	6afe0709822da761b1472d4113de7f9e7994ecbed1c846ad90e97c8612f681ad	true
C5	3	asyncs	measured	1024	190	190	1	2fec9e172cf34d0bac9e172cf33d0b98	1784761437060544351	1784761437322588115	200	1024	4656	success	true	3da18801a04b3fe587242f21b51a192ca71b3f5465022044c026a974e84445bb	1784761437330876394	4763	3da18801a04b3fe587242f21b51a192ca71b3f5465022044c026a974e84445bb	true
C5	3	asyncs	measured	1024	191	191	1	cfa1dd4051b54857a1dd4051b5485789	1784761437132684713	1784761437428722428	200	1024	4656	success	true	a5d2e4b9afafaac7ffce0a3adb5e477d47b1873ef5e8092d0da5abb4f95fe706	1784761437437475265	4763	a5d2e4b9afafaac7ffce0a3adb5e477d47b1873ef5e8092d0da5abb4f95fe706	true
C5	3	asyncs	measured	1024	192	192	1	5fa214f7569f4785a214f7569f5785ad	1784761437331390801	1784761437600045919	200	1024	4656	success	true	b2951360f430e7815f45fe90508bdf3589b737cc2bc2746418e11480430ed8dc	1784761437609135691	4763	b2951360f430e7815f45fe90508bdf3589b737cc2bc2746418e11480430ed8dc	true
C5	3	asyncs	measured	1024	193	193	1	02a0da168eb04f11a0da168eb06f116f	1784761437440631965	1784761437753547148	200	1024	4656	success	true	b0dd6109dd2fb821a0f98511824e498c47ec63eb7f8743541893f9822de50ed9	1784761437765633042	4763	b0dd6109dd2fb821a0f98511824e498c47ec63eb7f8743541893f9822de50ed9	true
C5	3	asyncs	measured	1024	194	194	1	625ccc473fe641c19ccc473fe691c16a	1784761437485002786	1784761437829434097	200	1024	4655	success	true	e52263804c80d8c4000d59314a0504b7e75fc548113a5a60e0b9e8741567e46d	1784761437847470907	4762	e52263804c80d8c4000d59314a0504b7e75fc548113a5a60e0b9e8741567e46d	true
C5	3	asyncs	measured	1024	195	195	1	83230190fa4f4a9ba30190fa4ffa9b42	1784761437609490673	1784761437881840883	200	1024	4656	success	true	f8130d8fcb5679d2dcf7242e6e841931d174c62af66d380179f692deb9c23ace	1784761437890999482	4763	f8130d8fcb5679d2dcf7242e6e841931d174c62af66d380179f692deb9c23ace	true
C5	3	asyncs	measured	1024	196	196	1	7348016e15254bfb88016e15259bfb53	1784761437766029953	1784761438171110302	200	1024	4656	success	true	d5131dbc8cb3d0608b917e63114ff74f7b2f7a21b863c4ee879e79838936a86d	1784761438194293542	4763	d5131dbc8cb3d0608b917e63114ff74f7b2f7a21b863c4ee879e79838936a86d	true
C5	3	asyncs	measured	1024	197	197	1	572295c958f84ba6a295c958f88ba610	1784761437847855629	1784761438285130060	200	1024	4656	success	true	cede536ed3a5306bace80177a421d1d310a4d4f4e33e228cd5088951c3b0a7f0	1784761438501459493	4763	cede536ed3a5306bace80177a421d1d310a4d4f4e33e228cd5088951c3b0a7f0	true
C5	3	asyncs	measured	1024	198	198	1	1af7c0177c8b425cb7c0177c8b425c17	1784761437891333353	1784761438156412137	200	1024	4656	success	true	b6a05fca24b71fbb0f6608015f6d6c6c6b299fcbf95149844c4003f9fc40aeb0	1784761438168675925	4763	b6a05fca24b71fbb0f6608015f6d6c6c6b299fcbf95149844c4003f9fc40aeb0	true
C5	3	asyncs	measured	1024	199	199	1	348a18873d83487a8a18873d83a87ab1	1784761438169194723	1784761438432871607	200	1024	4656	success	true	d17fe8bee02e098f9cfdcef63503e7bcf4235c39e0c0c455049aaf2a476968e7	1784761438649464000	4763	d17fe8bee02e098f9cfdcef63503e7bcf4235c39e0c0c455049aaf2a476968e7	true
C5	3	asyncs	measured	1024	200	200	1	758c878acdc74e1e8c878acdc79e1e7c	1784761438211265823	1784761438485084342	200	1024	4655	success	true	6b91a684cd43cdd2e8818ea4e97a2facb4b245895c60f435d6540cc6d2bba583	1784761438699310433	4762	6b91a684cd43cdd2e8818ea4e97a2facb4b245895c60f435d6540cc6d2bba583	true
C5	3	asyncs	measured	1024	201	201	1	1f605304dfa44210a05304dfa49210ec	1784761438501856363	1784761438766101970	200	1024	4655	success	true	14feb0a5bcd49ba61100cdaf9e8d592b8dfade1cbff9e3026e5c868886fb2ca0	1784761438773179064	4762	14feb0a5bcd49ba61100cdaf9e8d592b8dfade1cbff9e3026e5c868886fb2ca0	true
C5	3	asyncs	measured	1024	202	202	1	a91798f9373a4eff9798f9373aceffae	1784761438649823813	1784761438951614735	200	1024	4655	success	true	9e374d57bb1983c7a0f83d79ab7a0f3cb13ac24ebd4602fac70ddfc588f2a9ba	1784761438959723502	4762	9e374d57bb1983c7a0f83d79ab7a0f3cb13ac24ebd4602fac70ddfc588f2a9ba	true
C5	3	asyncs	measured	1024	203	203	1	097378d6e50a4a75b378d6e50a6a752b	1784761438699726657	1784761439027888838	200	1024	4656	success	true	37c2e9d5d3ec8c7d12c13da276e65000804d7d91cf425387a6b49cf198e9d08b	1784761439046733976	4763	37c2e9d5d3ec8c7d12c13da276e65000804d7d91cf425387a6b49cf198e9d08b	true
C5	3	asyncs	measured	1024	204	204	1	b651a8fb187e469491a8fb187ee69404	1784761438773534903	1784761439049975966	200	1024	4656	success	true	47499b3900ca2e43575595dbc8343bf903e07de9ec8e5df619996efc2491564f	1784761439077778051	4763	47499b3900ca2e43575595dbc8343bf903e07de9ec8e5df619996efc2491564f	true
C5	3	asyncs	measured	1024	205	205	1	c4bc09943b3348e3bc09943b33f8e369	1784761438964926827	1784761439275111782	200	1024	4656	success	true	546bf0c28c85310bd2183c312fa1a2484ec6f7d33e0e12025451aebccb281e7d	1784761439298693238	4763	546bf0c28c85310bd2183c312fa1a2484ec6f7d33e0e12025451aebccb281e7d	true
C5	3	asyncs	measured	1024	206	206	1	f9f5c0afebb34b1db5c0afebb36b1dd6	1784761439047257452	1784761439333130046	200	1024	4656	success	true	b83af51b0e09a300615b1b0dff3136fff446f4b82c1dbcf0dab6fdd59964329c	1784761439350125532	4763	b83af51b0e09a300615b1b0dff3136fff446f4b82c1dbcf0dab6fdd59964329c	true
C5	3	asyncs	measured	1024	207	207	1	0c6bdcc3788e4e65abdcc3788ebe655a	1784761439084812596	1784761439399874653	200	1024	4655	success	true	25918cb7168f01e409fad140a078400fd91fbe5ff4bec7b3b4a4ab70fc568410	1784761439406564384	4762	25918cb7168f01e409fad140a078400fd91fbe5ff4bec7b3b4a4ab70fc568410	true
C5	3	asyncs	measured	1024	208	208	1	263715437e48433cb715437e48833cf9	1784761439299234698	1784761439590385646	200	1024	4656	success	true	fd8083c4d036f0ded975c405fbd8a5925ba2f0bd9e71bff1e9870ac3dee990a3	1784761439599487729	4763	fd8083c4d036f0ded975c405fbd8a5925ba2f0bd9e71bff1e9870ac3dee990a3	true
C5	3	asyncs	measured	1024	209	209	1	6b3dbc261fad4f2bbdbc261faddf2b67	1784761439350453821	1784761439697731615	200	1024	4656	success	true	8cc44769820a2f089f0ab3a90cb6d5470d745a477edf9b6bfdf13924f49b2565	1784761439711151973	4763	8cc44769820a2f089f0ab3a90cb6d5470d745a477edf9b6bfdf13924f49b2565	true
C5	3	asyncs	measured	1024	210	210	1	9092ad40e359441592ad40e3591415cc	1784761439406923679	1784761439742156494	200	1024	4656	success	true	b1597d6e5fbed7a0267de52ca7f8fabd467999d4804d5713504c971f9a7cecca	1784761439752700639	4763	b1597d6e5fbed7a0267de52ca7f8fabd467999d4804d5713504c971f9a7cecca	true
C5	3	asyncs	measured	1024	211	211	1	7e3d8fc1b4924f33bd8fc1b4924f3392	1784761439600014288	1784761439867662855	200	1024	4656	success	true	fc67da1954e204c099d29f298c006225fe62e078884ddc08b7f66b0f9e9eedf8	1784761439877632000	4763	fc67da1954e204c099d29f298c006225fe62e078884ddc08b7f66b0f9e9eedf8	true
C5	3	asyncs	measured	1024	212	212	1	0e2506b6bcff40a8a506b6bcff00a819	1784761439711563647	1784761440023952412	200	1024	4656	success	true	affe035d7c5f0ac0bec0619386d92a5f7efdd3315f1a30bc2285436776892f1f	1784761440033070278	4763	affe035d7c5f0ac0bec0619386d92a5f7efdd3315f1a30bc2285436776892f1f	true
C5	3	asyncs	measured	1024	213	213	1	6c42918b00bb459082918b00bba5906b	1784761439753153593	1784761440107403828	200	1024	4656	success	true	1d96e847d904a3b1c8b6fb696dd8f864e450e7e2afc6339711250ea89bd51318	1784761440114712679	4763	1d96e847d904a3b1c8b6fb696dd8f864e450e7e2afc6339711250ea89bd51318	true
C5	3	asyncs	measured	1024	214	214	1	fcf214a5f08b4c14b214a5f08b5c14de	1784761439878007822	1784761440137006023	200	1024	4656	success	true	32aa8bf6c2ab15d6b20c5a6e516ecf4c432626846801b7bb5d747e27a7084fc6	1784761440155290897	4763	32aa8bf6c2ab15d6b20c5a6e516ecf4c432626846801b7bb5d747e27a7084fc6	true
C5	3	asyncs	measured	1024	215	215	1	fbd87a22e56e4e04987a22e56e3e0428	1784761440033473758	1784761440364946755	200	1024	4656	success	true	1bb75e8d7888997af399054145aa17aad05dd52d17c6e3e34d8958f0b9fcb864	1784761440372814719	4763	1bb75e8d7888997af399054145aa17aad05dd52d17c6e3e34d8958f0b9fcb864	true
C5	3	asyncs	measured	1024	216	216	1	a51e826a3a3b4fc29e826a3a3bafc20d	1784761440115092361	1784761440447284210	200	1024	4655	success	true	eee80b40c6b7c138f98a099c58c35d14fb8c5c1802c29194770b6289a853b5ae	1784761440463645479	4762	eee80b40c6b7c138f98a099c58c35d14fb8c5c1802c29194770b6289a853b5ae	true
C5	3	asyncs	measured	1024	217	217	1	c1cb6e507ff649a68b6e507ff6d9a69e	1784761440155689258	1784761440413324300	200	1024	4656	success	true	c791dcf93faf3de4b622017d61a69d5aac7cd00e9e9d60034b54555dd8e48f4d	1784761440420691935	4763	c791dcf93faf3de4b622017d61a69d5aac7cd00e9e9d60034b54555dd8e48f4d	true
C5	3	asyncs	measured	1024	218	218	1	a9dd2c1810794e619d2c181079ee61a3	1784761440373227915	1784761440688011710	200	1024	4655	success	true	14377196945e552ab49360de710fce447287de85bd4fc53e6711b2b873450546	1784761440919180414	4762	14377196945e552ab49360de710fce447287de85bd4fc53e6711b2b873450546	true
C5	3	asyncs	measured	1024	219	219	1	f33f8e32d98647d8bf8e32d98677d897	1784761440421060607	1784761440686746044	200	1024	4655	success	true	d5a66229719097e1a1eb076b9d20d7476f1ad47e476aa5099c77a25766236b96	1784761440904358155	4762	d5a66229719097e1a1eb076b9d20d7476f1ad47e476aa5099c77a25766236b96	true
C5	3	asyncs	measured	1024	220	220	1	5fcb802f596f4d278b802f596f4d27ae	1784761440464037653	1784761440769273145	200	1024	4655	success	true	af694f4dc8f102525a7c99f9d9efa620cb2e36352fb90f490408a09662dcc374	1784761440989425002	4762	af694f4dc8f102525a7c99f9d9efa620cb2e36352fb90f490408a09662dcc374	true
C5	3	asyncs	measured	1024	221	221	1	cb3f1edc00d048eabf1edc00d0a8eac6	1784761440907543464	1784761441175140772	200	1024	4656	success	true	017d3675d4f561baaa07946de2e0018a61f40f73d6968ddb9de0728be0418cc2	1784761441182353687	4763	017d3675d4f561baaa07946de2e0018a61f40f73d6968ddb9de0728be0418cc2	true
C5	3	asyncs	measured	1024	222	222	1	67fa675f6935444eba675f6935944e5d	1784761440950488842	1784761441255540011	200	1024	4655	success	true	f915f7c1900f7051e068049047c3860ac1fd61f0d8f17fa5bd7966becb7fe6ca	1784761441264414091	4762	f915f7c1900f7051e068049047c3860ac1fd61f0d8f17fa5bd7966becb7fe6ca	true
C5	3	asyncs	measured	1024	223	223	1	a5bcb9898c6a4bc6bcb9898c6a2bc698	1784761440989716840	1784761441327579520	200	1024	4655	success	true	7af2a44d55fee5a5f499c16d41c1e80e87bb2274ee44af0a9930adf380b4d3c1	1784761441544960714	4762	7af2a44d55fee5a5f499c16d41c1e80e87bb2274ee44af0a9930adf380b4d3c1	true
C5	3	asyncs	measured	1024	224	224	1	77e7f983997f4737a7f983997f873764	1784761441182775844	1784761441450301833	200	1024	4656	success	true	b4a9bcce1846d8b72f7e61548507b11b93cb12fbe71b59491d76734e4afefc40	1784761441460393984	4763	b4a9bcce1846d8b72f7e61548507b11b93cb12fbe71b59491d76734e4afefc40	true
C5	3	asyncs	measured	1024	225	225	1	dc6232a8294f4ea3a232a8294f0ea3b2	1784761441264827853	1784761441603337830	200	1024	4656	success	true	b15587d45bf43741aecd3fc98eb71fca6fa32b67a0742d28ff7a3f713972bfd9	1784761441616527033	4763	b15587d45bf43741aecd3fc98eb71fca6fa32b67a0742d28ff7a3f713972bfd9	true
C5	3	asyncs	measured	1024	226	226	1	593cad10faac4db4bcad10faacddb427	1784761441460842191	1784761441722044436	200	1024	4656	success	true	c3c0b627a9de73e431a87b94ce4b79756e600655d64ce969eb481389e47a097d	1784761441733455364	4763	c3c0b627a9de73e431a87b94ce4b79756e600655d64ce969eb481389e47a097d	true
C5	3	asyncs	measured	1024	227	227	1	1f4beee00414487f8beee00414b87f59	1784761441545293312	1784761441883169813	200	1024	4656	success	true	ef6cfc047980ecf9693677a14658cd111812939a3e6ea8e025d5afc29107a052	1784761441890184420	4763	ef6cfc047980ecf9693677a14658cd111812939a3e6ea8e025d5afc29107a052	true
C5	3	asyncs	measured	1024	228	228	1	d19764a43a324d9e9764a43a322d9e78	1784761441617025579	1784761441954609620	200	1024	4656	success	true	192bf27f54f278b630411fcd923547c85bec6dee46fafbd37b32160c05c6f5ff	1784761442182180262	4763	192bf27f54f278b630411fcd923547c85bec6dee46fafbd37b32160c05c6f5ff	true
C5	3	asyncs	measured	1024	229	229	1	364baed20dc042c18baed20dc002c173	1784761441733860880	1784761441997494701	200	1024	4656	success	true	86a7fa8e86a54e5f1d45544fb53a00689b74857f0215ddff0560bb9b67bff6ce	1784761442016500937	4763	86a7fa8e86a54e5f1d45544fb53a00689b74857f0215ddff0560bb9b67bff6ce	true
C5	3	asyncs	measured	1024	230	230	1	5d0250edadf240238250edadf20023e1	1784761441890601753	1784761442166477684	200	1024	4656	success	true	2bf9a8071f27bf9a2256490f17b913b7f97453aa736ef59e12ed3c01582331cc	1784761442183930297	4763	2bf9a8071f27bf9a2256490f17b913b7f97453aa736ef59e12ed3c01582331cc	true
C5	3	asyncs	measured	1024	231	231	1	224ba1d725d640898ba1d725d6808978	1784761442016974287	1784761442279544021	200	1024	4656	success	true	e0ad135aca0512cbfa3310e3ee0503f800f0df887894c6c3f52e591b42149df5	1784761442290978979	4763	e0ad135aca0512cbfa3310e3ee0503f800f0df887894c6c3f52e591b42149df5	true
C5	3	asyncs	measured	1024	232	232	1	4c5ddcc129424c3d9ddcc12942fc3d94	1784761442182704385	1784761442500267767	200	1024	4656	success	true	479fddb5c1e9806ece4832da492d8aa2e98e354918691e5b975d9673d83d09ba	1784761442514060203	4763	479fddb5c1e9806ece4832da492d8aa2e98e354918691e5b975d9673d83d09ba	true
C5	3	asyncs	measured	1024	233	233	1	5f84c27834f0421284c27834f0021209	1784761442212780692	1784761442554594724	200	1024	4656	success	true	66b08bc38daebe20eee11cf89648aa706d730348a21e60e457467a2c00471cd8	1784761442584908601	4763	66b08bc38daebe20eee11cf89648aa706d730348a21e60e457467a2c00471cd8	true
C5	3	asyncs	measured	1024	234	234	1	d1d2c2e120d04d4692c2e120d0ed4663	1784761442291485554	1784761442552849618	200	1024	4655	success	true	3e34366b1b1f1bbbeb3b0765038867ebc2f16f4f0a16051c05d9298d822dd05f	1784761442566817638	4762	3e34366b1b1f1bbbeb3b0765038867ebc2f16f4f0a16051c05d9298d822dd05f	true
C5	3	asyncs	measured	1024	235	235	1	df45e5815c8c46ed85e5815c8cb6ed9f	1784761442514463730	1784761442859957935	200	1024	4656	success	true	9601044b1204d4112bd2976efc78a914eafa8b5a46e5127de61a5a9e4b1133de	1784761442878469357	4763	9601044b1204d4112bd2976efc78a914eafa8b5a46e5127de61a5a9e4b1133de	true
C5	3	asyncs	measured	1024	236	236	1	5fa01cee58e04cb6a01cee58e03cb6f0	1784761442567326043	1784761442830416014	200	1024	4655	success	true	5b74598de1ab0d986aacd92b7598844a1b264007c873e6224c26cc163d5298a7	1784761442839807464	4762	5b74598de1ab0d986aacd92b7598844a1b264007c873e6224c26cc163d5298a7	true
C5	3	asyncs	measured	1024	237	237	1	5af578e5a87c4c9ab578e5a87ccc9adb	1784761442596228269	1784761442916177194	200	1024	4656	success	true	05c186bc7a92d737d835017c1a96f10cd1585082ee6223d33981b06c6b58441b	1784761442923194790	4763	05c186bc7a92d737d835017c1a96f10cd1585082ee6223d33981b06c6b58441b	true
C5	3	asyncs	measured	1024	238	238	1	7334a11682674a2db4a11682672a2d7a	1784761442840348030	1784761443123382220	200	1024	4655	success	true	1a7b602c891fcad9a1c68722a17539601b5b3fd51a8538717e7f81538f4afd6b	1784761443337277192	4762	1a7b602c891fcad9a1c68722a17539601b5b3fd51a8538717e7f81538f4afd6b	true
C5	3	asyncs	measured	1024	239	239	1	f085975e2050466785975e205056670f	1784761442878859890	1784761443193917724	200	1024	4655	success	true	914b42defe928bedbcac836845abb654624a372153cbd29ffd22f7aaf59f4dd2	1784761443209272735	4762	914b42defe928bedbcac836845abb654624a372153cbd29ffd22f7aaf59f4dd2	true
C5	3	asyncs	measured	1024	240	240	1	2a78ef060c8d4fc1b8ef060c8d1fc13d	1784761442923545928	1784761443241444447	200	1024	4655	success	true	243674093d68236e8065139c1e29b768352e57a3248105f16d7e614b5ec2524a	1784761443469864928	4762	243674093d68236e8065139c1e29b768352e57a3248105f16d7e614b5ec2524a	true
C5	3	asyncs	measured	1024	241	241	1	586a4935245749ccaa4935245719cc7f	1784761443209824182	1784761443483440853	200	1024	4655	success	true	d892c115b4dc672e443b9c9f9f5ce11604c6670e69830c000f8024855aa79736	1784761443505958185	4762	d892c115b4dc672e443b9c9f9f5ce11604c6670e69830c000f8024855aa79736	true
C5	3	asyncs	measured	1024	242	242	1	f397c60eb37a452d97c60eb37a552d04	1784761443337684099	1784761443619207817	200	1024	4656	success	true	b019ef96c13df63ebb1e5f2e40230ab35785e915893df2a4eb6788187d7935bb	1784761443626939816	4763	b019ef96c13df63ebb1e5f2e40230ab35785e915893df2a4eb6788187d7935bb	true
C5	3	asyncs	measured	1024	243	243	1	3bf9f69fca5a4316b9f69fca5a131661	1784761443470271738	1784761443736798685	200	1024	4655	success	true	d7b27b27a726dca5b2f16e7c1662f83eace6bdef3a16e680a7aef88cdef98a66	1784761443746354532	4762	d7b27b27a726dca5b2f16e7c1662f83eace6bdef3a16e680a7aef88cdef98a66	true
C5	3	asyncs	measured	1024	244	244	1	f7dd7ada4ad944799d7ada4ad97479e2	1784761443514256612	1784761443919887622	200	1024	4656	success	true	135c0f1faeb79f3133fc494e0f83903f1db52498463ab183e53fec914154f323	1784761443930317276	4763	135c0f1faeb79f3133fc494e0f83903f1db52498463ab183e53fec914154f323	true
C5	3	asyncs	measured	1024	245	245	1	0b23dadd143c41b6a3dadd143c61b6c0	1784761443627403867	1784761444052284585	200	1024	4655	success	true	e490bb4b7d90b6394e16ab7a25174fd2f6090b3ff0cf84c67eb2bee85083de18	1784761444067970495	4762	e490bb4b7d90b6394e16ab7a25174fd2f6090b3ff0cf84c67eb2bee85083de18	true
C5	3	asyncs	measured	1024	246	246	1	ab139fb72ba14716939fb72ba1571644	1784761443746877553	1784761444017922271	200	1024	4655	success	true	f687e1ee3e57a8c55b6b06f4709d0eee61a5374fcd7302c914e8ec1f5a445345	1784761444028103183	4762	f687e1ee3e57a8c55b6b06f4709d0eee61a5374fcd7302c914e8ec1f5a445345	true
C5	3	asyncs	measured	1024	247	247	1	4962a5311a514330a2a5311a5183301d	1784761443930884570	1784761444264972119	200	1024	4655	success	true	cee9c5f2e4e14da389d2d26368c37316e20954cf6f664e51199046d085bfae98	1784761444272684826	4762	cee9c5f2e4e14da389d2d26368c37316e20954cf6f664e51199046d085bfae98	true
C5	3	asyncs	measured	1024	248	248	1	b55fa37c2d774af69fa37c2d77baf6dc	1784761444028653912	1784761444299079940	200	1024	4656	success	true	e496f3c9d83dfc4d3c07606e9e0e4cb337e3b68a2d7999f9748adaed763b5efc	1784761444520203837	4763	e496f3c9d83dfc4d3c07606e9e0e4cb337e3b68a2d7999f9748adaed763b5efc	true
C5	3	asyncs	measured	1024	249	249	1	c3346f6204fe4e5db46f6204fede5dbf	1784761444085138026	1784761444400317793	200	1024	4655	success	true	8e54f198e4ffbe98cfd52f6d933d37280763e2b2ba136da7d93186732b59f46c	1784761444628949575	4762	8e54f198e4ffbe98cfd52f6d933d37280763e2b2ba136da7d93186732b59f46c	true
C5	3	asyncs	measured	1024	250	250	1	a16a5810b89448e5aa5810b89498e5fe	1784761444273155042	1784761444565289831	200	1024	4656	success	true	70f8dee44d84e0ee106a3f777b71ea76249e10d1e81f2818747eadb45b8b667e	1784761444574909460	4763	70f8dee44d84e0ee106a3f777b71ea76249e10d1e81f2818747eadb45b8b667e	true
C5	3	asyncs	measured	1024	251	251	1	ba1c6f3044534f0b9c6f304453ff0b91	1784761444520668274	1784761444785363260	200	1024	4655	success	true	3bf0be767888e98ac6a256f1de7387f906370153ed7e4dd1343b9bd86ed33257	1784761444796019008	4762	3bf0be767888e98ac6a256f1de7387f906370153ed7e4dd1343b9bd86ed33257	true
C5	3	asyncs	measured	1024	252	252	1	2eb0636d5c5248b3b0636d5c52b8b36a	1784761444575271255	1784761444887004566	200	1024	4655	success	true	5ac5ab0f65f8297f7b53d2f572a902041a6658c720a67cb78eeeade57c97941b	1784761444894927253	4762	5ac5ab0f65f8297f7b53d2f572a902041a6658c720a67cb78eeeade57c97941b	true
C5	3	asyncs	measured	1024	253	253	1	baf9eba6eea04f40b9eba6eea08f4003	1784761444629767887	1784761444949014066	200	1024	4655	success	true	f5651d8ed2175f00aacbadaf165496d38189c4b7388e79fb73a5c6b5316b2bd3	1784761444957460004	4762	f5651d8ed2175f00aacbadaf165496d38189c4b7388e79fb73a5c6b5316b2bd3	true
C5	3	asyncs	measured	1024	254	254	1	d73055139b974d5bb055139b977d5b59	1784761444796514885	1784761445063749369	200	1024	4656	success	true	e2ed8f2ad0028a7db4701c8c7684da6ca3d88e92b04f4ded4d22a57b6ed792e0	1784761445072303568	4763	e2ed8f2ad0028a7db4701c8c7684da6ca3d88e92b04f4ded4d22a57b6ed792e0	true
C5	3	asyncs	measured	1024	255	255	1	fbd8fbcf1f61497498fbcf1f61c974f9	1784761444895423404	1784761445209738824	200	1024	4655	success	true	03feb8e682948ee0039ce109d71fb196d17fa6d846a8379e27522844d54766d9	1784761445427756615	4762	03feb8e682948ee0039ce109d71fb196d17fa6d846a8379e27522844d54766d9	true
C5	3	asyncs	measured	1024	256	256	1	46b6635244b34d76b6635244b39d7620	1784761444957834734	1784761445291646641	200	1024	4656	success	true	fd246b61df38f6c728d571714e1c5f2c04d5baaee57d91e0c6e2e02c9a96d64d	1784761445513214365	4763	fd246b61df38f6c728d571714e1c5f2c04d5baaee57d91e0c6e2e02c9a96d64d	true
C5	3	asyncs	measured	1024	257	257	1	be5ca52bb962448a9ca52bb962148aab	1784761445072905350	1784761445343279166	200	1024	4656	success	true	7d246fee389611b8348f15c485566d92f89466f06db9b20de456d1d119e48a8e	1784761445352898961	4763	7d246fee389611b8348f15c485566d92f89466f06db9b20de456d1d119e48a8e	true
C5	3	asyncs	measured	1024	258	258	1	8959759414ae4b8899759414aedb8872	1784761445353331046	1784761445620656508	200	1024	4655	success	true	50620f5d2f4ff469b3329ecbdfaf8190f07aec510b8f7c9363af6aad50e06f55	1784761445628414027	4762	50620f5d2f4ff469b3329ecbdfaf8190f07aec510b8f7c9363af6aad50e06f55	true
C5	3	asyncs	measured	1024	259	259	1	6071614bd7494951b1614bd7492951f0	1784761445428118549	1784761445754239851	200	1024	4656	success	true	41396d545745d73c536adb5a4152fc8eff4b3e836fbd04dd7a17359b99419581	1784761445761015769	4763	41396d545745d73c536adb5a4152fc8eff4b3e836fbd04dd7a17359b99419581	true
C5	3	asyncs	measured	1024	260	260	1	cff17c663a074f4bb17c663a075f4b15	1784761445513575237	1784761445831226817	200	1024	4656	success	true	7ebe7e80260ad49beccf77b5385de3e4009730486c68eb17c53fbbdd50014b7a	1784761445837793551	4763	7ebe7e80260ad49beccf77b5385de3e4009730486c68eb17c53fbbdd50014b7a	true
C5	3	asyncs	measured	1024	261	261	1	6fb431388df94e64b431388df9ce6480	1784761445628894585	1784761445899043445	200	1024	4656	success	true	c444dcc741f1dac7dff6afb19b8b8077d706eed7f12ccc24cc35134d507f906c	1784761445905689643	4763	c444dcc741f1dac7dff6afb19b8b8077d706eed7f12ccc24cc35134d507f906c	true
C5	3	asyncs	measured	1024	262	262	1	e208f1e8d9e6464688f1e8d9e6a646a6	1784761445761458275	1784761446074849061	200	1024	4656	success	true	18ecd0e2c8c8543776ed7b9e1ea58382785fefa24bf98f2de671fd4e92a26085	1784761446084501923	4763	18ecd0e2c8c8543776ed7b9e1ea58382785fefa24bf98f2de671fd4e92a26085	true
C5	3	asyncs	measured	1024	263	263	1	79392598d68247a3b92598d68247a3cf	1784761445838181737	1784761446178327620	200	1024	4656	success	true	e9984e3369d4b02e64f7578f195ba1193cabe4f07abb71e03d1551403426cfae	1784761446188133889	4763	e9984e3369d4b02e64f7578f195ba1193cabe4f07abb71e03d1551403426cfae	true
C5	3	asyncs	measured	1024	264	264	1	d63bb5d33bc74776bbb5d33bc7b77622	1784761445906087336	1784761446165200413	200	1024	4655	success	true	ff39b9ec588ba7fa3a06e7d4f638a331583a11dce9c151ec6d96ea7e8e10f16a	1784761446386718041	4762	ff39b9ec588ba7fa3a06e7d4f638a331583a11dce9c151ec6d96ea7e8e10f16a	true
C5	3	asyncs	measured	1024	265	265	1	b1c17015a3814f45817015a3817f456c	1784761446084960955	1784761446364832008	200	1024	4656	success	true	2bdfab09907c43142d254c53591c0b9938786facaa6f4a2d4cb26586724c76bc	1784761446581868410	4763	2bdfab09907c43142d254c53591c0b9938786facaa6f4a2d4cb26586724c76bc	true
C5	3	asyncs	measured	1024	266	266	1	ebef093866764343af09386676e343c5	1784761446188711427	1784761446449324682	200	1024	4655	success	true	c483808f97f3319b84060a9254adf0088da995797156e23b229b49c8735972db	1784761446457557580	4762	c483808f97f3319b84060a9254adf0088da995797156e23b229b49c8735972db	true
C5	3	asyncs	measured	1024	267	267	1	7ed7248a70c94e8997248a70c9de89b0	1784761446387162471	1784761446661607941	200	1024	4655	success	true	b810ff39f750e4daa4291dec538abd75f11411619bc2557d7eeff8172683657a	1784761446669126042	4762	b810ff39f750e4daa4291dec538abd75f11411619bc2557d7eeff8172683657a	true
C5	3	asyncs	measured	1024	268	268	1	fab9b4d248fa48d0b9b4d248fa18d0ff	1784761446458100752	1784761446723774903	200	1024	4655	success	true	0b211f415e73a06cc091e6b648d3f154754787e9cb90a683097e0d7c119d3085	1784761446730286898	4762	0b211f415e73a06cc091e6b648d3f154754787e9cb90a683097e0d7c119d3085	true
C5	3	asyncs	measured	1024	269	269	1	fd3d0445f2214a28bd0445f221ca2825	1784761446582233212	1784761446902197396	200	1024	4656	success	true	35b9432d0b92e403e9c50c5ba63bdf75df21fe9086498d61cd390f45344bc1fa	1784761446914709333	4763	35b9432d0b92e403e9c50c5ba63bdf75df21fe9086498d61cd390f45344bc1fa	true
C5	3	asyncs	measured	1024	270	270	1	3c18c5b383994d4398c5b38399cd43e8	1784761446669666476	1784761447020069166	200	1024	4656	success	true	9f0f36d0245c33734bb8db0be89e6fdb48ee9bf9ae36202fdbc290477e5f3ba3	1784761447049202569	4763	9f0f36d0245c33734bb8db0be89e6fdb48ee9bf9ae36202fdbc290477e5f3ba3	true
C5	3	asyncs	measured	1024	271	271	1	5d5ba8485f2b4d7b9ba8485f2b7d7b2e	1784761446730712250	1784761447010060190	200	1024	4656	success	true	6452dc0f2d45767f942f1b06dacfe8e9afb5dd0646aed169939b835b9b7f71b6	1784761447022632363	4763	6452dc0f2d45767f942f1b06dacfe8e9afb5dd0646aed169939b835b9b7f71b6	true
C5	3	asyncs	measured	1024	272	272	1	ea6fb48f2c0640acafb48f2c0660ac27	1784761446915324311	1784761447229098980	200	1024	4656	success	true	8606617d33bea2550155fa939f675ffc246e17234a28196959a690756263adf6	1784761447238903287	4763	8606617d33bea2550155fa939f675ffc246e17234a28196959a690756263adf6	true
C5	3	asyncs	measured	1024	273	273	1	0c30e5dcc0d4484cb0e5dcc0d4784c42	1784761447023194113	1784761447298044645	200	1024	4656	success	true	d2c302863332eaedabc37304723c23c3ba74c78b9142297013247a86b38d98b1	1784761447304513508	4763	d2c302863332eaedabc37304723c23c3ba74c78b9142297013247a86b38d98b1	true
C5	3	asyncs	measured	1024	274	274	1	ba04d8f5bb984db284d8f5bb98ddb21d	1784761447075830979	1784761447383173119	200	1024	4655	success	true	07d2fdb48409e381c574750b99ab0eeb5ee2e2bfb90659d7de16e4e65b18a316	1784761447395859244	4762	07d2fdb48409e381c574750b99ab0eeb5ee2e2bfb90659d7de16e4e65b18a316	true
C5	3	asyncs	measured	1024	275	275	1	2d2b1efc476943a4ab1efc4769b3a427	1784761447239448414	1784761447541555150	200	1024	4655	success	true	bd5fd708336dcf5a30e5d6f174f3a04f575bb7c198f8890219a0a81cfdaf9fbb	1784761447550029423	4762	bd5fd708336dcf5a30e5d6f174f3a04f575bb7c198f8890219a0a81cfdaf9fbb	true
C5	3	asyncs	measured	1024	276	276	1	e47ab25ffe0340b9bab25ffe03f0b9b6	1784761447304910534	1784761447566693244	200	1024	4655	success	true	f528ded04856eb079d2614a0e165260f00c9279c9bb72c30a6e05675c80a5d38	1784761447592128351	4762	f528ded04856eb079d2614a0e165260f00c9279c9bb72c30a6e05675c80a5d38	true
C5	3	asyncs	measured	1024	277	277	1	baaae3998e6a458eaae3998e6a558ef9	1784761447396291507	1784761447719096895	200	1024	4656	success	true	1ff62167914e00e4758ff0387996376098e05d671e9a6ca4501cb74c389b64cc	1784761447729506857	4763	1ff62167914e00e4758ff0387996376098e05d671e9a6ca4501cb74c389b64cc	true
C5	3	asyncs	measured	1024	278	278	1	ed8d629fa85847da8d629fa85837daba	1784761447550464333	1784761447823867376	200	1024	4656	success	true	f50f9a73cce15e637d1d9653962255f25dbe2f73b6036e9ed43e5892de3c00b7	1784761447835051814	4763	f50f9a73cce15e637d1d9653962255f25dbe2f73b6036e9ed43e5892de3c00b7	true
C5	3	asyncs	measured	1024	279	279	1	ed206e80bb4a4740a06e80bb4ad7401c	1784761447597201285	1784761447906850621	200	1024	4655	success	true	759c97c89fb3525823f729328b80aa68b60f471d79071932c5c3c49045d04f46	1784761447914039768	4762	759c97c89fb3525823f729328b80aa68b60f471d79071932c5c3c49045d04f46	true
C5	3	asyncs	measured	1024	280	280	1	4b18bd849ff7475698bd849ff7b75641	1784761447730053783	1784761448055086114	200	1024	4656	success	true	d146038023c083eaa33bb67944ede75a4ec5d80983e8aaa57b51e4216e2002dd	1784761448061964787	4763	d146038023c083eaa33bb67944ede75a4ec5d80983e8aaa57b51e4216e2002dd	true
C5	3	asyncs	measured	1024	281	281	1	4ec6dae00eec418186dae00eecd181c9	1784761447835486925	1784761448103727374	200	1024	4656	success	true	580d4726d072d9fe5520f200e6e6276fc566876f11a7462d77389455cbf1a259	1784761448113955448	4763	580d4726d072d9fe5520f200e6e6276fc566876f11a7462d77389455cbf1a259	true
C5	3	asyncs	measured	1024	282	282	1	e6eee3fd86234cc1aee3fd86239cc1f6	1784761447914467119	1784761448226227532	200	1024	4656	success	true	0fcf2e1e60ac1ad939b30df52a1007c5dd800f0c96f5107889bd124714c37a9c	1784761448234980327	4763	0fcf2e1e60ac1ad939b30df52a1007c5dd800f0c96f5107889bd124714c37a9c	true
C5	3	asyncs	measured	1024	283	283	1	debeb2c705c647b2beb2c705c697b22f	1784761448062429286	1784761448383766528	200	1024	4656	success	true	bc4512b58d8dd1056e65438c9baac9effdfd355dd34b74b0f73c179d370c1a5c	1784761448406512434	4763	bc4512b58d8dd1056e65438c9baac9effdfd355dd34b74b0f73c179d370c1a5c	true
C5	3	asyncs	measured	1024	284	284	1	4628406eaac34e23a8406eaac3ce2368	1784761448114343915	1784761448375523116	200	1024	4655	success	true	0677646bb38e2e2fd1f5723fd38129a0e17687a9f1cab0831900686178297428	1784761448390299218	4762	0677646bb38e2e2fd1f5723fd38129a0e17687a9f1cab0831900686178297428	true
C5	3	asyncs	measured	1024	285	285	1	07f3a581d8a1491bb3a581d8a1891bec	1784761448235433111	1784761448564175728	200	1024	4656	success	true	b8850fadd743382e63ac18b32e5966774cdf33f14ee10f77279d3ab8923e70e7	1784761448572663782	4763	b8850fadd743382e63ac18b32e5966774cdf33f14ee10f77279d3ab8923e70e7	true
C5	3	asyncs	measured	1024	286	286	1	c2072c7d61934d1d872c7d61937d1dc9	1784761448390856289	1784761448660275213	200	1024	4656	success	true	b3d39700f925560ac0e596ddd6c450e84007623b0084a21c1e3d639257a5b907	1784761448675283061	4763	b3d39700f925560ac0e596ddd6c450e84007623b0084a21c1e3d639257a5b907	true
C5	3	asyncs	measured	1024	287	287	1	93e051d15f8b4c9ea051d15f8b9c9edc	1784761448426273176	1784761448748912497	200	1024	4655	success	true	900733e7066682041f38832739f60cdb75c2cab42343acd3d7d5115350b488c8	1784761448757362069	4762	900733e7066682041f38832739f60cdb75c2cab42343acd3d7d5115350b488c8	true
C5	3	asyncs	measured	1024	288	288	1	d47daf1d47ce495ebdaf1d47ce695ec6	1784761448573090285	1784761448889782310	200	1024	4656	success	true	e4f73c1c57419415e7e88f6dd010b0431bc9b333d345b390be32d5f7a52e1fa5	1784761448900252611	4763	e4f73c1c57419415e7e88f6dd010b0431bc9b333d345b390be32d5f7a52e1fa5	true
C5	3	asyncs	measured	1024	289	289	1	f6f26d3f02324cf7b26d3f02327cf74f	1784761448675843914	1784761448938836011	200	1024	4656	success	true	ca21fb369fd470d8c82632d2a2bcab55866e32f4e9aca1ec2f223e4e0fba5a8b	1784761448953130181	4763	ca21fb369fd470d8c82632d2a2bcab55866e32f4e9aca1ec2f223e4e0fba5a8b	true
C5	3	asyncs	measured	1024	290	290	1	4c7b7a12287c4a09bb7a12287cba090c	1784761448757938373	1784761449074928766	200	1024	4655	success	true	8514f0965643135a2e67388b8ea54d1e0925cc8b43994367b63d8415c5e1bef4	1784761449289693527	4762	8514f0965643135a2e67388b8ea54d1e0925cc8b43994367b63d8415c5e1bef4	true
C5	3	asyncs	measured	1024	291	291	1	17679ad9107b4f1da79ad9107b4f1dc4	1784761448900727758	1784761449197649341	200	1024	4656	success	true	dd74fe7ca318633e83d204c52b010aa9f8b8672af88d832bc28380263ba20a3a	1784761449422867614	4763	dd74fe7ca318633e83d204c52b010aa9f8b8672af88d832bc28380263ba20a3a	true
C5	3	asyncs	measured	1024	292	292	1	1f371959e43e4a3eb71959e43e3a3e44	1784761448953705670	1784761449208068685	200	1024	4655	success	true	3d2915458c6037bca5ce4463325f636f0aea39b02b79f8212d53254765e8f374	1784761449429678334	4762	3d2915458c6037bca5ce4463325f636f0aea39b02b79f8212d53254765e8f374	true
C5	3	asyncs	measured	1024	293	293	1	6c7d4e63ce73478abd4e63ce73b78a37	1784761449290150189	1784761449562020474	200	1024	4656	success	true	74b41a0f5ef29f8be52589a6eac415e9324557e8c9c741224e160f011419507a	1784761449570305501	4763	74b41a0f5ef29f8be52589a6eac415e9324557e8c9c741224e160f011419507a	true
C5	3	asyncs	measured	1024	294	294	1	4f9da623f75a45d49da623f75a55d499	1784761449423278865	1784761449748664933	200	1024	4655	success	true	21a085a9d80f7b1e8507494a28493c24344a61ad5ced672ceec34f5865e55851	1784761449758005781	4762	21a085a9d80f7b1e8507494a28493c24344a61ad5ced672ceec34f5865e55851	true
C5	3	asyncs	measured	1024	295	295	1	0bf02d5ccf16463bb02d5ccf16163be8	1784761449457775176	1784761449814357378	200	1024	4655	success	true	a43b6aa3da9ebacd8faf5ff4d971f80ea5d788fb5e81c0bf6cc99f4aad760ab7	1784761449820999880	4762	a43b6aa3da9ebacd8faf5ff4d971f80ea5d788fb5e81c0bf6cc99f4aad760ab7	true
C5	3	asyncs	measured	1024	296	296	1	3883981ea0b44e4b83981ea0b41e4b5a	1784761449570788713	1784761449845463654	200	1024	4655	success	true	e1af1bcbfa6c63f18fb1478a52c8c4b34d883e695838f340900903696bf7cb25	1784761449855817048	4762	e1af1bcbfa6c63f18fb1478a52c8c4b34d883e695838f340900903696bf7cb25	true
C5	3	asyncs	measured	1024	297	297	1	7503ed806b8646af83ed806b8646afaf	1784761449758484717	1784761450077865372	200	1024	4655	success	true	78e50365f81e55588bb3d6e154c814634783a17822713519be775736ac3a333c	1784761450096420197	4762	78e50365f81e55588bb3d6e154c814634783a17822713519be775736ac3a333c	true
C5	3	asyncs	measured	1024	298	298	1	3d0079dc6c4542498079dc6c45b24945	1784761449821430046	1784761450090215952	200	1024	4656	success	true	60dfcd17dbac7645bed37feae2db317b0f58e66ce10d0f7cee2fc3bcdcf205a7	1784761450113721461	4763	60dfcd17dbac7645bed37feae2db317b0f58e66ce10d0f7cee2fc3bcdcf205a7	true
C5	3	asyncs	measured	1024	299	299	1	346536bab9c64590a536bab9c6c5908f	1784761449866994477	1784761450174783736	200	1024	4655	success	true	4a6b982e150d987772c120039fecf4db230428357c8fefcc107924e9ea46a8bf	1784761450182355186	4762	4a6b982e150d987772c120039fecf4db230428357c8fefcc107924e9ea46a8bf	true
C5	3	asyncs	measured	1024	300	300	1	9197947f35a2477d97947f35a2b77d74	1784761450097020594	1784761450366545722	200	1024	4656	success	true	ab3c392543c857e5553da816ff3a865030cd291878425fc01c6bbc1d03e2c181	1784761450374250194	4763	ab3c392543c857e5553da816ff3a865030cd291878425fc01c6bbc1d03e2c181	true
