schema_version	profile	artifact_size_bytes	fresh_group	logical_request_id	activation_id	first_result_latency_ms	upload_duration_ms	action_fetch_duration_ms	action_fetch_status	runtime_init_duration_ms	runtime_init_status	kms_key_release_duration_ms	kms_key_release_status	function_key_decap_duration_ms	function_key_decap_status	cfunc_aes_gcm_duration_ms	cfunc_aes_gcm_status	wasm_load_duration_ms	wasm_load_status	wasm_instantiate_duration_ms	wasm_instantiate_status	input_key_decap_duration_ms	input_key_decap_status	input_aes_gcm_duration_ms	input_aes_gcm_status	workload_core_duration_ms	output_kem_duration_ms	output_kem_status	output_aes_gcm_duration_ms	output_aes_gcm_status	outer_execution_duration_ms	fresh_placement_eligible	phase_evidence_status
c2-native-phase-v1	native	65536	1	s65536-g001-fresh	ef4ef46eb1f241898ef46eb1f2618989	753.680427	267.764842		unavailable_no_direct_event	70.000000	activation_annotation_initTime		not_on_path_native		not_on_path_native		not_on_path_native		not_on_path_native		not_on_path_native		not_on_path_native		not_on_path_native	50.414784		not_on_path_native		not_on_path_native	50.468344	true	complete
c2-native-phase-v1	native	262144	1	s262144-g001-fresh	111a718f6f464ddc9a718f6f46addc4a	348.090257	81.585011		unavailable_no_direct_event	124.000000	activation_annotation_initTime		not_on_path_native		not_on_path_native		not_on_path_native		not_on_path_native		not_on_path_native		not_on_path_native		not_on_path_native	50.388982		not_on_path_native		not_on_path_native	50.433865	true	complete
c2-native-phase-v1	native	1048576	1	s1048576-g001-fresh	cdd0b57de971405e90b57de971b05ee9	686.759236	168.625023		unavailable_no_direct_event	138.000000	activation_annotation_initTime		not_on_path_native		not_on_path_native		not_on_path_native		not_on_path_native		not_on_path_native		not_on_path_native		not_on_path_native	50.800067		not_on_path_native		not_on_path_native	50.854120	true	complete
c2-native-phase-v1	native	4194304	1	s4194304-g001-fresh	9a4a39cdbe6b42248a39cdbe6b2224d6	573.429233	516.349892		unavailable_no_direct_event	325.000000	activation_annotation_initTime		not_on_path_native		not_on_path_native		not_on_path_native		not_on_path_native		not_on_path_native		not_on_path_native		not_on_path_native	51.104750		not_on_path_native		not_on_path_native	51.156657	true	complete
c2-native-phase-v1	native	65536	2	s65536-g002-fresh	450254710f684da38254710f68dda316	372.65875	97.573656		unavailable_no_direct_event	112.000000	activation_annotation_initTime		not_on_path_native		not_on_path_native		not_on_path_native		not_on_path_native		not_on_path_native		not_on_path_native		not_on_path_native	51.973533		not_on_path_native		not_on_path_native	52.025609	true	complete
c2-native-phase-v1	native	262144	2	s262144-g002-fresh	c11b18b3e71e47299b18b3e71ef72910	333.352178	76.723208		unavailable_no_direct_event	124.000000	activation_annotation_initTime		not_on_path_native		not_on_path_native		not_on_path_native		not_on_path_native		not_on_path_native		not_on_path_native		not_on_path_native	50.668470		not_on_path_native		not_on_path_native	50.749353	true	complete
c2-native-phase-v1	native	1048576	2	s1048576-g002-fresh	209979954f10412f9979954f10812fb1	465.421952	216.708925		unavailable_no_direct_event	144.000000	activation_annotation_initTime		not_on_path_native		not_on_path_native		not_on_path_native		not_on_path_native		not_on_path_native		not_on_path_native		not_on_path_native	50.413624		not_on_path_native		not_on_path_native	50.452998	true	complete
c2-native-phase-v1	native	4194304	2	s4194304-g002-fresh	7252fbc6da544ce892fbc6da54fce8ef	797.95652	536.669598		unavailable_no_direct_event	310.000000	activation_annotation_initTime		not_on_path_native		not_on_path_native		not_on_path_native		not_on_path_native		not_on_path_native		not_on_path_native		not_on_path_native	50.431140		not_on_path_native		not_on_path_native	50.479410	true	complete
c2-native-phase-v1	native	65536	3	s65536-g003-fresh	0727f44c6f7e43dea7f44c6f7e43deff	289.217052	86.375753		unavailable_no_direct_event	115.000000	activation_annotation_initTime		not_on_path_native		not_on_path_native		not_on_path_native		not_on_path_native		not_on_path_native		not_on_path_native		not_on_path_native	51.452569		not_on_path_native		not_on_path_native	51.526629	true	complete
c2-native-phase-v1	native	262144	3	s262144-g003-fresh	6784f7f730f1491184f7f730f11911a3	361.706777	87.057535		unavailable_no_direct_event	160.000000	activation_annotation_initTime		not_on_path_native		not_on_path_native		not_on_path_native		not_on_path_native		not_on_path_native		not_on_path_native		not_on_path_native	51.401039		not_on_path_native		not_on_path_native	51.457814	true	complete
c2-native-phase-v1	native	1048576	3	s1048576-g003-fresh	cd667599d6c24a17a67599d6c2fa174f	317.496326	183.066606		unavailable_no_direct_event	138.000000	activation_annotation_initTime		not_on_path_native		not_on_path_native		not_on_path_native		not_on_path_native		not_on_path_native		not_on_path_native		not_on_path_native	50.497565		not_on_path_native		not_on_path_native	50.542561	true	complete
c2-native-phase-v1	native	4194304	3	s4194304-g003-fresh	c0f4dee5e0d94436b4dee5e0d9143674	545.46282	499.519103		unavailable_no_direct_event	228.000000	activation_annotation_initTime		not_on_path_native		not_on_path_native		not_on_path_native		not_on_path_native		not_on_path_native		not_on_path_native		not_on_path_native	49.402372		not_on_path_native		not_on_path_native	49.452909	true	complete
c2-native-phase-v1	native	65536	4	s65536-g004-fresh	b3ffefd8fd3c4ea8bfefd8fd3c2ea884	414.038432	59.931232		unavailable_no_direct_event	123.000000	activation_annotation_initTime		not_on_path_native		not_on_path_native		not_on_path_native		not_on_path_native		not_on_path_native		not_on_path_native		not_on_path_native	49.768527		not_on_path_native		not_on_path_native	49.826820	true	complete
c2-native-phase-v1	native	262144	4	s262144-g004-fresh	00f712585d724b57b712585d72ab57da	552.417845	71.977331		unavailable_no_direct_event	177.000000	activation_annotation_initTime		not_on_path_native		not_on_path_native		not_on_path_native		not_on_path_native		not_on_path_native		not_on_path_native		not_on_path_native	50.707024		not_on_path_native		not_on_path_native	50.758543	true	complete
c2-native-phase-v1	native	1048576	4	s1048576-g004-fresh	153abd667274457ebabd667274557e91	575.245384	176.837849		unavailable_no_direct_event	262.000000	activation_annotation_initTime		not_on_path_native		not_on_path_native		not_on_path_native		not_on_path_native		not_on_path_native		not_on_path_native		not_on_path_native	55.242986		not_on_path_native		not_on_path_native	55.307749	true	complete
c2-native-phase-v1	native	4194304	4	s4194304-g004-fresh	7ec3ee761a6149c483ee761a6139c4fa	569.744037	528.882454		unavailable_no_direct_event	346.000000	activation_annotation_initTime		not_on_path_native		not_on_path_native		not_on_path_native		not_on_path_native		not_on_path_native		not_on_path_native		not_on_path_native	49.757671		not_on_path_native		not_on_path_native	49.811006	true	complete
c2-native-phase-v1	native	65536	5	s65536-g005-fresh	2a78c3eb42de4c25b8c3eb42decc2593	331.570373	60.914037		unavailable_no_direct_event	136.000000	activation_annotation_initTime		not_on_path_native		not_on_path_native		not_on_path_native		not_on_path_native		not_on_path_native		not_on_path_native		not_on_path_native	50.979726		not_on_path_native		not_on_path_native	51.040107	true	complete
c2-native-phase-v1	native	262144	5	s262144-g005-fresh	65bef2771b284448bef2771b288448e0	420.655381	126.742471		unavailable_no_direct_event	114.000000	activation_annotation_initTime		not_on_path_native		not_on_path_native		not_on_path_native		not_on_path_native		not_on_path_native		not_on_path_native		not_on_path_native	53.403182		not_on_path_native		not_on_path_native	53.685388	true	complete
c2-native-phase-v1	native	1048576	5	s1048576-g005-fresh	fd5731415506438e9731415506738e1d	531.224282	181.515622		unavailable_no_direct_event	201.000000	activation_annotation_initTime		not_on_path_native		not_on_path_native		not_on_path_native		not_on_path_native		not_on_path_native		not_on_path_native		not_on_path_native	50.103407		not_on_path_native		not_on_path_native	50.161539	true	complete
c2-native-phase-v1	native	4194304	5	s4194304-g005-fresh	5fb66caaa1304b73b66caaa130ab737f	541.075358	510.557189		unavailable_no_direct_event	338.000000	activation_annotation_initTime		not_on_path_native		not_on_path_native		not_on_path_native		not_on_path_native		not_on_path_native		not_on_path_native		not_on_path_native	50.905961		not_on_path_native		not_on_path_native	50.963168	true	complete
c2-native-phase-v1	native	65536	6	s65536-g006-fresh	534e16d3b5f14e198e16d3b5f19e19cf	290.823779	56.210278		unavailable_no_direct_event	132.000000	activation_annotation_initTime		not_on_path_native		not_on_path_native		not_on_path_native		not_on_path_native		not_on_path_native		not_on_path_native		not_on_path_native	51.763607		not_on_path_native		not_on_path_native	51.813560	true	complete
c2-native-phase-v1	native	262144	6	s262144-g006-fresh	49ea731c48eb4281aa731c48eb92810e	248.634816	149.510384		unavailable_no_direct_event	76.000000	activation_annotation_initTime		not_on_path_native		not_on_path_native		not_on_path_native		not_on_path_native		not_on_path_native		not_on_path_native		not_on_path_native	50.762802		not_on_path_native		not_on_path_native	50.813980	true	complete
c2-native-phase-v1	native	1048576	6	s1048576-g006-fresh	ce76a5e92d30413db6a5e92d30713df9	362.905549	181.647835		unavailable_no_direct_event	154.000000	activation_annotation_initTime		not_on_path_native		not_on_path_native		not_on_path_native		not_on_path_native		not_on_path_native		not_on_path_native		not_on_path_native	51.347822		not_on_path_native		not_on_path_native	51.397234	true	complete
c2-native-phase-v1	native	4194304	6	s4194304-g006-fresh	db4721a61b9745c68721a61b9735c622	673.049478	523.474392		unavailable_no_direct_event	451.000000	activation_annotation_initTime		not_on_path_native		not_on_path_native		not_on_path_native		not_on_path_native		not_on_path_native		not_on_path_native		not_on_path_native	50.949199		not_on_path_native		not_on_path_native	51.002785	true	complete
c2-native-phase-v1	native	65536	7	s65536-g007-fresh	e97b716f4a484456bb716f4a48d456b5	440.233066	58.698559		unavailable_no_direct_event	157.000000	activation_annotation_initTime		not_on_path_native		not_on_path_native		not_on_path_native		not_on_path_native		not_on_path_native		not_on_path_native		not_on_path_native	51.865787		not_on_path_native		not_on_path_native	51.928126	true	complete
c2-native-phase-v1	native	262144	7	s262144-g007-fresh	801bd2b1312e45689bd2b1312e25688c	386.625449	81.265246		unavailable_no_direct_event	217.000000	activation_annotation_initTime		not_on_path_native		not_on_path_native		not_on_path_native		not_on_path_native		not_on_path_native		not_on_path_native		not_on_path_native	49.883077		not_on_path_native		not_on_path_native	49.942431	true	complete
c2-native-phase-v1	native	1048576	7	s1048576-g007-fresh	fa77b631f3874433b7b631f3877433e7	436.039082	183.078324		unavailable_no_direct_event	239.000000	activation_annotation_initTime		not_on_path_native		not_on_path_native		not_on_path_native		not_on_path_native		not_on_path_native		not_on_path_native		not_on_path_native	50.132082		not_on_path_native		not_on_path_native	50.185549	true	complete
c2-native-phase-v1	native	4194304	7	s4194304-g007-fresh	7e93e6b07cc345ba93e6b07cc3c5ba50	861.210498	504.584248		unavailable_no_direct_event	569.000000	activation_annotation_initTime		not_on_path_native		not_on_path_native		not_on_path_native		not_on_path_native		not_on_path_native		not_on_path_native		not_on_path_native	50.701876		not_on_path_native		not_on_path_native	50.758541	true	complete
c2-native-phase-v1	native	65536	8	s65536-g008-fresh	a9e52cb709bb4138a52cb709bb7138a3	271.004929	55.820651		unavailable_no_direct_event	123.000000	activation_annotation_initTime		not_on_path_native		not_on_path_native		not_on_path_native		not_on_path_native		not_on_path_native		not_on_path_native		not_on_path_native	51.713924		not_on_path_native		not_on_path_native	51.769799	true	complete
c2-native-phase-v1	native	262144	8	s262144-g008-fresh	1e8c0f90fe084c338c0f90fe080c33be	352.506596	60.953863		unavailable_no_direct_event	84.000000	activation_annotation_initTime		not_on_path_native		not_on_path_native		not_on_path_native		not_on_path_native		not_on_path_native		not_on_path_native		not_on_path_native	49.850213		not_on_path_native		not_on_path_native	49.906029	true	complete
c2-native-phase-v1	native	1048576	8	s1048576-g008-fresh	18a86282154942a6a862821549d2a6a1	404.534099	215.790998		unavailable_no_direct_event	166.000000	activation_annotation_initTime		not_on_path_native		not_on_path_native		not_on_path_native		not_on_path_native		not_on_path_native		not_on_path_native		not_on_path_native	50.693972		not_on_path_native		not_on_path_native	50.746912	true	complete
c2-native-phase-v1	native	4194304	8	s4194304-g008-fresh	6235fc6707334945b5fc670733194566	662.648212	509.572669		unavailable_no_direct_event	390.000000	activation_annotation_initTime		not_on_path_native		not_on_path_native		not_on_path_native		not_on_path_native		not_on_path_native		not_on_path_native		not_on_path_native	50.630671		not_on_path_native		not_on_path_native	50.686661	true	complete
c2-native-phase-v1	native	65536	9	s65536-g009-fresh	23e7fc85dd0948d2a7fc85dd0938d297	423.551806	74.836209		unavailable_no_direct_event	122.000000	activation_annotation_initTime		not_on_path_native		not_on_path_native		not_on_path_native		not_on_path_native		not_on_path_native		not_on_path_native		not_on_path_native	50.746934		not_on_path_native		not_on_path_native	50.814824	true	complete
c2-native-phase-v1	native	262144	9	s262144-g009-fresh	96feffa320d14ffdbeffa320d17ffded	360.866349	90.055357		unavailable_no_direct_event	87.000000	activation_annotation_initTime		not_on_path_native		not_on_path_native		not_on_path_native		not_on_path_native		not_on_path_native		not_on_path_native		not_on_path_native	50.961327		not_on_path_native		not_on_path_native	51.020242	true	complete
c2-native-phase-v1	native	1048576	9	s1048576-g009-fresh	f22675c2282449dca675c2282499dc89	463.579333	184.152355		unavailable_no_direct_event	179.000000	activation_annotation_initTime		not_on_path_native		not_on_path_native		not_on_path_native		not_on_path_native		not_on_path_native		not_on_path_native		not_on_path_native	49.727353		not_on_path_native		not_on_path_native	49.786040	true	complete
c2-native-phase-v1	native	4194304	9	s4194304-g009-fresh	fe8478e6d464457d8478e6d464e57d1b	554.007132	598.041045		unavailable_no_direct_event	360.000000	activation_annotation_initTime		not_on_path_native		not_on_path_native		not_on_path_native		not_on_path_native		not_on_path_native		not_on_path_native		not_on_path_native	51.954727		not_on_path_native		not_on_path_native	52.007902	true	complete
c2-native-phase-v1	native	65536	10	s65536-g010-fresh	4992788620ab41a592788620abf1a5c8	398.123575	66.998594		unavailable_no_direct_event	120.000000	activation_annotation_initTime		not_on_path_native		not_on_path_native		not_on_path_native		not_on_path_native		not_on_path_native		not_on_path_native		not_on_path_native	51.467258		not_on_path_native		not_on_path_native	51.550743	true	complete
c2-native-phase-v1	native	262144	10	s262144-g010-fresh	9db3d1f656444a4fb3d1f656441a4f4c	501.516565	95.438136		unavailable_no_direct_event	190.000000	activation_annotation_initTime		not_on_path_native		not_on_path_native		not_on_path_native		not_on_path_native		not_on_path_native		not_on_path_native		not_on_path_native	50.736454		not_on_path_native		not_on_path_native	50.791280	true	complete
c2-native-phase-v1	native	1048576	10	s1048576-g010-fresh	e9591e5268f8419a991e5268f8319a90	479.069751	162.026470		unavailable_no_direct_event	171.000000	activation_annotation_initTime		not_on_path_native		not_on_path_native		not_on_path_native		not_on_path_native		not_on_path_native		not_on_path_native		not_on_path_native	50.657411		not_on_path_native		not_on_path_native	50.717556	true	complete
c2-native-phase-v1	native	4194304	10	s4194304-g010-fresh	e1ad238426274cafad23842627fcaf71	725.246124	520.684962		unavailable_no_direct_event	375.000000	activation_annotation_initTime		not_on_path_native		not_on_path_native		not_on_path_native		not_on_path_native		not_on_path_native		not_on_path_native		not_on_path_native	50.412863		not_on_path_native		not_on_path_native	50.465847	true	complete
c2-native-phase-v1	native	65536	11	s65536-g011-fresh	c90a491a0256486f8a491a0256986f49	410.215411	60.604475		unavailable_no_direct_event	130.000000	activation_annotation_initTime		not_on_path_native		not_on_path_native		not_on_path_native		not_on_path_native		not_on_path_native		not_on_path_native		not_on_path_native	54.358180		not_on_path_native		not_on_path_native	54.421702	true	complete
c2-native-phase-v1	native	262144	11	s262144-g011-fresh	78547a5701dd4200947a5701dda2009e	394.800393	78.748841		unavailable_no_direct_event	137.000000	activation_annotation_initTime		not_on_path_native		not_on_path_native		not_on_path_native		not_on_path_native		not_on_path_native		not_on_path_native		not_on_path_native	51.767788		not_on_path_native		not_on_path_native	51.826463	true	complete
c2-native-phase-v1	native	1048576	11	s1048576-g011-fresh	8df7f10149c94d4eb7f10149c94d4e88	459.12632	193.436399		unavailable_no_direct_event	175.000000	activation_annotation_initTime		not_on_path_native		not_on_path_native		not_on_path_native		not_on_path_native		not_on_path_native		not_on_path_native		not_on_path_native	51.241297		not_on_path_native		not_on_path_native	51.308271	true	complete
c2-native-phase-v1	native	4194304	11	s4194304-g011-fresh	bca4792315344a16a4792315343a1628	628.62793	508.360661		unavailable_no_direct_event	408.000000	activation_annotation_initTime		not_on_path_native		not_on_path_native		not_on_path_native		not_on_path_native		not_on_path_native		not_on_path_native		not_on_path_native	50.404336		not_on_path_native		not_on_path_native	50.461651	true	complete
c2-native-phase-v1	native	65536	12	s65536-g012-fresh	8dc5098975164d2a8509897516ed2aaa	285.43043	60.279418		unavailable_no_direct_event	137.000000	activation_annotation_initTime		not_on_path_native		not_on_path_native		not_on_path_native		not_on_path_native		not_on_path_native		not_on_path_native		not_on_path_native	50.380940		not_on_path_native		not_on_path_native	50.443714	true	complete
c2-native-phase-v1	native	262144	12	s262144-g012-fresh	43a6be21d93f4d5da6be21d93ffd5d4d	294.254121	62.343823		unavailable_no_direct_event	126.000000	activation_annotation_initTime		not_on_path_native		not_on_path_native		not_on_path_native		not_on_path_native		not_on_path_native		not_on_path_native		not_on_path_native	55.617777		not_on_path_native		not_on_path_native	55.689138	true	complete
c2-native-phase-v1	native	1048576	12	s1048576-g012-fresh	f8faeba7d6dc47dfbaeba7d6dc77df8b	472.420162	225.228705		unavailable_no_direct_event	193.000000	activation_annotation_initTime		not_on_path_native		not_on_path_native		not_on_path_native		not_on_path_native		not_on_path_native		not_on_path_native		not_on_path_native	58.130973		not_on_path_native		not_on_path_native	58.189164	true	complete
c2-native-phase-v1	native	4194304	12	s4194304-g012-fresh	8fd1c931ea0f461191c931ea0f961150	608.58349	497.725371		unavailable_no_direct_event	379.000000	activation_annotation_initTime		not_on_path_native		not_on_path_native		not_on_path_native		not_on_path_native		not_on_path_native		not_on_path_native		not_on_path_native	50.845142		not_on_path_native		not_on_path_native	50.898960	true	complete
c2-native-phase-v1	native	65536	13	s65536-g013-fresh	5d3fc15a6b3a42b0bfc15a6b3aa2b0fd	296.880551	51.388810		unavailable_no_direct_event	130.000000	activation_annotation_initTime		not_on_path_native		not_on_path_native		not_on_path_native		not_on_path_native		not_on_path_native		not_on_path_native		not_on_path_native	51.928783		not_on_path_native		not_on_path_native	52.237527	true	complete
c2-native-phase-v1	native	262144	13	s262144-g013-fresh	6f521b481a7e481b921b481a7ef81ba1	354.779314	66.751445		unavailable_no_direct_event	96.000000	activation_annotation_initTime		not_on_path_native		not_on_path_native		not_on_path_native		not_on_path_native		not_on_path_native		not_on_path_native		not_on_path_native	55.883930		not_on_path_native		not_on_path_native	55.936821	true	complete
c2-native-phase-v1	native	1048576	13	s1048576-g013-fresh	7da4a35ae017405ba4a35ae017305be4	432.324988	168.720861		unavailable_no_direct_event	254.000000	activation_annotation_initTime		not_on_path_native		not_on_path_native		not_on_path_native		not_on_path_native		not_on_path_native		not_on_path_native		not_on_path_native	57.827306		not_on_path_native		not_on_path_native	57.891712	true	complete
c2-native-phase-v1	native	4194304	13	s4194304-g013-fresh	12766aa5d0e4443cb66aa5d0e4643cc9	805.885858	490.593127		unavailable_no_direct_event	452.000000	activation_annotation_initTime		not_on_path_native		not_on_path_native		not_on_path_native		not_on_path_native		not_on_path_native		not_on_path_native		not_on_path_native	50.893403		not_on_path_native		not_on_path_native	50.960145	true	complete
c2-native-phase-v1	native	65536	14	s65536-g014-fresh	e54bebabf6e94d258bebabf6e9fd2540	261.396598	58.558109		unavailable_no_direct_event	110.000000	activation_annotation_initTime		not_on_path_native		not_on_path_native		not_on_path_native		not_on_path_native		not_on_path_native		not_on_path_native		not_on_path_native	50.661771		not_on_path_native		not_on_path_native	50.725327	true	complete
c2-native-phase-v1	native	262144	14	s262144-g014-fresh	ef5aa36b775d45bd9aa36b775d05bd26	783.341226	64.699743		unavailable_no_direct_event	115.000000	activation_annotation_initTime		not_on_path_native		not_on_path_native		not_on_path_native		not_on_path_native		not_on_path_native		not_on_path_native		not_on_path_native	51.582880		not_on_path_native		not_on_path_native	51.630126	true	complete
c2-native-phase-v1	native	1048576	14	s1048576-g014-fresh	09939a77894a4fc0939a77894a7fc0f3	355.374772	231.484472		unavailable_no_direct_event	187.000000	activation_annotation_initTime		not_on_path_native		not_on_path_native		not_on_path_native		not_on_path_native		not_on_path_native		not_on_path_native		not_on_path_native	51.128348		not_on_path_native		not_on_path_native	51.194300	true	complete
c2-native-phase-v1	native	4194304	14	s4194304-g014-fresh	95bb6cd659db4574bb6cd659db3574dd	823.99984	539.123866		unavailable_no_direct_event	508.000000	activation_annotation_initTime		not_on_path_native		not_on_path_native		not_on_path_native		not_on_path_native		not_on_path_native		not_on_path_native		not_on_path_native	50.442609		not_on_path_native		not_on_path_native	50.501233	true	complete
c2-native-phase-v1	native	65536	15	s65536-g015-fresh	3dffe819b67947e7bfe819b67967e7af	281.17156	63.280874		unavailable_no_direct_event	130.000000	activation_annotation_initTime		not_on_path_native		not_on_path_native		not_on_path_native		not_on_path_native		not_on_path_native		not_on_path_native		not_on_path_native	54.257084		not_on_path_native		not_on_path_native	54.325438	true	complete
c2-native-phase-v1	native	262144	15	s262144-g015-fresh	677d2e1788094e3fbd2e178809fe3fe1	295.374685	63.614361		unavailable_no_direct_event	143.000000	activation_annotation_initTime		not_on_path_native		not_on_path_native		not_on_path_native		not_on_path_native		not_on_path_native		not_on_path_native		not_on_path_native	50.726215		not_on_path_native		not_on_path_native	50.785395	true	complete
c2-native-phase-v1	native	1048576	15	s1048576-g015-fresh	9bf896fe2be745e9b896fe2be755e943	357.913975	171.519302		unavailable_no_direct_event	186.000000	activation_annotation_initTime		not_on_path_native		not_on_path_native		not_on_path_native		not_on_path_native		not_on_path_native		not_on_path_native		not_on_path_native	50.897148		not_on_path_native		not_on_path_native	50.955312	true	complete
c2-native-phase-v1	native	4194304	15	s4194304-g015-fresh	9337ceffc8e84425b7ceffc8e8442525	536.901176	586.921023		unavailable_no_direct_event	363.000000	activation_annotation_initTime		not_on_path_native		not_on_path_native		not_on_path_native		not_on_path_native		not_on_path_native		not_on_path_native		not_on_path_native	50.671708		not_on_path_native		not_on_path_native	50.723212	true	complete
c2-native-phase-v1	native	65536	16	s65536-g016-fresh	39cd7a69336f41d48d7a69336f31d450	381.492972	81.846084		unavailable_no_direct_event	125.000000	activation_annotation_initTime		not_on_path_native		not_on_path_native		not_on_path_native		not_on_path_native		not_on_path_native		not_on_path_native		not_on_path_native	51.409637		not_on_path_native		not_on_path_native	51.467175	true	complete
c2-native-phase-v1	native	262144	16	s262144-g016-fresh	5fad29b79bae420dad29b79bae620d54	214.323312	64.923977		unavailable_no_direct_event	67.000000	activation_annotation_initTime		not_on_path_native		not_on_path_native		not_on_path_native		not_on_path_native		not_on_path_native		not_on_path_native		not_on_path_native	52.129179		not_on_path_native		not_on_path_native	52.177188	true	complete
c2-native-phase-v1	native	1048576	16	s1048576-g016-fresh	91cc1380119d4ca18c1380119daca196	457.953367	182.107929		unavailable_no_direct_event	169.000000	activation_annotation_initTime		not_on_path_native		not_on_path_native		not_on_path_native		not_on_path_native		not_on_path_native		not_on_path_native		not_on_path_native	50.744626		not_on_path_native		not_on_path_native	50.793765	true	complete
c2-native-phase-v1	native	4194304	16	s4194304-g016-fresh	aa17120d6cd54d6a97120d6cd5dd6afd	621.967764	502.962074		unavailable_no_direct_event	422.000000	activation_annotation_initTime		not_on_path_native		not_on_path_native		not_on_path_native		not_on_path_native		not_on_path_native		not_on_path_native		not_on_path_native	50.378336		not_on_path_native		not_on_path_native	50.435531	true	complete
c2-native-phase-v1	native	65536	17	s65536-g017-fresh	de926389f91f4cd5926389f91f9cd5a8	257.633031	75.124609		unavailable_no_direct_event	106.000000	activation_annotation_initTime		not_on_path_native		not_on_path_native		not_on_path_native		not_on_path_native		not_on_path_native		not_on_path_native		not_on_path_native	51.955862		not_on_path_native		not_on_path_native	52.006156	true	complete
c2-native-phase-v1	native	262144	17	s262144-g017-fresh	c54965cf689a492a8965cf689af92a23	276.565905	74.225255		unavailable_no_direct_event	113.000000	activation_annotation_initTime		not_on_path_native		not_on_path_native		not_on_path_native		not_on_path_native		not_on_path_native		not_on_path_native		not_on_path_native	50.415773		not_on_path_native		not_on_path_native	50.475160	true	complete
c2-native-phase-v1	native	1048576	17	s1048576-g017-fresh	35e6eb782abf484ba6eb782abf784bbc	339.965898	199.793948		unavailable_no_direct_event	189.000000	activation_annotation_initTime		not_on_path_native		not_on_path_native		not_on_path_native		not_on_path_native		not_on_path_native		not_on_path_native		not_on_path_native	51.340471		not_on_path_native		not_on_path_native	51.398727	true	complete
c2-native-phase-v1	native	4194304	17	s4194304-g017-fresh	80468e3053b74cff868e3053b74cfff6	588.843275	504.737578		unavailable_no_direct_event	372.000000	activation_annotation_initTime		not_on_path_native		not_on_path_native		not_on_path_native		not_on_path_native		not_on_path_native		not_on_path_native		not_on_path_native	49.869867		not_on_path_native		not_on_path_native	49.925550	true	complete
c2-native-phase-v1	native	65536	18	s65536-g018-fresh	6cf6c95c5b0946efb6c95c5b09c6effc	336.493634	54.313157		unavailable_no_direct_event	65.000000	activation_annotation_initTime		not_on_path_native		not_on_path_native		not_on_path_native		not_on_path_native		not_on_path_native		not_on_path_native		not_on_path_native	52.958947		not_on_path_native		not_on_path_native	53.012124	true	complete
c2-native-phase-v1	native	262144	18	s262144-g018-fresh	1d40138980a440cd80138980a440cd24	483.345808	88.396607		unavailable_no_direct_event	208.000000	activation_annotation_initTime		not_on_path_native		not_on_path_native		not_on_path_native		not_on_path_native		not_on_path_native		not_on_path_native		not_on_path_native	50.659788		not_on_path_native		not_on_path_native	50.739712	true	complete
c2-native-phase-v1	native	1048576	18	s1048576-g018-fresh	42562dba33c845df962dba33c845df39	272.93483	187.383406		unavailable_no_direct_event	98.000000	activation_annotation_initTime		not_on_path_native		not_on_path_native		not_on_path_native		not_on_path_native		not_on_path_native		not_on_path_native		not_on_path_native	50.998123		not_on_path_native		not_on_path_native	51.050275	true	complete
c2-native-phase-v1	native	4194304	18	s4194304-g018-fresh	4779a1b7c2f846f3b9a1b7c2f8d6f314	595.38432	502.123582		unavailable_no_direct_event	405.000000	activation_annotation_initTime		not_on_path_native		not_on_path_native		not_on_path_native		not_on_path_native		not_on_path_native		not_on_path_native		not_on_path_native	53.480596		not_on_path_native		not_on_path_native	53.537178	true	complete
c2-native-phase-v1	native	65536	19	s65536-g019-fresh	25a75599457f4255a75599457f9255ec	265.442255	51.536716		unavailable_no_direct_event	107.000000	activation_annotation_initTime		not_on_path_native		not_on_path_native		not_on_path_native		not_on_path_native		not_on_path_native		not_on_path_native		not_on_path_native	50.953588		not_on_path_native		not_on_path_native	51.497413	true	complete
c2-native-phase-v1	native	262144	19	s262144-g019-fresh	96af96529a1a4f0eaf96529a1adf0ef4	450.272172	63.970321		unavailable_no_direct_event	158.000000	activation_annotation_initTime		not_on_path_native		not_on_path_native		not_on_path_native		not_on_path_native		not_on_path_native		not_on_path_native		not_on_path_native	50.817530		not_on_path_native		not_on_path_native	50.910199	true	complete
c2-native-phase-v1	native	1048576	19	s1048576-g019-fresh	e796f2a6ea05426c96f2a6ea05e26c91	482.608869	159.735034		unavailable_no_direct_event	232.000000	activation_annotation_initTime		not_on_path_native		not_on_path_native		not_on_path_native		not_on_path_native		not_on_path_native		not_on_path_native		not_on_path_native	49.773249		not_on_path_native		not_on_path_native	49.827155	true	complete
c2-native-phase-v1	native	4194304	19	s4194304-g019-fresh	e7a6121ed8d2408ba6121ed8d2e08ba3	534.787186	506.640202		unavailable_no_direct_event	310.000000	activation_annotation_initTime		not_on_path_native		not_on_path_native		not_on_path_native		not_on_path_native		not_on_path_native		not_on_path_native		not_on_path_native	50.791693		not_on_path_native		not_on_path_native	50.867765	true	complete
c2-native-phase-v1	native	65536	20	s65536-g020-fresh	8415efd653b34ca595efd653b3fca5c4	382.939353	62.019358		unavailable_no_direct_event	124.000000	activation_annotation_initTime		not_on_path_native		not_on_path_native		not_on_path_native		not_on_path_native		not_on_path_native		not_on_path_native		not_on_path_native	50.702849		not_on_path_native		not_on_path_native	50.794640	true	complete
c2-native-phase-v1	native	262144	20	s262144-g020-fresh	12810af693cd448b810af693cd348b92	328.696906	72.979028		unavailable_no_direct_event	154.000000	activation_annotation_initTime		not_on_path_native		not_on_path_native		not_on_path_native		not_on_path_native		not_on_path_native		not_on_path_native		not_on_path_native	50.683857		not_on_path_native		not_on_path_native	50.750911	true	complete
c2-native-phase-v1	native	1048576	20	s1048576-g020-fresh	8a7458a7f4aa4f8eb458a7f4aa4f8e54	475.85851	165.675826		unavailable_no_direct_event	160.000000	activation_annotation_initTime		not_on_path_native		not_on_path_native		not_on_path_native		not_on_path_native		not_on_path_native		not_on_path_native		not_on_path_native	58.110889		not_on_path_native		not_on_path_native	58.167358	true	complete
c2-native-phase-v1	native	4194304	20	s4194304-g020-fresh	c0137b52ab7f4ae5937b52ab7f4ae505	680.215316	519.492520		unavailable_no_direct_event	380.000000	activation_annotation_initTime		not_on_path_native		not_on_path_native		not_on_path_native		not_on_path_native		not_on_path_native		not_on_path_native		not_on_path_native	50.431774		not_on_path_native		not_on_path_native	51.469342	true	complete
c2-native-phase-v1	native	65536	21	s65536-g021-fresh	ad248b2e2e494bafa48b2e2e496bafbc	284.525601	64.456962		unavailable_no_direct_event	138.000000	activation_annotation_initTime		not_on_path_native		not_on_path_native		not_on_path_native		not_on_path_native		not_on_path_native		not_on_path_native		not_on_path_native	52.638476		not_on_path_native		not_on_path_native	52.697816	true	complete
c2-native-phase-v1	native	262144	21	s262144-g021-fresh	2fae13acc6ff48a0ae13acc6ff08a047	461.964897	69.102453		unavailable_no_direct_event	189.000000	activation_annotation_initTime		not_on_path_native		not_on_path_native		not_on_path_native		not_on_path_native		not_on_path_native		not_on_path_native		not_on_path_native	53.178830		not_on_path_native		not_on_path_native	53.241046	true	complete
c2-native-phase-v1	native	1048576	21	s1048576-g021-fresh	4598cac8dfcb465a98cac8dfcbc65aa0	478.237116	252.177540		unavailable_no_direct_event	291.000000	activation_annotation_initTime		not_on_path_native		not_on_path_native		not_on_path_native		not_on_path_native		not_on_path_native		not_on_path_native		not_on_path_native	50.692800		not_on_path_native		not_on_path_native	50.751049	true	complete
c2-native-phase-v1	native	4194304	21	s4194304-g021-fresh	f7098419c87c4312898419c87cd31288	582.778691	582.278499		unavailable_no_direct_event	352.000000	activation_annotation_initTime		not_on_path_native		not_on_path_native		not_on_path_native		not_on_path_native		not_on_path_native		not_on_path_native		not_on_path_native	50.674158		not_on_path_native		not_on_path_native	50.727730	true	complete
c2-native-phase-v1	native	65536	22	s65536-g022-fresh	4f77f2875ecc4db2b7f2875ecc5db240	255.31194	76.492839		unavailable_no_direct_event	116.000000	activation_annotation_initTime		not_on_path_native		not_on_path_native		not_on_path_native		not_on_path_native		not_on_path_native		not_on_path_native		not_on_path_native	50.736099		not_on_path_native		not_on_path_native	50.802320	true	complete
c2-native-phase-v1	native	262144	22	s262144-g022-fresh	36d444cdef3e46fd9444cdef3ef6fdd5	868.809076	68.111622		unavailable_no_direct_event	90.000000	activation_annotation_initTime		not_on_path_native		not_on_path_native		not_on_path_native		not_on_path_native		not_on_path_native		not_on_path_native		not_on_path_native	52.384943		not_on_path_native		not_on_path_native	52.439910	true	complete
c2-native-phase-v1	native	1048576	22	s1048576-g022-fresh	83f19e3f4e6b444bb19e3f4e6be44b0b	463.506755	159.418350		unavailable_no_direct_event	174.000000	activation_annotation_initTime		not_on_path_native		not_on_path_native		not_on_path_native		not_on_path_native		not_on_path_native		not_on_path_native		not_on_path_native	52.896046		not_on_path_native		not_on_path_native	52.951777	true	complete
c2-native-phase-v1	native	4194304	22	s4194304-g022-fresh	ae391f049afb4d5fb91f049afb2d5fcd	609.39443	491.474817		unavailable_no_direct_event	357.000000	activation_annotation_initTime		not_on_path_native		not_on_path_native		not_on_path_native		not_on_path_native		not_on_path_native		not_on_path_native		not_on_path_native	50.641057		not_on_path_native		not_on_path_native	50.681001	true	complete
c2-native-phase-v1	native	65536	23	s65536-g023-fresh	8542a4d65fe247f482a4d65fe2c7f479	292.055992	60.388149		unavailable_no_direct_event	133.000000	activation_annotation_initTime		not_on_path_native		not_on_path_native		not_on_path_native		not_on_path_native		not_on_path_native		not_on_path_native		not_on_path_native	50.396339		not_on_path_native		not_on_path_native	50.454662	true	complete
c2-native-phase-v1	native	262144	23	s262144-g023-fresh	623fa8680016479ebfa8680016379eb2	398.782519	66.410033		unavailable_no_direct_event	133.000000	activation_annotation_initTime		not_on_path_native		not_on_path_native		not_on_path_native		not_on_path_native		not_on_path_native		not_on_path_native		not_on_path_native	51.535019		not_on_path_native		not_on_path_native	51.590795	true	complete
c2-native-phase-v1	native	1048576	23	s1048576-g023-fresh	f49c3ebfacfa409a9c3ebfacfaa09a90	350.927765	173.862291		unavailable_no_direct_event	171.000000	activation_annotation_initTime		not_on_path_native		not_on_path_native		not_on_path_native		not_on_path_native		not_on_path_native		not_on_path_native		not_on_path_native	50.432776		not_on_path_native		not_on_path_native	50.487018	true	complete
c2-native-phase-v1	native	4194304	23	s4194304-g023-fresh	081b79f0553949c19b79f0553999c148	560.235402	475.662268		unavailable_no_direct_event	362.000000	activation_annotation_initTime		not_on_path_native		not_on_path_native		not_on_path_native		not_on_path_native		not_on_path_native		not_on_path_native		not_on_path_native	50.551251		not_on_path_native		not_on_path_native	50.602831	true	complete
c2-native-phase-v1	native	65536	24	s65536-g024-fresh	22da1a3035fa43ee9a1a3035fad3ee7d	371.624612	50.317891		unavailable_no_direct_event	107.000000	activation_annotation_initTime		not_on_path_native		not_on_path_native		not_on_path_native		not_on_path_native		not_on_path_native		not_on_path_native		not_on_path_native	51.441205		not_on_path_native		not_on_path_native	51.496599	true	complete
c2-native-phase-v1	native	262144	24	s262144-g024-fresh	5cbe8058dfb14570be8058dfb1857014	305.844383	59.582855		unavailable_no_direct_event	134.000000	activation_annotation_initTime		not_on_path_native		not_on_path_native		not_on_path_native		not_on_path_native		not_on_path_native		not_on_path_native		not_on_path_native	50.705841		not_on_path_native		not_on_path_native	50.766869	true	complete
c2-native-phase-v1	native	1048576	24	s1048576-g024-fresh	3f950210f5164455950210f516c45564	455.335606	223.184184		unavailable_no_direct_event	166.000000	activation_annotation_initTime		not_on_path_native		not_on_path_native		not_on_path_native		not_on_path_native		not_on_path_native		not_on_path_native		not_on_path_native	55.056193		not_on_path_native		not_on_path_native	55.113294	true	complete
c2-native-phase-v1	native	4194304	24	s4194304-g024-fresh	5e2df1e6a74b4188adf1e6a74b718835	700.951191	553.639401		unavailable_no_direct_event	481.000000	activation_annotation_initTime		not_on_path_native		not_on_path_native		not_on_path_native		not_on_path_native		not_on_path_native		not_on_path_native		not_on_path_native	53.152304		not_on_path_native		not_on_path_native	53.207872	true	complete
c2-native-phase-v1	native	65536	25	s65536-g025-fresh	0290345924d349b590345924d3b9b528	361.708283	49.598832		unavailable_no_direct_event	104.000000	activation_annotation_initTime		not_on_path_native		not_on_path_native		not_on_path_native		not_on_path_native		not_on_path_native		not_on_path_native		not_on_path_native	54.582795		not_on_path_native		not_on_path_native	54.883403	true	complete
c2-native-phase-v1	native	262144	25	s262144-g025-fresh	2a888f34fccc461c888f34fccc361ce5	287.088079	55.524340		unavailable_no_direct_event	132.000000	activation_annotation_initTime		not_on_path_native		not_on_path_native		not_on_path_native		not_on_path_native		not_on_path_native		not_on_path_native		not_on_path_native	50.794946		not_on_path_native		not_on_path_native	50.852132	true	complete
c2-native-phase-v1	native	1048576	25	s1048576-g025-fresh	74dc846bdd5c4e459c846bdd5cae45f1	308.340454	149.302623		unavailable_no_direct_event	147.000000	activation_annotation_initTime		not_on_path_native		not_on_path_native		not_on_path_native		not_on_path_native		not_on_path_native		not_on_path_native		not_on_path_native	51.238367		not_on_path_native		not_on_path_native	51.551906	true	complete
c2-native-phase-v1	native	4194304	25	s4194304-g025-fresh	eb3f8767e12b49f2bf8767e12b39f265	796.220866	493.973910		unavailable_no_direct_event	419.000000	activation_annotation_initTime		not_on_path_native		not_on_path_native		not_on_path_native		not_on_path_native		not_on_path_native		not_on_path_native		not_on_path_native	50.883559		not_on_path_native		not_on_path_native	50.941786	true	complete
c2-native-phase-v1	native	65536	26	s65536-g026-fresh	1408f41a06d9493488f41a06d9593429	247.82447	46.039184		unavailable_no_direct_event	106.000000	activation_annotation_initTime		not_on_path_native		not_on_path_native		not_on_path_native		not_on_path_native		not_on_path_native		not_on_path_native		not_on_path_native	54.075712		not_on_path_native		not_on_path_native	54.128458	true	complete
c2-native-phase-v1	native	262144	26	s262144-g026-fresh	594bfe865cec43e68bfe865cec33e661	267.52808	52.661692		unavailable_no_direct_event	127.000000	activation_annotation_initTime		not_on_path_native		not_on_path_native		not_on_path_native		not_on_path_native		not_on_path_native		not_on_path_native		not_on_path_native	50.762487		not_on_path_native		not_on_path_native	50.828035	true	complete
c2-native-phase-v1	native	1048576	26	s1048576-g026-fresh	ea451463108c4fd9851463108cafd9bf	294.258298	145.098176		unavailable_no_direct_event	146.000000	activation_annotation_initTime		not_on_path_native		not_on_path_native		not_on_path_native		not_on_path_native		not_on_path_native		not_on_path_native		not_on_path_native	51.578597		not_on_path_native		not_on_path_native	51.626265	true	complete
c2-native-phase-v1	native	4194304	26	s4194304-g026-fresh	fad025fb922541409025fb92253140ab	768.899877	493.048256		unavailable_no_direct_event	491.000000	activation_annotation_initTime		not_on_path_native		not_on_path_native		not_on_path_native		not_on_path_native		not_on_path_native		not_on_path_native		not_on_path_native	50.573849		not_on_path_native		not_on_path_native	50.622664	true	complete
c2-native-phase-v1	native	65536	27	s65536-g027-fresh	64b373beedb14ef2b373beedb13ef2a9	272.581391	44.878254		unavailable_no_direct_event	119.000000	activation_annotation_initTime		not_on_path_native		not_on_path_native		not_on_path_native		not_on_path_native		not_on_path_native		not_on_path_native		not_on_path_native	52.647983		not_on_path_native		not_on_path_native	52.700318	true	complete
c2-native-phase-v1	native	262144	27	s262144-g027-fresh	e5032799dfee42ca832799dfee82cace	310.213948	64.964349		unavailable_no_direct_event	70.000000	activation_annotation_initTime		not_on_path_native		not_on_path_native		not_on_path_native		not_on_path_native		not_on_path_native		not_on_path_native		not_on_path_native	50.600544		not_on_path_native		not_on_path_native	50.648515	true	complete
c2-native-phase-v1	native	1048576	27	s1048576-g027-fresh	f57054129d61464eb054129d61364e6a	386.291422	182.749337		unavailable_no_direct_event	183.000000	activation_annotation_initTime		not_on_path_native		not_on_path_native		not_on_path_native		not_on_path_native		not_on_path_native		not_on_path_native		not_on_path_native	50.058946		not_on_path_native		not_on_path_native	50.116670	true	complete
c2-native-phase-v1	native	4194304	27	s4194304-g027-fresh	2c919f62e36a45eb919f62e36a85ebe5	754.593604	509.605752		unavailable_no_direct_event	406.000000	activation_annotation_initTime		not_on_path_native		not_on_path_native		not_on_path_native		not_on_path_native		not_on_path_native		not_on_path_native		not_on_path_native	50.986076		not_on_path_native		not_on_path_native	51.024512	true	complete
c2-native-phase-v1	native	65536	28	s65536-g028-fresh	cec07263eda243ce807263eda2d3ce38	380.988128	45.061638		unavailable_no_direct_event	123.000000	activation_annotation_initTime		not_on_path_native		not_on_path_native		not_on_path_native		not_on_path_native		not_on_path_native		not_on_path_native		not_on_path_native	49.902851		not_on_path_native		not_on_path_native	49.957413	true	complete
c2-native-phase-v1	native	262144	28	s262144-g028-fresh	a67a4609b9f24008ba4609b9f2c00859	436.150326	54.899730		unavailable_no_direct_event	143.000000	activation_annotation_initTime		not_on_path_native		not_on_path_native		not_on_path_native		not_on_path_native		not_on_path_native		not_on_path_native		not_on_path_native	53.898558		not_on_path_native		not_on_path_native	53.949819	true	complete
c2-native-phase-v1	native	1048576	28	s1048576-g028-fresh	66287efb6b754f35a87efb6b752f3559	489.723472	152.658987		unavailable_no_direct_event	183.000000	activation_annotation_initTime		not_on_path_native		not_on_path_native		not_on_path_native		not_on_path_native		not_on_path_native		not_on_path_native		not_on_path_native	51.277110		not_on_path_native		not_on_path_native	51.321438	true	complete
c2-native-phase-v1	native	4194304	28	s4194304-g028-fresh	e4640e47739e4763a40e47739e5763ff	557.648063	657.485021		unavailable_no_direct_event	366.000000	activation_annotation_initTime		not_on_path_native		not_on_path_native		not_on_path_native		not_on_path_native		not_on_path_native		not_on_path_native		not_on_path_native	50.727535		not_on_path_native		not_on_path_native	50.768851	true	complete
c2-native-phase-v1	native	65536	29	s65536-g029-fresh	1b74e9ad489c48e4b4e9ad489c98e402	228.286717	39.334324		unavailable_no_direct_event	73.000000	activation_annotation_initTime		not_on_path_native		not_on_path_native		not_on_path_native		not_on_path_native		not_on_path_native		not_on_path_native		not_on_path_native	51.709892		not_on_path_native		not_on_path_native	51.765640	true	complete
c2-native-phase-v1	native	262144	29	s262144-g029-fresh	5cbbe26abd0a4140bbe26abd0af1400d	475.705532	72.862365		unavailable_no_direct_event	196.000000	activation_annotation_initTime		not_on_path_native		not_on_path_native		not_on_path_native		not_on_path_native		not_on_path_native		not_on_path_native		not_on_path_native	50.240639		not_on_path_native		not_on_path_native	50.300147	true	complete
c2-native-phase-v1	native	1048576	29	s1048576-g029-fresh	83925558840b4ddb925558840b5ddbb0	441.325359	228.292318		unavailable_no_direct_event	169.000000	activation_annotation_initTime		not_on_path_native		not_on_path_native		not_on_path_native		not_on_path_native		not_on_path_native		not_on_path_native		not_on_path_native	50.915418		not_on_path_native		not_on_path_native	50.971815	true	complete
c2-native-phase-v1	native	4194304	29	s4194304-g029-fresh	47da19161ced49459a19161cedd94502	502.115362	509.503624		unavailable_no_direct_event	307.000000	activation_annotation_initTime		not_on_path_native		not_on_path_native		not_on_path_native		not_on_path_native		not_on_path_native		not_on_path_native		not_on_path_native	50.685985		not_on_path_native		not_on_path_native	50.777193	true	complete
c2-native-phase-v1	native	65536	30	s65536-g030-fresh	ec3ab42a9f9a40ccbab42a9f9ae0cc21	249.854675	50.705898		unavailable_no_direct_event	114.000000	activation_annotation_initTime		not_on_path_native		not_on_path_native		not_on_path_native		not_on_path_native		not_on_path_native		not_on_path_native		not_on_path_native	51.910590		not_on_path_native		not_on_path_native	51.969241	true	complete
c2-native-phase-v1	native	262144	30	s262144-g030-fresh	3d34c0de22834f47b4c0de22832f479e	369.731735	48.979001		unavailable_no_direct_event	195.000000	activation_annotation_initTime		not_on_path_native		not_on_path_native		not_on_path_native		not_on_path_native		not_on_path_native		not_on_path_native		not_on_path_native	50.301913		not_on_path_native		not_on_path_native	50.345281	true	complete
c2-native-phase-v1	native	1048576	30	s1048576-g030-fresh	453730f812b04837b730f812b0b837db	437.890432	183.180184		unavailable_no_direct_event	155.000000	activation_annotation_initTime		not_on_path_native		not_on_path_native		not_on_path_native		not_on_path_native		not_on_path_native		not_on_path_native		not_on_path_native	50.744568		not_on_path_native		not_on_path_native	50.793193	true	complete
c2-native-phase-v1	native	4194304	30	s4194304-g030-fresh	e7867f9525134efc867f9525132efc57	936.77359	544.731676		unavailable_no_direct_event	696.000000	activation_annotation_initTime		not_on_path_native		not_on_path_native		not_on_path_native		not_on_path_native		not_on_path_native		not_on_path_native		not_on_path_native	52.999142		not_on_path_native		not_on_path_native	56.911092	true	complete
c2-native-phase-v1	native	65536	31	s65536-g031-fresh	677bc004a4304a89bbc004a430ca890a	224.914614	56.565951		unavailable_no_direct_event	85.000000	activation_annotation_initTime		not_on_path_native		not_on_path_native		not_on_path_native		not_on_path_native		not_on_path_native		not_on_path_native		not_on_path_native	50.706180		not_on_path_native		not_on_path_native	50.760190	true	complete
c2-native-phase-v1	native	262144	31	s262144-g031-fresh	ce9b37fdacd645569b37fdacd69556b5	340.558205	73.068228		unavailable_no_direct_event	181.000000	activation_annotation_initTime		not_on_path_native		not_on_path_native		not_on_path_native		not_on_path_native		not_on_path_native		not_on_path_native		not_on_path_native	51.909735		not_on_path_native		not_on_path_native	51.957514	true	complete
c2-native-phase-v1	native	1048576	31	s1048576-g031-fresh	0523ef26c8d144bfa3ef26c8d174bfa0	512.10779	155.566538		unavailable_no_direct_event	227.000000	activation_annotation_initTime		not_on_path_native		not_on_path_native		not_on_path_native		not_on_path_native		not_on_path_native		not_on_path_native		not_on_path_native	55.285038		not_on_path_native		not_on_path_native	55.337680	true	complete
c2-native-phase-v1	native	4194304	31	s4194304-g031-fresh	7eeb80821e7745aeab80821e77c5ae8e	716.40778	502.936519		unavailable_no_direct_event	352.000000	activation_annotation_initTime		not_on_path_native		not_on_path_native		not_on_path_native		not_on_path_native		not_on_path_native		not_on_path_native		not_on_path_native	50.739092		not_on_path_native		not_on_path_native	50.797167	true	complete
c2-native-phase-v1	native	65536	32	s65536-g032-fresh	05d3e81b8f9b428f93e81b8f9b228f01	316.926127	38.924264		unavailable_no_direct_event	159.000000	activation_annotation_initTime		not_on_path_native		not_on_path_native		not_on_path_native		not_on_path_native		not_on_path_native		not_on_path_native		not_on_path_native	50.456039		not_on_path_native		not_on_path_native	50.524917	true	complete
c2-native-phase-v1	native	262144	32	s262144-g032-fresh	244c2779caf746e78c2779caf756e7e4	365.66471	73.920474		unavailable_no_direct_event	86.000000	activation_annotation_initTime		not_on_path_native		not_on_path_native		not_on_path_native		not_on_path_native		not_on_path_native		not_on_path_native		not_on_path_native	50.712553		not_on_path_native		not_on_path_native	50.766188	true	complete
c2-native-phase-v1	native	1048576	32	s1048576-g032-fresh	7d6682ac3f1343b3a682ac3f13b3b3e4	438.106106	145.063794		unavailable_no_direct_event	136.000000	activation_annotation_initTime		not_on_path_native		not_on_path_native		not_on_path_native		not_on_path_native		not_on_path_native		not_on_path_native		not_on_path_native	50.134257		not_on_path_native		not_on_path_native	50.198903	true	complete
c2-native-phase-v1	native	4194304	32	s4194304-g032-fresh	c2eced4429f844b6aced4429f884b61e	606.605073	515.643344		unavailable_no_direct_event	270.000000	activation_annotation_initTime		not_on_path_native		not_on_path_native		not_on_path_native		not_on_path_native		not_on_path_native		not_on_path_native		not_on_path_native	51.132867		not_on_path_native		not_on_path_native	51.177254	true	complete
c2-native-phase-v1	native	65536	33	s65536-g033-fresh	f68ff82773734dcd8ff82773736dcd75	200.165624	43.717784		unavailable_no_direct_event	55.000000	activation_annotation_initTime		not_on_path_native		not_on_path_native		not_on_path_native		not_on_path_native		not_on_path_native		not_on_path_native		not_on_path_native	50.722686		not_on_path_native		not_on_path_native	50.771489	true	complete
c2-native-phase-v1	native	262144	33	s262144-g033-fresh	f1bd61febb604e5abd61febb605e5a9b	327.88474	54.545783		unavailable_no_direct_event	161.000000	activation_annotation_initTime		not_on_path_native		not_on_path_native		not_on_path_native		not_on_path_native		not_on_path_native		not_on_path_native		not_on_path_native	54.715967		not_on_path_native		not_on_path_native	54.774376	true	complete
c2-native-phase-v1	native	1048576	33	s1048576-g033-fresh	9699abffec904cf399abffec903cf395	413.506484	161.179403		unavailable_no_direct_event	138.000000	activation_annotation_initTime		not_on_path_native		not_on_path_native		not_on_path_native		not_on_path_native		not_on_path_native		not_on_path_native		not_on_path_native	49.953442		not_on_path_native		not_on_path_native	50.008239	true	complete
c2-native-phase-v1	native	4194304	33	s4194304-g033-fresh	b81693b6305c4a909693b6305caa905f	538.744287	495.349840		unavailable_no_direct_event	366.000000	activation_annotation_initTime		not_on_path_native		not_on_path_native		not_on_path_native		not_on_path_native		not_on_path_native		not_on_path_native		not_on_path_native	51.126616		not_on_path_native		not_on_path_native	51.179312	true	complete
c2-native-phase-v1	native	65536	34	s65536-g034-fresh	2bd97f49183045a5997f491830e5a509	394.965836	39.710370		unavailable_no_direct_event	142.000000	activation_annotation_initTime		not_on_path_native		not_on_path_native		not_on_path_native		not_on_path_native		not_on_path_native		not_on_path_native		not_on_path_native	51.171534		not_on_path_native		not_on_path_native	51.225300	true	complete
c2-native-phase-v1	native	262144	34	s262144-g034-fresh	180287c943dd449b8287c943dd449b16	278.728189	69.399588		unavailable_no_direct_event	94.000000	activation_annotation_initTime		not_on_path_native		not_on_path_native		not_on_path_native		not_on_path_native		not_on_path_native		not_on_path_native		not_on_path_native	51.986709		not_on_path_native		not_on_path_native	52.041009	true	complete
c2-native-phase-v1	native	1048576	34	s1048576-g034-fresh	53aea21f4bd34059aea21f4bd38059d8	415.542333	211.358617		unavailable_no_direct_event	251.000000	activation_annotation_initTime		not_on_path_native		not_on_path_native		not_on_path_native		not_on_path_native		not_on_path_native		not_on_path_native		not_on_path_native	53.432527		not_on_path_native		not_on_path_native	53.487065	true	complete
c2-native-phase-v1	native	4194304	34	s4194304-g034-fresh	b59b03e08b0d48179b03e08b0d0817b2	842.149025	530.440269		unavailable_no_direct_event	461.000000	activation_annotation_initTime		not_on_path_native		not_on_path_native		not_on_path_native		not_on_path_native		not_on_path_native		not_on_path_native		not_on_path_native	51.051332		not_on_path_native		not_on_path_native	51.112806	true	complete
c2-native-phase-v1	native	65536	35	s65536-g035-fresh	217fb8856d5a498bbfb8856d5a398bf7	383.709179	46.527137		unavailable_no_direct_event	118.000000	activation_annotation_initTime		not_on_path_native		not_on_path_native		not_on_path_native		not_on_path_native		not_on_path_native		not_on_path_native		not_on_path_native	53.302277		not_on_path_native		not_on_path_native	53.349408	true	complete
c2-native-phase-v1	native	262144	35	s262144-g035-fresh	7c971cf3abc04bc5971cf3abc07bc58b	479.135346	79.823812		unavailable_no_direct_event	193.000000	activation_annotation_initTime		not_on_path_native		not_on_path_native		not_on_path_native		not_on_path_native		not_on_path_native		not_on_path_native		not_on_path_native	50.486796		not_on_path_native		not_on_path_native	50.528507	true	complete
c2-native-phase-v1	native	1048576	35	s1048576-g035-fresh	720847e9459049ba8847e94590a9ba2f	347.495062	148.932126		unavailable_no_direct_event	182.000000	activation_annotation_initTime		not_on_path_native		not_on_path_native		not_on_path_native		not_on_path_native		not_on_path_native		not_on_path_native		not_on_path_native	60.502709		not_on_path_native		not_on_path_native	60.561874	true	complete
c2-native-phase-v1	native	4194304	35	s4194304-g035-fresh	8b19bc2e583f4e3c99bc2e583f5e3cd7	617.311647	500.752415		unavailable_no_direct_event	406.000000	activation_annotation_initTime		not_on_path_native		not_on_path_native		not_on_path_native		not_on_path_native		not_on_path_native		not_on_path_native		not_on_path_native	49.681089		not_on_path_native		not_on_path_native	49.736478	true	complete
c2-native-phase-v1	native	65536	36	s65536-g036-fresh	f5fac70c050e4ec9bac70c050e1ec905	246.470579	46.979338		unavailable_no_direct_event	115.000000	activation_annotation_initTime		not_on_path_native		not_on_path_native		not_on_path_native		not_on_path_native		not_on_path_native		not_on_path_native		not_on_path_native	51.969874		not_on_path_native		not_on_path_native	52.015194	true	complete
c2-native-phase-v1	native	262144	36	s262144-g036-fresh	1f6015d924344480a015d924349480f7	421.644782	88.854784		unavailable_no_direct_event	163.000000	activation_annotation_initTime		not_on_path_native		not_on_path_native		not_on_path_native		not_on_path_native		not_on_path_native		not_on_path_native		not_on_path_native	53.756962		not_on_path_native		not_on_path_native	53.815510	true	complete
c2-native-phase-v1	native	1048576	36	s1048576-g036-fresh	ff2d01be0391470bad01be0391a70bfa	387.265042	153.672595		unavailable_no_direct_event	181.000000	activation_annotation_initTime		not_on_path_native		not_on_path_native		not_on_path_native		not_on_path_native		not_on_path_native		not_on_path_native		not_on_path_native	50.879530		not_on_path_native		not_on_path_native	50.942997	true	complete
c2-native-phase-v1	native	4194304	36	s4194304-g036-fresh	bce77bd1be81483ca77bd1be81983c06	518.966894	512.202039		unavailable_no_direct_event	336.000000	activation_annotation_initTime		not_on_path_native		not_on_path_native		not_on_path_native		not_on_path_native		not_on_path_native		not_on_path_native		not_on_path_native	50.859463		not_on_path_native		not_on_path_native	50.909285	true	complete
c2-native-phase-v1	native	65536	37	s65536-g037-fresh	ddcc7747a9594d448c7747a959dd44b6	387.840209	50.502480		unavailable_no_direct_event	135.000000	activation_annotation_initTime		not_on_path_native		not_on_path_native		not_on_path_native		not_on_path_native		not_on_path_native		not_on_path_native		not_on_path_native	52.298266		not_on_path_native		not_on_path_native	52.348895	true	complete
c2-native-phase-v1	native	262144	37	s262144-g037-fresh	54a844cf030440b6a844cf030460b6bb	278.033453	79.570161		unavailable_no_direct_event	139.000000	activation_annotation_initTime		not_on_path_native		not_on_path_native		not_on_path_native		not_on_path_native		not_on_path_native		not_on_path_native		not_on_path_native	50.858545		not_on_path_native		not_on_path_native	50.914171	true	complete
c2-native-phase-v1	native	1048576	37	s1048576-g037-fresh	6d2448b395984955a448b3959829552e	414.892137	151.833956		unavailable_no_direct_event	212.000000	activation_annotation_initTime		not_on_path_native		not_on_path_native		not_on_path_native		not_on_path_native		not_on_path_native		not_on_path_native		not_on_path_native	53.102566		not_on_path_native		not_on_path_native	53.160490	true	complete
c2-native-phase-v1	native	4194304	37	s4194304-g037-fresh	2d0b5fa0da1e46628b5fa0da1eb6623b	625.991029	556.711238		unavailable_no_direct_event	420.000000	activation_annotation_initTime		not_on_path_native		not_on_path_native		not_on_path_native		not_on_path_native		not_on_path_native		not_on_path_native		not_on_path_native	50.343811		not_on_path_native		not_on_path_native	50.382758	true	complete
c2-native-phase-v1	native	65536	38	s65536-g038-fresh	76469d93d831493c869d93d831d93c3d	370.026226	53.866327		unavailable_no_direct_event	126.000000	activation_annotation_initTime		not_on_path_native		not_on_path_native		not_on_path_native		not_on_path_native		not_on_path_native		not_on_path_native		not_on_path_native	53.831295		not_on_path_native		not_on_path_native	53.882320	true	complete
c2-native-phase-v1	native	262144	38	s262144-g038-fresh	916c2e8eef5c4639ac2e8eef5c76397d	389.587742	83.453048		unavailable_no_direct_event	138.000000	activation_annotation_initTime		not_on_path_native		not_on_path_native		not_on_path_native		not_on_path_native		not_on_path_native		not_on_path_native		not_on_path_native	50.645311		not_on_path_native		not_on_path_native	50.689570	true	complete
c2-native-phase-v1	native	1048576	38	s1048576-g038-fresh	dcf53303be4b41e0b53303be4bf1e0b7	457.501396	142.129204		unavailable_no_direct_event	132.000000	activation_annotation_initTime		not_on_path_native		not_on_path_native		not_on_path_native		not_on_path_native		not_on_path_native		not_on_path_native		not_on_path_native	52.403043		not_on_path_native		not_on_path_native	52.484680	true	complete
c2-native-phase-v1	native	4194304	38	s4194304-g038-fresh	f32da2dccd724e92ada2dccd724e922a	547.038772	515.509133		unavailable_no_direct_event	362.000000	activation_annotation_initTime		not_on_path_native		not_on_path_native		not_on_path_native		not_on_path_native		not_on_path_native		not_on_path_native		not_on_path_native	50.645176		not_on_path_native		not_on_path_native	50.706425	true	complete
c2-native-phase-v1	native	65536	39	s65536-g039-fresh	efc740fed67c44488740fed67cc44804	400.005345	47.174539		unavailable_no_direct_event	121.000000	activation_annotation_initTime		not_on_path_native		not_on_path_native		not_on_path_native		not_on_path_native		not_on_path_native		not_on_path_native		not_on_path_native	50.831112		not_on_path_native		not_on_path_native	50.897457	true	complete
c2-native-phase-v1	native	262144	39	s262144-g039-fresh	7a9c4794867444f29c47948674f4f296	292.2124	62.990261		unavailable_no_direct_event	130.000000	activation_annotation_initTime		not_on_path_native		not_on_path_native		not_on_path_native		not_on_path_native		not_on_path_native		not_on_path_native		not_on_path_native	52.202338		not_on_path_native		not_on_path_native	52.262907	true	complete
c2-native-phase-v1	native	1048576	39	s1048576-g039-fresh	5208d74d7622423d88d74d7622f23de4	310.168238	162.412758		unavailable_no_direct_event	161.000000	activation_annotation_initTime		not_on_path_native		not_on_path_native		not_on_path_native		not_on_path_native		not_on_path_native		not_on_path_native		not_on_path_native	49.585094		not_on_path_native		not_on_path_native	49.629577	true	complete
c2-native-phase-v1	native	4194304	39	s4194304-g039-fresh	26692fcc96ce4cb8a92fcc96cefcb8a3	774.350901	501.405433		unavailable_no_direct_event	447.000000	activation_annotation_initTime		not_on_path_native		not_on_path_native		not_on_path_native		not_on_path_native		not_on_path_native		not_on_path_native		not_on_path_native	51.364278		not_on_path_native		not_on_path_native	51.418608	true	complete
c2-native-phase-v1	native	65536	40	s65536-g040-fresh	03c71b294cb74f2a871b294cb74f2a0b	247.763406	37.982283		unavailable_no_direct_event	113.000000	activation_annotation_initTime		not_on_path_native		not_on_path_native		not_on_path_native		not_on_path_native		not_on_path_native		not_on_path_native		not_on_path_native	49.847865		not_on_path_native		not_on_path_native	49.902839	true	complete
c2-native-phase-v1	native	262144	40	s262144-g040-fresh	298dd399f9fb4c9b8dd399f9fbbc9b4e	373.929401	53.130143		unavailable_no_direct_event	112.000000	activation_annotation_initTime		not_on_path_native		not_on_path_native		not_on_path_native		not_on_path_native		not_on_path_native		not_on_path_native		not_on_path_native	52.952383		not_on_path_native		not_on_path_native	53.014215	true	complete
c2-native-phase-v1	native	1048576	40	s1048576-g040-fresh	c60985b45d3c41408985b45d3c2140bb	407.27935	157.128264		unavailable_no_direct_event	136.000000	activation_annotation_initTime		not_on_path_native		not_on_path_native		not_on_path_native		not_on_path_native		not_on_path_native		not_on_path_native		not_on_path_native	51.103125		not_on_path_native		not_on_path_native	51.176700	true	complete
c2-native-phase-v1	native	4194304	40	s4194304-g040-fresh	a92b72495d1d484cab72495d1d084c05	569.484825	561.235072		unavailable_no_direct_event	269.000000	activation_annotation_initTime		not_on_path_native		not_on_path_native		not_on_path_native		not_on_path_native		not_on_path_native		not_on_path_native		not_on_path_native	49.730503		not_on_path_native		not_on_path_native	49.787280	true	complete
