global_group	source_round	source_collection	main_classification	main_classification_path	main_classification_sha256	logical_rows_path	logical_rows_sha256	attempt_rows_path	attempt_rows_sha256	direct_occurrences_path	direct_occurrences_sha256	direct_coverage_path	direct_coverage_sha256	lifecycle_occurrences_path	lifecycle_occurrences_sha256	event_source_manifest_path	event_source_manifest_sha256	c2_event_coverage_path	c2_event_coverage_sha256	source_session_provenance_path	source_session_provenance_sha256	profile_reset_provenance_path	profile_reset_provenance_sha256	cleanup_provenance_path	cleanup_provenance_sha256	public_manifest_path	public_manifest_sha256	private_manifest_path	private_manifest_sha256
1	374	374_c2-reusable-concurrency-16m-child-g001-g004	main_review_accepted_diagnostic_measurement_partial_control_plane_stall_after_two_complete_groups	experiments/collections/374_c2-reusable-concurrency-16m-child-g001-g004/MAIN_AGENT_CLASSIFICATION.md	8f64863be3c94e6bef28730814f8299d2072301c4e39f5b912b513db26f3d9bf	experiments/collections/374_c2-reusable-concurrency-16m-child-g001-g004/recovery/c2/reusable-verification.tsv	f15ca0838e5923afff107346f73c9cc98d7a8d753f05c8944e1cc46b1eda2c57	experiments/collections/374_c2-reusable-concurrency-16m-child-g001-g004/run/activation-attempts.tsv	2f8d509ef4dabd2cba4b8a0cb140df2cbb006aa292cc247539a48d012cb27f4a	experiments/collections/374_c2-reusable-concurrency-16m-child-g001-g004/recovery/direct-events/event-occurrences.tsv	8cb59853a302b9c949a8329ee83daef146c25634012c8cf2942aa1125d94a14f	experiments/collections/374_c2-reusable-concurrency-16m-child-g001-g004/recovery/direct-events/event-coverage.tsv	70b816c0e34ef62b05a6a622a5871b772d5a119ade237969c45aaba11db66689	experiments/collections/374_c2-reusable-concurrency-16m-child-g001-g004/recovery/direct-events/lifecycle-occurrences.tsv	98049ab8113d98a57dd7728d2b3608ece524e97807d491486c0e2c7174c574c5	experiments/collections/374_c2-reusable-concurrency-16m-child-g001-g004/recovery/direct-events/source-manifest.tsv	2fa5c0faf65b0c560cb044c487fd5f364eb6977431c4486127b0b873637c5091	experiments/collections/374_c2-reusable-concurrency-16m-child-g001-g004/recovery/c2/reusable-event-coverage.tsv	c75b015a9ca8e49f42bb4159b0160194c876e801e59962ca9216e2ffd2a9367d	experiments/collections/374_c2-reusable-concurrency-16m-child-g001-g004/notes/source-session-launch.env	479f1b7a5f08182374920e356be6ebe3df5e4097790e702eacee11d9ce7186af	experiments/collections/374_c2-reusable-concurrency-16m-child-g001-g004/notes/JIT-INFRA-EVIDENCE.json	7b910fc978375cba48d2f84fc035c69e766ad99bbbcf3dac01ccc44c7945a028	experiments/collections/374_c2-reusable-concurrency-16m-child-g001-g004/ACTION-CLEANUP-STATUS.env	e14aa507e914e6a0046ac3969a66ff82ace7abb1d448e46d36924685a891f16b	experiments/collections/374_c2-reusable-concurrency-16m-child-g001-g004/MANIFEST.tsv	b8b16ecbf3e94a83cf3c73f0147713976e8c5b9c8ef907255adca903b3c69131	experiments/collections/374_c2-reusable-concurrency-16m-child-g001-g004/PRIVATE-ARCHIVE-MANIFEST.tsv	93e3b90b2e84ed3a3aa26c270c61b25efb301a80234bddc38fe2b91c0c7accad
2	374	374_c2-reusable-concurrency-16m-child-g001-g004	main_review_accepted_diagnostic_measurement_partial_control_plane_stall_after_two_complete_groups	experiments/collections/374_c2-reusable-concurrency-16m-child-g001-g004/MAIN_AGENT_CLASSIFICATION.md	8f64863be3c94e6bef28730814f8299d2072301c4e39f5b912b513db26f3d9bf	experiments/collections/374_c2-reusable-concurrency-16m-child-g001-g004/recovery/c2/reusable-verification.tsv	f15ca0838e5923afff107346f73c9cc98d7a8d753f05c8944e1cc46b1eda2c57	experiments/collections/374_c2-reusable-concurrency-16m-child-g001-g004/run/activation-attempts.tsv	2f8d509ef4dabd2cba4b8a0cb140df2cbb006aa292cc247539a48d012cb27f4a	experiments/collections/374_c2-reusable-concurrency-16m-child-g001-g004/recovery/direct-events/event-occurrences.tsv	8cb59853a302b9c949a8329ee83daef146c25634012c8cf2942aa1125d94a14f	experiments/collections/374_c2-reusable-concurrency-16m-child-g001-g004/recovery/direct-events/event-coverage.tsv	70b816c0e34ef62b05a6a622a5871b772d5a119ade237969c45aaba11db66689	experiments/collections/374_c2-reusable-concurrency-16m-child-g001-g004/recovery/direct-events/lifecycle-occurrences.tsv	98049ab8113d98a57dd7728d2b3608ece524e97807d491486c0e2c7174c574c5	experiments/collections/374_c2-reusable-concurrency-16m-child-g001-g004/recovery/direct-events/source-manifest.tsv	2fa5c0faf65b0c560cb044c487fd5f364eb6977431c4486127b0b873637c5091	experiments/collections/374_c2-reusable-concurrency-16m-child-g001-g004/recovery/c2/reusable-event-coverage.tsv	c75b015a9ca8e49f42bb4159b0160194c876e801e59962ca9216e2ffd2a9367d	experiments/collections/374_c2-reusable-concurrency-16m-child-g001-g004/notes/source-session-launch.env	479f1b7a5f08182374920e356be6ebe3df5e4097790e702eacee11d9ce7186af	experiments/collections/374_c2-reusable-concurrency-16m-child-g001-g004/notes/JIT-INFRA-EVIDENCE.json	7b910fc978375cba48d2f84fc035c69e766ad99bbbcf3dac01ccc44c7945a028	experiments/collections/374_c2-reusable-concurrency-16m-child-g001-g004/ACTION-CLEANUP-STATUS.env	e14aa507e914e6a0046ac3969a66ff82ace7abb1d448e46d36924685a891f16b	experiments/collections/374_c2-reusable-concurrency-16m-child-g001-g004/MANIFEST.tsv	b8b16ecbf3e94a83cf3c73f0147713976e8c5b9c8ef907255adca903b3c69131	experiments/collections/374_c2-reusable-concurrency-16m-child-g001-g004/PRIVATE-ARCHIVE-MANIFEST.tsv	93e3b90b2e84ed3a3aa26c270c61b25efb301a80234bddc38fe2b91c0c7accad
3	375	375_c2-reusable-concurrency-16m-child-g003-g003	accepted_formal_c2_16m_group_g003_complete	experiments/collections/375_c2-reusable-concurrency-16m-child-g003-g003/MAIN_AGENT_CLASSIFICATION.md	471a0dcd2d90e9860e2be79c91959f819183764d4cae693296b3ff2836950163	experiments/collections/375_c2-reusable-concurrency-16m-child-g003-g003/recovery/c2/reusable-verification.tsv	f1118d20e36e6e1e9e5e8374d3bcc2d3df58a494c862544df3d2e3ec2a25b7b3	experiments/collections/375_c2-reusable-concurrency-16m-child-g003-g003/run/activation-attempts.tsv	f1dd6cc0b856a48c952714c24b0dc266b39ffa182dd7506f6166b5ae8e56e4ad	experiments/collections/375_c2-reusable-concurrency-16m-child-g003-g003/recovery/direct-events/event-occurrences.tsv	8db36c802bb69f4ce3e010b54ff7601b644e841306ce8196fa8201447511d79c	experiments/collections/375_c2-reusable-concurrency-16m-child-g003-g003/recovery/direct-events/event-coverage.tsv	f334cb143ef728e4eae155d8ca00701a1f67d7cb2bf683f4ab5d4409831f8694	experiments/collections/375_c2-reusable-concurrency-16m-child-g003-g003/recovery/direct-events/lifecycle-occurrences.tsv	41a6a4db0ad6df9e9a45f2674f6a7b7903bf9937065b3774e7af602a89c9d1a1	experiments/collections/375_c2-reusable-concurrency-16m-child-g003-g003/recovery/direct-events/source-manifest.tsv	6ba5cbf95c8edb66ce5802c4e3aefdc769da906e7ecf82eb7b3432c4c4abf86e	experiments/collections/375_c2-reusable-concurrency-16m-child-g003-g003/recovery/c2/reusable-event-coverage.tsv	67d90c0c82a74c9058547212b2805f8384624c41de6c21a8fd952321470f39ba	experiments/collections/375_c2-reusable-concurrency-16m-child-g003-g003/SOURCE-SESSION-PROVENANCE.env	339c838b07ffb49ed6fbe7fbdf3677d90610358cc860bd7c0ca46226a21ebf1e	experiments/collections/375_c2-reusable-concurrency-16m-child-g003-g003/PROFILE-RESET-PROVENANCE.env	0d8fc1a6e839f3699a08d46125215d2de9ab3b7e699fdfee6d97892700429654	experiments/collections/375_c2-reusable-concurrency-16m-child-g003-g003/ACTION-CLEANUP-STATUS.env	e022ccd417d8f75b9c45a8162c40258688dc059be64d0d5c750512f98d293011	experiments/collections/375_c2-reusable-concurrency-16m-child-g003-g003/MANIFEST.tsv	af68b9f39da7c5ac09032b12bb0c7cf228a7aaab0d112f7741e61f0da9a9f424	experiments/collections/375_c2-reusable-concurrency-16m-child-g003-g003/PRIVATE-ARCHIVE-MANIFEST.tsv	ee036033a352f10bd6674c9ad6aadfee0c2a1359121e2f383693e401f4acccb6
4	376	376_c2-reusable-concurrency-16m-child-g004-g005	accepted_formal_c2_16m_groups_g004_g005_complete	experiments/collections/376_c2-reusable-concurrency-16m-child-g004-g005/MAIN_AGENT_CLASSIFICATION.md	79f444b8601033f983f41278df38e10779b5315eceb9d86a29e06b0b438c5042	experiments/collections/376_c2-reusable-concurrency-16m-child-g004-g005/recovery/c2/reusable-verification.tsv	86a905960d852c42aee0c0f85b90810f29c84f64930c5618068ba0f160a0ab16	experiments/collections/376_c2-reusable-concurrency-16m-child-g004-g005/run/activation-attempts.tsv	7b0a7ec343589cd27049bad7047bdf4ce5a0d19200d779f0cdb97ad3f16dafbd	experiments/collections/376_c2-reusable-concurrency-16m-child-g004-g005/recovery/direct-events/event-occurrences.tsv	05f53c6eff2a29619a76d1dbb30d5cad4ff4da14fee9fffe182d37da18d8f5e3	experiments/collections/376_c2-reusable-concurrency-16m-child-g004-g005/recovery/direct-events/event-coverage.tsv	5485434ba4853002b20351e7d810f607af59e88b96c5c3113113bc0898764005	experiments/collections/376_c2-reusable-concurrency-16m-child-g004-g005/recovery/direct-events/lifecycle-occurrences.tsv	55e09b636608a1f4090792112f5b88203d069782738f1c78c59f792163d18259	experiments/collections/376_c2-reusable-concurrency-16m-child-g004-g005/recovery/direct-events/source-manifest.tsv	75a7669f6e5c0dd6a3c03524b72c95ea886fb0c50fa82a6842dc726e6829a9b3	experiments/collections/376_c2-reusable-concurrency-16m-child-g004-g005/recovery/c2/reusable-event-coverage.tsv	30a728ba728c0cdfdc53e68c1cd07de47f94824557b286598052af3438fe22a6	experiments/collections/376_c2-reusable-concurrency-16m-child-g004-g005/SOURCE-SESSION-PROVENANCE.env	596de5d78f6c8391d0ff12387c7cd1f9b728370095f2fcb0759667acea648b16	experiments/collections/376_c2-reusable-concurrency-16m-child-g004-g005/PROFILE-RESET-PROVENANCE.env	0d8fc1a6e839f3699a08d46125215d2de9ab3b7e699fdfee6d97892700429654	experiments/collections/376_c2-reusable-concurrency-16m-child-g004-g005/ACTION-CLEANUP-STATUS.env	180ba2dcb8470f6bb6198dd092ab2d0672840eaf0a2310aa93c9b407ec1df33d	experiments/collections/376_c2-reusable-concurrency-16m-child-g004-g005/MANIFEST.tsv	2b19147bdc504eb3285f4bcdf532ddcae55e264583522b17ece3f8fc047a701e	experiments/collections/376_c2-reusable-concurrency-16m-child-g004-g005/PRIVATE-ARCHIVE-MANIFEST.tsv	398f7c68d028f92e9aa523d4b58729a6b27967744c5808f607a5ed40fc7f3d2f
5	376	376_c2-reusable-concurrency-16m-child-g004-g005	accepted_formal_c2_16m_groups_g004_g005_complete	experiments/collections/376_c2-reusable-concurrency-16m-child-g004-g005/MAIN_AGENT_CLASSIFICATION.md	79f444b8601033f983f41278df38e10779b5315eceb9d86a29e06b0b438c5042	experiments/collections/376_c2-reusable-concurrency-16m-child-g004-g005/recovery/c2/reusable-verification.tsv	86a905960d852c42aee0c0f85b90810f29c84f64930c5618068ba0f160a0ab16	experiments/collections/376_c2-reusable-concurrency-16m-child-g004-g005/run/activation-attempts.tsv	7b0a7ec343589cd27049bad7047bdf4ce5a0d19200d779f0cdb97ad3f16dafbd	experiments/collections/376_c2-reusable-concurrency-16m-child-g004-g005/recovery/direct-events/event-occurrences.tsv	05f53c6eff2a29619a76d1dbb30d5cad4ff4da14fee9fffe182d37da18d8f5e3	experiments/collections/376_c2-reusable-concurrency-16m-child-g004-g005/recovery/direct-events/event-coverage.tsv	5485434ba4853002b20351e7d810f607af59e88b96c5c3113113bc0898764005	experiments/collections/376_c2-reusable-concurrency-16m-child-g004-g005/recovery/direct-events/lifecycle-occurrences.tsv	55e09b636608a1f4090792112f5b88203d069782738f1c78c59f792163d18259	experiments/collections/376_c2-reusable-concurrency-16m-child-g004-g005/recovery/direct-events/source-manifest.tsv	75a7669f6e5c0dd6a3c03524b72c95ea886fb0c50fa82a6842dc726e6829a9b3	experiments/collections/376_c2-reusable-concurrency-16m-child-g004-g005/recovery/c2/reusable-event-coverage.tsv	30a728ba728c0cdfdc53e68c1cd07de47f94824557b286598052af3438fe22a6	experiments/collections/376_c2-reusable-concurrency-16m-child-g004-g005/SOURCE-SESSION-PROVENANCE.env	596de5d78f6c8391d0ff12387c7cd1f9b728370095f2fcb0759667acea648b16	experiments/collections/376_c2-reusable-concurrency-16m-child-g004-g005/PROFILE-RESET-PROVENANCE.env	0d8fc1a6e839f3699a08d46125215d2de9ab3b7e699fdfee6d97892700429654	experiments/collections/376_c2-reusable-concurrency-16m-child-g004-g005/ACTION-CLEANUP-STATUS.env	180ba2dcb8470f6bb6198dd092ab2d0672840eaf0a2310aa93c9b407ec1df33d	experiments/collections/376_c2-reusable-concurrency-16m-child-g004-g005/MANIFEST.tsv	2b19147bdc504eb3285f4bcdf532ddcae55e264583522b17ece3f8fc047a701e	experiments/collections/376_c2-reusable-concurrency-16m-child-g004-g005/PRIVATE-ARCHIVE-MANIFEST.tsv	398f7c68d028f92e9aa523d4b58729a6b27967744c5808f607a5ed40fc7f3d2f
6	377	377_c2-reusable-concurrency-16m-child-g006-g007	accepted_formal_c2_16m_groups_g006_g007_complete	experiments/collections/377_c2-reusable-concurrency-16m-child-g006-g007/MAIN_AGENT_CLASSIFICATION.md	592f1b2c420c52488d233c889199b4ccde3ea2ea46c1471e6d1de32c9c8b6e72	experiments/collections/377_c2-reusable-concurrency-16m-child-g006-g007/recovery/c2/reusable-verification.tsv	b30566c8065f8d428165e55f258f3fd7886187868d225fd7718fa3bf9a9f5521	experiments/collections/377_c2-reusable-concurrency-16m-child-g006-g007/run/activation-attempts.tsv	028eed47c2a07a23323cbf723d10f5797fbb589968528c5db3e91f552fd2d4b1	experiments/collections/377_c2-reusable-concurrency-16m-child-g006-g007/recovery/direct-events/event-occurrences.tsv	ef7cc78dc655d9ca7f6909caef0d0a04e1c80b0eb4abb7aadc9c7bde396ba86c	experiments/collections/377_c2-reusable-concurrency-16m-child-g006-g007/recovery/direct-events/event-coverage.tsv	5ea5f1d4bba9345ffe9a0da8db9487e234b59cb251561c3001b771b8cd1be7ac	experiments/collections/377_c2-reusable-concurrency-16m-child-g006-g007/recovery/direct-events/lifecycle-occurrences.tsv	2183138c93577052b4532c8595a73c3bede0583ebb8eba3990bbd711dd497625	experiments/collections/377_c2-reusable-concurrency-16m-child-g006-g007/recovery/direct-events/source-manifest.tsv	ad55d8dd99276d0e9751d4f2ea3d8239683fdfb5c33b1bb4db62b52247ca2ddc	experiments/collections/377_c2-reusable-concurrency-16m-child-g006-g007/recovery/c2/reusable-event-coverage.tsv	e3bff28056542b698d16ed0642b1c46065762cd359e5b83020cb9e1973d0d329	experiments/collections/377_c2-reusable-concurrency-16m-child-g006-g007/SOURCE-SESSION-PROVENANCE.env	be1b82dee00076ef5387c47c3e715ddd9fb8e504b16097687085a20bdef8336a	experiments/collections/377_c2-reusable-concurrency-16m-child-g006-g007/PROFILE-RESET-PROVENANCE.env	0d8fc1a6e839f3699a08d46125215d2de9ab3b7e699fdfee6d97892700429654	experiments/collections/377_c2-reusable-concurrency-16m-child-g006-g007/ACTION-CLEANUP-STATUS.env	75927fe2c0f88968dcbd99db6bbb24e041a9aa371a5e88474fe37f7098f0b34a	experiments/collections/377_c2-reusable-concurrency-16m-child-g006-g007/MANIFEST.tsv	36164a9e308fd882a1bf04bf834ec6389d5f4b4dfc24f82ecbcdaf656631eb26	experiments/collections/377_c2-reusable-concurrency-16m-child-g006-g007/PRIVATE-ARCHIVE-MANIFEST.tsv	7b52f519e37679dac594a7ac690eebded2cc0c54053a84ee2e558e2550330a39
7	377	377_c2-reusable-concurrency-16m-child-g006-g007	accepted_formal_c2_16m_groups_g006_g007_complete	experiments/collections/377_c2-reusable-concurrency-16m-child-g006-g007/MAIN_AGENT_CLASSIFICATION.md	592f1b2c420c52488d233c889199b4ccde3ea2ea46c1471e6d1de32c9c8b6e72	experiments/collections/377_c2-reusable-concurrency-16m-child-g006-g007/recovery/c2/reusable-verification.tsv	b30566c8065f8d428165e55f258f3fd7886187868d225fd7718fa3bf9a9f5521	experiments/collections/377_c2-reusable-concurrency-16m-child-g006-g007/run/activation-attempts.tsv	028eed47c2a07a23323cbf723d10f5797fbb589968528c5db3e91f552fd2d4b1	experiments/collections/377_c2-reusable-concurrency-16m-child-g006-g007/recovery/direct-events/event-occurrences.tsv	ef7cc78dc655d9ca7f6909caef0d0a04e1c80b0eb4abb7aadc9c7bde396ba86c	experiments/collections/377_c2-reusable-concurrency-16m-child-g006-g007/recovery/direct-events/event-coverage.tsv	5ea5f1d4bba9345ffe9a0da8db9487e234b59cb251561c3001b771b8cd1be7ac	experiments/collections/377_c2-reusable-concurrency-16m-child-g006-g007/recovery/direct-events/lifecycle-occurrences.tsv	2183138c93577052b4532c8595a73c3bede0583ebb8eba3990bbd711dd497625	experiments/collections/377_c2-reusable-concurrency-16m-child-g006-g007/recovery/direct-events/source-manifest.tsv	ad55d8dd99276d0e9751d4f2ea3d8239683fdfb5c33b1bb4db62b52247ca2ddc	experiments/collections/377_c2-reusable-concurrency-16m-child-g006-g007/recovery/c2/reusable-event-coverage.tsv	e3bff28056542b698d16ed0642b1c46065762cd359e5b83020cb9e1973d0d329	experiments/collections/377_c2-reusable-concurrency-16m-child-g006-g007/SOURCE-SESSION-PROVENANCE.env	be1b82dee00076ef5387c47c3e715ddd9fb8e504b16097687085a20bdef8336a	experiments/collections/377_c2-reusable-concurrency-16m-child-g006-g007/PROFILE-RESET-PROVENANCE.env	0d8fc1a6e839f3699a08d46125215d2de9ab3b7e699fdfee6d97892700429654	experiments/collections/377_c2-reusable-concurrency-16m-child-g006-g007/ACTION-CLEANUP-STATUS.env	75927fe2c0f88968dcbd99db6bbb24e041a9aa371a5e88474fe37f7098f0b34a	experiments/collections/377_c2-reusable-concurrency-16m-child-g006-g007/MANIFEST.tsv	36164a9e308fd882a1bf04bf834ec6389d5f4b4dfc24f82ecbcdaf656631eb26	experiments/collections/377_c2-reusable-concurrency-16m-child-g006-g007/PRIVATE-ARCHIVE-MANIFEST.tsv	7b52f519e37679dac594a7ac690eebded2cc0c54053a84ee2e558e2550330a39
8	378	378_c2-reusable-concurrency-16m-child-g008-g009	accepted_formal_c2_16m_groups_g008_g009_complete	experiments/collections/378_c2-reusable-concurrency-16m-child-g008-g009/MAIN_AGENT_CLASSIFICATION.md	8b48a329a8cf21004bde818a1cc5a79eafdd0f3842aef3ebc546cc7f302155fd	experiments/collections/378_c2-reusable-concurrency-16m-child-g008-g009/recovery/c2/reusable-verification.tsv	f24ed96a72e599341817bdfe5c028389a8136a2e7676693a8e1223e72d4699a0	experiments/collections/378_c2-reusable-concurrency-16m-child-g008-g009/run/activation-attempts.tsv	d9e89fcd3ab8d7bdb3098b30947091b1cd1fe5244f77a507adf6973a614194e6	experiments/collections/378_c2-reusable-concurrency-16m-child-g008-g009/recovery/direct-events/event-occurrences.tsv	db417de26e4c76dc9d9c6d1cfd2f804696e2db03238bafbf0c20b0265cc61159	experiments/collections/378_c2-reusable-concurrency-16m-child-g008-g009/recovery/direct-events/event-coverage.tsv	5485434ba4853002b20351e7d810f607af59e88b96c5c3113113bc0898764005	experiments/collections/378_c2-reusable-concurrency-16m-child-g008-g009/recovery/direct-events/lifecycle-occurrences.tsv	4fd4792c4109e1a6a23d79079340be470b2f21849038eb75d8700b70be5593bc	experiments/collections/378_c2-reusable-concurrency-16m-child-g008-g009/recovery/direct-events/source-manifest.tsv	02a901ea04687e3614fe0f1e83ea41a1032f6c37c942c266d1d6ab394ac7e50e	experiments/collections/378_c2-reusable-concurrency-16m-child-g008-g009/recovery/c2/reusable-event-coverage.tsv	b7a0d4630e89ad02e3635d391b7cc64af35d5bbd856522f32e80c26077270103	experiments/collections/378_c2-reusable-concurrency-16m-child-g008-g009/SOURCE-SESSION-PROVENANCE.env	29672bd328d237d085fb285d78adb3c8c482beb900710fcc1e43475d420c3cd8	experiments/collections/378_c2-reusable-concurrency-16m-child-g008-g009/PROFILE-RESET-PROVENANCE.env	275895ff08ae3a69381bcddaa5ea2a9765ad854841932f95f0892755fc393e7c	experiments/collections/378_c2-reusable-concurrency-16m-child-g008-g009/ACTION-CLEANUP-STATUS.env	a84187465e5cf91731e704e2e748177e6ee6508311a77b0cf2b2a473a0abde6d	experiments/collections/378_c2-reusable-concurrency-16m-child-g008-g009/MANIFEST.tsv	3ba05cdabf0c58fd875b407af73be3b589f836be1d3f59d731a04139586533b0	experiments/collections/378_c2-reusable-concurrency-16m-child-g008-g009/PRIVATE-ARCHIVE-MANIFEST.tsv	25d3b6c060fdcf57529d4ef2aed426d008b853bf35057a604e78ceb232b7ea34
9	378	378_c2-reusable-concurrency-16m-child-g008-g009	accepted_formal_c2_16m_groups_g008_g009_complete	experiments/collections/378_c2-reusable-concurrency-16m-child-g008-g009/MAIN_AGENT_CLASSIFICATION.md	8b48a329a8cf21004bde818a1cc5a79eafdd0f3842aef3ebc546cc7f302155fd	experiments/collections/378_c2-reusable-concurrency-16m-child-g008-g009/recovery/c2/reusable-verification.tsv	f24ed96a72e599341817bdfe5c028389a8136a2e7676693a8e1223e72d4699a0	experiments/collections/378_c2-reusable-concurrency-16m-child-g008-g009/run/activation-attempts.tsv	d9e89fcd3ab8d7bdb3098b30947091b1cd1fe5244f77a507adf6973a614194e6	experiments/collections/378_c2-reusable-concurrency-16m-child-g008-g009/recovery/direct-events/event-occurrences.tsv	db417de26e4c76dc9d9c6d1cfd2f804696e2db03238bafbf0c20b0265cc61159	experiments/collections/378_c2-reusable-concurrency-16m-child-g008-g009/recovery/direct-events/event-coverage.tsv	5485434ba4853002b20351e7d810f607af59e88b96c5c3113113bc0898764005	experiments/collections/378_c2-reusable-concurrency-16m-child-g008-g009/recovery/direct-events/lifecycle-occurrences.tsv	4fd4792c4109e1a6a23d79079340be470b2f21849038eb75d8700b70be5593bc	experiments/collections/378_c2-reusable-concurrency-16m-child-g008-g009/recovery/direct-events/source-manifest.tsv	02a901ea04687e3614fe0f1e83ea41a1032f6c37c942c266d1d6ab394ac7e50e	experiments/collections/378_c2-reusable-concurrency-16m-child-g008-g009/recovery/c2/reusable-event-coverage.tsv	b7a0d4630e89ad02e3635d391b7cc64af35d5bbd856522f32e80c26077270103	experiments/collections/378_c2-reusable-concurrency-16m-child-g008-g009/SOURCE-SESSION-PROVENANCE.env	29672bd328d237d085fb285d78adb3c8c482beb900710fcc1e43475d420c3cd8	experiments/collections/378_c2-reusable-concurrency-16m-child-g008-g009/PROFILE-RESET-PROVENANCE.env	275895ff08ae3a69381bcddaa5ea2a9765ad854841932f95f0892755fc393e7c	experiments/collections/378_c2-reusable-concurrency-16m-child-g008-g009/ACTION-CLEANUP-STATUS.env	a84187465e5cf91731e704e2e748177e6ee6508311a77b0cf2b2a473a0abde6d	experiments/collections/378_c2-reusable-concurrency-16m-child-g008-g009/MANIFEST.tsv	3ba05cdabf0c58fd875b407af73be3b589f836be1d3f59d731a04139586533b0	experiments/collections/378_c2-reusable-concurrency-16m-child-g008-g009/PRIVATE-ARCHIVE-MANIFEST.tsv	25d3b6c060fdcf57529d4ef2aed426d008b853bf35057a604e78ceb232b7ea34
10	379	379_c2-reusable-concurrency-16m-child-g010-g011	accepted_formal_c2_16m_groups_g010_g011_complete	experiments/collections/379_c2-reusable-concurrency-16m-child-g010-g011/MAIN_AGENT_CLASSIFICATION.md	17dc25dc09bcd1d930b7fdf91d32b4138e7519ebe487df2ed31ac9b1b2d51858	experiments/collections/379_c2-reusable-concurrency-16m-child-g010-g011/recovery/c2/reusable-verification.tsv	de56e49cf5c8bc99ffe193776c71e71883a9c4977d824d954e268177c74f8cc6	experiments/collections/379_c2-reusable-concurrency-16m-child-g010-g011/run/activation-attempts.tsv	216b7bdd959a5804a7f446ef2b88075b86b2b1fe29591b0741d2763043d2c3da	experiments/collections/379_c2-reusable-concurrency-16m-child-g010-g011/recovery/direct-events/event-occurrences.tsv	2fed9c2519d897005ac93c24e17109bb1894ef2a513d87164d99cf12e94cf2bf	experiments/collections/379_c2-reusable-concurrency-16m-child-g010-g011/recovery/direct-events/event-coverage.tsv	5ea5f1d4bba9345ffe9a0da8db9487e234b59cb251561c3001b771b8cd1be7ac	experiments/collections/379_c2-reusable-concurrency-16m-child-g010-g011/recovery/direct-events/lifecycle-occurrences.tsv	d64822202d1544e6a2add32c3af53c8295c50fe1cd7cd0606ffec2a94cb032ae	experiments/collections/379_c2-reusable-concurrency-16m-child-g010-g011/recovery/direct-events/source-manifest.tsv	3e5f62f3a42d2f013336315d62671655935bafd83febe84e872dad3243ffd975	experiments/collections/379_c2-reusable-concurrency-16m-child-g010-g011/recovery/c2/reusable-event-coverage.tsv	eb8210d4ac079b4499e443eb88c16557297381b26680697c466dd5ff4f05fd32	experiments/collections/379_c2-reusable-concurrency-16m-child-g010-g011/SOURCE-SESSION-PROVENANCE.env	21c7e5228beb151e41d176c8b0da592d3b2e624f339f873978ce5d94542687fc	experiments/collections/379_c2-reusable-concurrency-16m-child-g010-g011/PROFILE-RESET-PROVENANCE.env	275895ff08ae3a69381bcddaa5ea2a9765ad854841932f95f0892755fc393e7c	experiments/collections/379_c2-reusable-concurrency-16m-child-g010-g011/ACTION-CLEANUP-STATUS.env	97123f2cba6f013b46be1de62a5ab31f632f5d60ac7d253c4de6de1ff36e03ef	experiments/collections/379_c2-reusable-concurrency-16m-child-g010-g011/MANIFEST.tsv	1a4b9a9286a850e46e7a073babf7683798f5c60aa8d8f62ca0bb82418614b4c2	experiments/collections/379_c2-reusable-concurrency-16m-child-g010-g011/PRIVATE-ARCHIVE-MANIFEST.tsv	a7e060f7a2560af59adfb3a032118966fc4f88419e670c080449a9deaab42185
11	379	379_c2-reusable-concurrency-16m-child-g010-g011	accepted_formal_c2_16m_groups_g010_g011_complete	experiments/collections/379_c2-reusable-concurrency-16m-child-g010-g011/MAIN_AGENT_CLASSIFICATION.md	17dc25dc09bcd1d930b7fdf91d32b4138e7519ebe487df2ed31ac9b1b2d51858	experiments/collections/379_c2-reusable-concurrency-16m-child-g010-g011/recovery/c2/reusable-verification.tsv	de56e49cf5c8bc99ffe193776c71e71883a9c4977d824d954e268177c74f8cc6	experiments/collections/379_c2-reusable-concurrency-16m-child-g010-g011/run/activation-attempts.tsv	216b7bdd959a5804a7f446ef2b88075b86b2b1fe29591b0741d2763043d2c3da	experiments/collections/379_c2-reusable-concurrency-16m-child-g010-g011/recovery/direct-events/event-occurrences.tsv	2fed9c2519d897005ac93c24e17109bb1894ef2a513d87164d99cf12e94cf2bf	experiments/collections/379_c2-reusable-concurrency-16m-child-g010-g011/recovery/direct-events/event-coverage.tsv	5ea5f1d4bba9345ffe9a0da8db9487e234b59cb251561c3001b771b8cd1be7ac	experiments/collections/379_c2-reusable-concurrency-16m-child-g010-g011/recovery/direct-events/lifecycle-occurrences.tsv	d64822202d1544e6a2add32c3af53c8295c50fe1cd7cd0606ffec2a94cb032ae	experiments/collections/379_c2-reusable-concurrency-16m-child-g010-g011/recovery/direct-events/source-manifest.tsv	3e5f62f3a42d2f013336315d62671655935bafd83febe84e872dad3243ffd975	experiments/collections/379_c2-reusable-concurrency-16m-child-g010-g011/recovery/c2/reusable-event-coverage.tsv	eb8210d4ac079b4499e443eb88c16557297381b26680697c466dd5ff4f05fd32	experiments/collections/379_c2-reusable-concurrency-16m-child-g010-g011/SOURCE-SESSION-PROVENANCE.env	21c7e5228beb151e41d176c8b0da592d3b2e624f339f873978ce5d94542687fc	experiments/collections/379_c2-reusable-concurrency-16m-child-g010-g011/PROFILE-RESET-PROVENANCE.env	275895ff08ae3a69381bcddaa5ea2a9765ad854841932f95f0892755fc393e7c	experiments/collections/379_c2-reusable-concurrency-16m-child-g010-g011/ACTION-CLEANUP-STATUS.env	97123f2cba6f013b46be1de62a5ab31f632f5d60ac7d253c4de6de1ff36e03ef	experiments/collections/379_c2-reusable-concurrency-16m-child-g010-g011/MANIFEST.tsv	1a4b9a9286a850e46e7a073babf7683798f5c60aa8d8f62ca0bb82418614b4c2	experiments/collections/379_c2-reusable-concurrency-16m-child-g010-g011/PRIVATE-ARCHIVE-MANIFEST.tsv	a7e060f7a2560af59adfb3a032118966fc4f88419e670c080449a9deaab42185
12	380	380_c2-reusable-concurrency-16m-child-g012-g013	accepted_formal_c2_16m_groups_g012_g013_complete	experiments/collections/380_c2-reusable-concurrency-16m-child-g012-g013/MAIN_AGENT_CLASSIFICATION.md	a4bd669f0b893290bf6c078e25b9b4c4bb6934407f19ef134f4f6083b2b65884	experiments/collections/380_c2-reusable-concurrency-16m-child-g012-g013/recovery/c2/reusable-verification.tsv	c7b03ebf49b34632b825620d22e5da2d21944400c604090d2689990a1e66c982	experiments/collections/380_c2-reusable-concurrency-16m-child-g012-g013/run/activation-attempts.tsv	85661357ce29e0962ba530be080a63caaf796804cc978d3c97bf05da5f4b943b	experiments/collections/380_c2-reusable-concurrency-16m-child-g012-g013/recovery/direct-events/event-occurrences.tsv	37aef9c08955963f27e0154f319c725a9035a3874704f3d78b57e4975830c07c	experiments/collections/380_c2-reusable-concurrency-16m-child-g012-g013/recovery/direct-events/event-coverage.tsv	5ea5f1d4bba9345ffe9a0da8db9487e234b59cb251561c3001b771b8cd1be7ac	experiments/collections/380_c2-reusable-concurrency-16m-child-g012-g013/recovery/direct-events/lifecycle-occurrences.tsv	ff06b30739aa44b9c3ba51dad54fbb15ca58695e9b5f561ca287319f4fc4a924	experiments/collections/380_c2-reusable-concurrency-16m-child-g012-g013/recovery/direct-events/source-manifest.tsv	24e0b43796d3daece42dcd9dd6dff16aca3992270acbe9368ae390b8d19d464a	experiments/collections/380_c2-reusable-concurrency-16m-child-g012-g013/recovery/c2/reusable-event-coverage.tsv	ee00f1a24354623cae6636508eb010685056c54a51cef7e3e633ac8ac9f4e514	experiments/collections/380_c2-reusable-concurrency-16m-child-g012-g013/SOURCE-SESSION-PROVENANCE.env	a416407867f3d73c7d238cb9a1d57873a2fc6d309b90ba4599c589f5966dc4da	experiments/collections/380_c2-reusable-concurrency-16m-child-g012-g013/PROFILE-RESET-PROVENANCE.env	275895ff08ae3a69381bcddaa5ea2a9765ad854841932f95f0892755fc393e7c	experiments/collections/380_c2-reusable-concurrency-16m-child-g012-g013/ACTION-CLEANUP-STATUS.env	2553b126f73e3e706d13f574f5454fd077c7dee2ac59f2abdca1d3b9aa5434a5	experiments/collections/380_c2-reusable-concurrency-16m-child-g012-g013/MANIFEST.tsv	0b5758f4687159a3ff76e11858fb4f6ddd9ff1a2a9372a7e2954a7a740426869	experiments/collections/380_c2-reusable-concurrency-16m-child-g012-g013/PRIVATE-ARCHIVE-MANIFEST.tsv	e682a091248731818316fe9b25229b8ba1059407fc93558b272a2f3aed4874a9
13	380	380_c2-reusable-concurrency-16m-child-g012-g013	accepted_formal_c2_16m_groups_g012_g013_complete	experiments/collections/380_c2-reusable-concurrency-16m-child-g012-g013/MAIN_AGENT_CLASSIFICATION.md	a4bd669f0b893290bf6c078e25b9b4c4bb6934407f19ef134f4f6083b2b65884	experiments/collections/380_c2-reusable-concurrency-16m-child-g012-g013/recovery/c2/reusable-verification.tsv	c7b03ebf49b34632b825620d22e5da2d21944400c604090d2689990a1e66c982	experiments/collections/380_c2-reusable-concurrency-16m-child-g012-g013/run/activation-attempts.tsv	85661357ce29e0962ba530be080a63caaf796804cc978d3c97bf05da5f4b943b	experiments/collections/380_c2-reusable-concurrency-16m-child-g012-g013/recovery/direct-events/event-occurrences.tsv	37aef9c08955963f27e0154f319c725a9035a3874704f3d78b57e4975830c07c	experiments/collections/380_c2-reusable-concurrency-16m-child-g012-g013/recovery/direct-events/event-coverage.tsv	5ea5f1d4bba9345ffe9a0da8db9487e234b59cb251561c3001b771b8cd1be7ac	experiments/collections/380_c2-reusable-concurrency-16m-child-g012-g013/recovery/direct-events/lifecycle-occurrences.tsv	ff06b30739aa44b9c3ba51dad54fbb15ca58695e9b5f561ca287319f4fc4a924	experiments/collections/380_c2-reusable-concurrency-16m-child-g012-g013/recovery/direct-events/source-manifest.tsv	24e0b43796d3daece42dcd9dd6dff16aca3992270acbe9368ae390b8d19d464a	experiments/collections/380_c2-reusable-concurrency-16m-child-g012-g013/recovery/c2/reusable-event-coverage.tsv	ee00f1a24354623cae6636508eb010685056c54a51cef7e3e633ac8ac9f4e514	experiments/collections/380_c2-reusable-concurrency-16m-child-g012-g013/SOURCE-SESSION-PROVENANCE.env	a416407867f3d73c7d238cb9a1d57873a2fc6d309b90ba4599c589f5966dc4da	experiments/collections/380_c2-reusable-concurrency-16m-child-g012-g013/PROFILE-RESET-PROVENANCE.env	275895ff08ae3a69381bcddaa5ea2a9765ad854841932f95f0892755fc393e7c	experiments/collections/380_c2-reusable-concurrency-16m-child-g012-g013/ACTION-CLEANUP-STATUS.env	2553b126f73e3e706d13f574f5454fd077c7dee2ac59f2abdca1d3b9aa5434a5	experiments/collections/380_c2-reusable-concurrency-16m-child-g012-g013/MANIFEST.tsv	0b5758f4687159a3ff76e11858fb4f6ddd9ff1a2a9372a7e2954a7a740426869	experiments/collections/380_c2-reusable-concurrency-16m-child-g012-g013/PRIVATE-ARCHIVE-MANIFEST.tsv	e682a091248731818316fe9b25229b8ba1059407fc93558b272a2f3aed4874a9
14	381	381_c2-reusable-concurrency-16m-child-g014-g015	accepted_formal_c2_16m_groups_g014_g015_complete	experiments/collections/381_c2-reusable-concurrency-16m-child-g014-g015/MAIN_AGENT_CLASSIFICATION.md	d59bcee22eda980a8beb84918084f8f5ea5abeefdd173ece202f4b4b15c877b6	experiments/collections/381_c2-reusable-concurrency-16m-child-g014-g015/recovery/c2/reusable-verification.tsv	74d2d2483069acc74a11da5c936dac17ada51198d067a94f12ece5d3b4a6ef9a	experiments/collections/381_c2-reusable-concurrency-16m-child-g014-g015/run/activation-attempts.tsv	1e186375af6fd7581426c20d3340a6fe53d733b218a1bd0f5b0d8d9fb1c56f36	experiments/collections/381_c2-reusable-concurrency-16m-child-g014-g015/recovery/direct-events/event-occurrences.tsv	0efc33463cbbffdb427d5664f86a92d740b9fd15ab358d26449af607cb41204a	experiments/collections/381_c2-reusable-concurrency-16m-child-g014-g015/recovery/direct-events/event-coverage.tsv	5485434ba4853002b20351e7d810f607af59e88b96c5c3113113bc0898764005	experiments/collections/381_c2-reusable-concurrency-16m-child-g014-g015/recovery/direct-events/lifecycle-occurrences.tsv	d5263d4a74a8894c1bc82dc1ddeb8502fbc65f70ce509402a2a18f7d7f9c8c04	experiments/collections/381_c2-reusable-concurrency-16m-child-g014-g015/recovery/direct-events/source-manifest.tsv	9a9478c1af63863209594fcb1b2d9e00319bbc16de11272a00547aacf89fc2c5	experiments/collections/381_c2-reusable-concurrency-16m-child-g014-g015/recovery/c2/reusable-event-coverage.tsv	e88ca92656050325402af9f506a23d9bf28e0fdaf12185a0a58be6a5f7c03504	experiments/collections/381_c2-reusable-concurrency-16m-child-g014-g015/SOURCE-SESSION-PROVENANCE.env	2a0e290ed60d0fe7fb3c64dc643e27267ab64b5bc361b803c3df33ac94566a15	experiments/collections/381_c2-reusable-concurrency-16m-child-g014-g015/PROFILE-RESET-PROVENANCE.env	275895ff08ae3a69381bcddaa5ea2a9765ad854841932f95f0892755fc393e7c	experiments/collections/381_c2-reusable-concurrency-16m-child-g014-g015/ACTION-CLEANUP-STATUS.env	1b12a8cac26156bace20f99cd3075bbd89ce76cdd134a616bc77145d29e9c015	experiments/collections/381_c2-reusable-concurrency-16m-child-g014-g015/MANIFEST.tsv	c62cb47bc7d4b269621e8533dfba3dab3ef9d654bae654038bbe243dd0c03f80	experiments/collections/381_c2-reusable-concurrency-16m-child-g014-g015/PRIVATE-ARCHIVE-MANIFEST.tsv	5fae7a83a02172e2ff53366c4991c6bce68d5e96df07b4896b10a33d630f43d3
15	381	381_c2-reusable-concurrency-16m-child-g014-g015	accepted_formal_c2_16m_groups_g014_g015_complete	experiments/collections/381_c2-reusable-concurrency-16m-child-g014-g015/MAIN_AGENT_CLASSIFICATION.md	d59bcee22eda980a8beb84918084f8f5ea5abeefdd173ece202f4b4b15c877b6	experiments/collections/381_c2-reusable-concurrency-16m-child-g014-g015/recovery/c2/reusable-verification.tsv	74d2d2483069acc74a11da5c936dac17ada51198d067a94f12ece5d3b4a6ef9a	experiments/collections/381_c2-reusable-concurrency-16m-child-g014-g015/run/activation-attempts.tsv	1e186375af6fd7581426c20d3340a6fe53d733b218a1bd0f5b0d8d9fb1c56f36	experiments/collections/381_c2-reusable-concurrency-16m-child-g014-g015/recovery/direct-events/event-occurrences.tsv	0efc33463cbbffdb427d5664f86a92d740b9fd15ab358d26449af607cb41204a	experiments/collections/381_c2-reusable-concurrency-16m-child-g014-g015/recovery/direct-events/event-coverage.tsv	5485434ba4853002b20351e7d810f607af59e88b96c5c3113113bc0898764005	experiments/collections/381_c2-reusable-concurrency-16m-child-g014-g015/recovery/direct-events/lifecycle-occurrences.tsv	d5263d4a74a8894c1bc82dc1ddeb8502fbc65f70ce509402a2a18f7d7f9c8c04	experiments/collections/381_c2-reusable-concurrency-16m-child-g014-g015/recovery/direct-events/source-manifest.tsv	9a9478c1af63863209594fcb1b2d9e00319bbc16de11272a00547aacf89fc2c5	experiments/collections/381_c2-reusable-concurrency-16m-child-g014-g015/recovery/c2/reusable-event-coverage.tsv	e88ca92656050325402af9f506a23d9bf28e0fdaf12185a0a58be6a5f7c03504	experiments/collections/381_c2-reusable-concurrency-16m-child-g014-g015/SOURCE-SESSION-PROVENANCE.env	2a0e290ed60d0fe7fb3c64dc643e27267ab64b5bc361b803c3df33ac94566a15	experiments/collections/381_c2-reusable-concurrency-16m-child-g014-g015/PROFILE-RESET-PROVENANCE.env	275895ff08ae3a69381bcddaa5ea2a9765ad854841932f95f0892755fc393e7c	experiments/collections/381_c2-reusable-concurrency-16m-child-g014-g015/ACTION-CLEANUP-STATUS.env	1b12a8cac26156bace20f99cd3075bbd89ce76cdd134a616bc77145d29e9c015	experiments/collections/381_c2-reusable-concurrency-16m-child-g014-g015/MANIFEST.tsv	c62cb47bc7d4b269621e8533dfba3dab3ef9d654bae654038bbe243dd0c03f80	experiments/collections/381_c2-reusable-concurrency-16m-child-g014-g015/PRIVATE-ARCHIVE-MANIFEST.tsv	5fae7a83a02172e2ff53366c4991c6bce68d5e96df07b4896b10a33d630f43d3
16	382	382_c2-reusable-concurrency-16m-child-g016-g017	accepted_formal_c2_16m_groups_g016_g017_complete	experiments/collections/382_c2-reusable-concurrency-16m-child-g016-g017/MAIN_AGENT_CLASSIFICATION.md	722d70d176d235b5671e4769ee69f67fd8cdf4cf1d04d22736707e04f0b7196e	experiments/collections/382_c2-reusable-concurrency-16m-child-g016-g017/recovery/c2/reusable-verification.tsv	988e6a85cb0c32aabd4cab933a130b8da6faca2ee320c6a583f3126fc7818d42	experiments/collections/382_c2-reusable-concurrency-16m-child-g016-g017/run/activation-attempts.tsv	00f2d098ed99f768b980d8def28f1fea319c05532f20c48f453674d9d6f6635b	experiments/collections/382_c2-reusable-concurrency-16m-child-g016-g017/recovery/direct-events/event-occurrences.tsv	3984ea3be919a4025dc38b2a21ef2bfbc5656ea8a8e3ae3a7e524f56c80a16a2	experiments/collections/382_c2-reusable-concurrency-16m-child-g016-g017/recovery/direct-events/event-coverage.tsv	5485434ba4853002b20351e7d810f607af59e88b96c5c3113113bc0898764005	experiments/collections/382_c2-reusable-concurrency-16m-child-g016-g017/recovery/direct-events/lifecycle-occurrences.tsv	aa331e109d4d8c54681feb9da712e8e316bb04bc7a1c1b0187bbe2556a7a4007	experiments/collections/382_c2-reusable-concurrency-16m-child-g016-g017/recovery/direct-events/source-manifest.tsv	006bf6299372446ad39b7d8addbcfc17e1f4019d83c712c7437efc2803279d09	experiments/collections/382_c2-reusable-concurrency-16m-child-g016-g017/recovery/c2/reusable-event-coverage.tsv	9c3e5fe7b70ca4dfcd9805b22b4a89b3bdb6a3f199ae458fd0eaf7d640f8a1f5	experiments/collections/382_c2-reusable-concurrency-16m-child-g016-g017/SOURCE-SESSION-PROVENANCE.env	4d9213eacf9c4332f9338a347aba406cc6b7affe56da5d4ae55f4c4c7d9cb7af	experiments/collections/382_c2-reusable-concurrency-16m-child-g016-g017/PROFILE-RESET-PROVENANCE.env	275895ff08ae3a69381bcddaa5ea2a9765ad854841932f95f0892755fc393e7c	experiments/collections/382_c2-reusable-concurrency-16m-child-g016-g017/ACTION-CLEANUP-STATUS.env	95438756a24cc1b4a32f8b71988119d7b8a8c6fc94e77a5f4ff14dd9d88222c8	experiments/collections/382_c2-reusable-concurrency-16m-child-g016-g017/MANIFEST.tsv	39b5c135d001542ce87be52d41763b985104ff70218f4df2bd3819761dc922fb	experiments/collections/382_c2-reusable-concurrency-16m-child-g016-g017/PRIVATE-ARCHIVE-MANIFEST.tsv	1d53adc8de04c532a953ba109af38f1450fd2be9a76ec2bef758d0b5f23c0e6a
17	382	382_c2-reusable-concurrency-16m-child-g016-g017	accepted_formal_c2_16m_groups_g016_g017_complete	experiments/collections/382_c2-reusable-concurrency-16m-child-g016-g017/MAIN_AGENT_CLASSIFICATION.md	722d70d176d235b5671e4769ee69f67fd8cdf4cf1d04d22736707e04f0b7196e	experiments/collections/382_c2-reusable-concurrency-16m-child-g016-g017/recovery/c2/reusable-verification.tsv	988e6a85cb0c32aabd4cab933a130b8da6faca2ee320c6a583f3126fc7818d42	experiments/collections/382_c2-reusable-concurrency-16m-child-g016-g017/run/activation-attempts.tsv	00f2d098ed99f768b980d8def28f1fea319c05532f20c48f453674d9d6f6635b	experiments/collections/382_c2-reusable-concurrency-16m-child-g016-g017/recovery/direct-events/event-occurrences.tsv	3984ea3be919a4025dc38b2a21ef2bfbc5656ea8a8e3ae3a7e524f56c80a16a2	experiments/collections/382_c2-reusable-concurrency-16m-child-g016-g017/recovery/direct-events/event-coverage.tsv	5485434ba4853002b20351e7d810f607af59e88b96c5c3113113bc0898764005	experiments/collections/382_c2-reusable-concurrency-16m-child-g016-g017/recovery/direct-events/lifecycle-occurrences.tsv	aa331e109d4d8c54681feb9da712e8e316bb04bc7a1c1b0187bbe2556a7a4007	experiments/collections/382_c2-reusable-concurrency-16m-child-g016-g017/recovery/direct-events/source-manifest.tsv	006bf6299372446ad39b7d8addbcfc17e1f4019d83c712c7437efc2803279d09	experiments/collections/382_c2-reusable-concurrency-16m-child-g016-g017/recovery/c2/reusable-event-coverage.tsv	9c3e5fe7b70ca4dfcd9805b22b4a89b3bdb6a3f199ae458fd0eaf7d640f8a1f5	experiments/collections/382_c2-reusable-concurrency-16m-child-g016-g017/SOURCE-SESSION-PROVENANCE.env	4d9213eacf9c4332f9338a347aba406cc6b7affe56da5d4ae55f4c4c7d9cb7af	experiments/collections/382_c2-reusable-concurrency-16m-child-g016-g017/PROFILE-RESET-PROVENANCE.env	275895ff08ae3a69381bcddaa5ea2a9765ad854841932f95f0892755fc393e7c	experiments/collections/382_c2-reusable-concurrency-16m-child-g016-g017/ACTION-CLEANUP-STATUS.env	95438756a24cc1b4a32f8b71988119d7b8a8c6fc94e77a5f4ff14dd9d88222c8	experiments/collections/382_c2-reusable-concurrency-16m-child-g016-g017/MANIFEST.tsv	39b5c135d001542ce87be52d41763b985104ff70218f4df2bd3819761dc922fb	experiments/collections/382_c2-reusable-concurrency-16m-child-g016-g017/PRIVATE-ARCHIVE-MANIFEST.tsv	1d53adc8de04c532a953ba109af38f1450fd2be9a76ec2bef758d0b5f23c0e6a
