profile	phase	size_bytes	logical_request_id	attempt_id	activation_id
reusable-concurrency	measured	1024	1	1	0674cff8ac4e4c9bb4cff8ac4eac9b8c
reusable-concurrency	measured	4096	2	1	ec057c17cc8f4cad857c17cc8f4cad1d
reusable-concurrency	measured	16384	3	1	878e4301fa944da58e4301fa940da5dc
reusable-concurrency	measured	65536	4	1	2cd71edcd7974b5a971edcd7976b5aef
reusable-concurrency	measured	262144	5	1	5a1cbcd08fbe4ef59cbcd08fbe4ef52b
reusable-concurrency	measured	1048576	6	1	9fbea31869ce4198bea31869ce01983a
reusable-concurrency	measured	4194304	7	1	4b46e5274ed7434d86e5274ed7034dea
reusable-concurrency	measured	1024	8	1	6182d3c428c84ffd82d3c428c88ffde6
reusable-concurrency	measured	4096	9	1	7e176775736d402a976775736d602a05
reusable-concurrency	measured	16384	10	1	7bff7b655f1b4482bf7b655f1bc48232
reusable-concurrency	measured	65536	11	1	eafd4a03ef2b4912bd4a03ef2bc91269
reusable-concurrency	measured	262144	12	1	f7efdd136ae540e4afdd136ae570e4e9
reusable-concurrency	measured	1048576	13	1	0269ef6072fe485ca9ef6072fed85ccd
reusable-concurrency	measured	4194304	14	1	abaf8defe6374da9af8defe6373da92d
reusable-concurrency	measured	1024	15	1	1bd07a1a9169430a907a1a9169030a45
reusable-concurrency	measured	4096	16	1	0cd5f37f665a412c95f37f665a312c3b
reusable-concurrency	measured	16384	17	1	df81c8637315494981c8637315d949f5
reusable-concurrency	measured	65536	18	1	67c44d219b18420f844d219b18120f53
reusable-concurrency	measured	262144	19	1	7f43ccef6e1348c283ccef6e1398c2f3
reusable-concurrency	measured	1048576	20	1	2ab5c6565b5d411db5c6565b5d611d7b
reusable-concurrency	measured	4194304	21	1	da47482e40f744e187482e40f764e1c0
reusable-concurrency	measured	1024	22	1	b01f70d9bdad43c09f70d9bdad43c023
reusable-concurrency	measured	4096	23	1	a892550d9915478f92550d9915478f19
reusable-concurrency	measured	16384	24	1	d10981ef1d8e4a158981ef1d8eba15eb
reusable-concurrency	measured	65536	25	1	ae05dc5f7bd0418a85dc5f7bd0218a96
reusable-concurrency	measured	262144	26	1	80eb6b71344948fdab6b713449c8fd99
reusable-concurrency	measured	1048576	27	1	23b57c0b1f304bfab57c0b1f305bfaef
reusable-concurrency	measured	4194304	28	1	0c5e574b569b46f69e574b569bd6f62d
reusable-concurrency	measured	1024	29	1	6a0a7309887047e38a73098870e7e33a
reusable-concurrency	measured	4096	30	1	d3bfb78a1b524228bfb78a1b52f2283e
reusable-concurrency	measured	16384	31	1	085989bdf4cd4ff59989bdf4cd0ff55b
reusable-concurrency	measured	65536	32	1	ff1b635ad2354f519b635ad2357f5104
reusable-concurrency	measured	262144	33	1	eaa407e4c14d4791a407e4c14d479137
reusable-concurrency	measured	1048576	34	1	1005a86ff67547e685a86ff675e7e68c
reusable-concurrency	measured	4194304	35	1	5613bd310ec743e193bd310ec7f3e171
reusable-concurrency	measured	1024	36	1	defa8353a8d7422aba8353a8d7f22a98
reusable-concurrency	measured	4096	37	1	72bd626844a045aebd626844a055ae1b
reusable-concurrency	measured	16384	38	1	3945a7e061b8467585a7e061b85675b1
reusable-concurrency	measured	65536	39	1	dd4321b52e3b46408321b52e3b964039
reusable-concurrency	measured	262144	40	1	aba5f06316ee43f2a5f06316eee3f263
reusable-concurrency	measured	1048576	41	1	d3341d4dff1a4de3b41d4dff1a9de36a
reusable-concurrency	measured	4194304	42	1	8be662f1051f45dba662f1051fd5dbc5
reusable-concurrency	measured	1024	43	1	cd04f8bc408e4f4184f8bc408e4f418c
reusable-concurrency	measured	4096	44	1	25490044a90247e2890044a90257e265
reusable-concurrency	measured	16384	45	1	40b1a871c653450cb1a871c653b50cf3
reusable-concurrency	measured	65536	46	1	9bbf79f3e18e4c5abf79f3e18e9c5a78
reusable-concurrency	measured	262144	47	1	f25ec569cc584f409ec569cc582f40d8
reusable-concurrency	measured	1048576	48	1	c3382c9affef4680b82c9affefd68007
reusable-concurrency	measured	4194304	49	1	169d0de6428f4c969d0de6428f7c9652
reusable-concurrency	measured	1024	50	1	a6b5f29bf9d64b66b5f29bf9d6bb66d1
reusable-concurrency	measured	4096	51	1	ee24936624e34ae9a4936624e34ae996
reusable-concurrency	measured	16384	52	1	f6cb9e156f2c46c48b9e156f2ce6c4d8
reusable-concurrency	measured	65536	53	1	c10f034ba39a47948f034ba39ac7940c
reusable-concurrency	measured	262144	54	1	8679d2658f7a433db9d2658f7ae33da2
reusable-concurrency	measured	1048576	55	1	2df5b4e7e9834a36b5b4e7e9838a36e5
reusable-concurrency	measured	4194304	56	1	845418283f3e45d39418283f3e35d389
reusable-concurrency	measured	1024	57	1	6091d36c78d240e891d36c78d270e8df
reusable-concurrency	measured	4096	58	1	3a3cf60bea044468bcf60bea04846801
reusable-concurrency	measured	16384	59	1	b3b2c1f2a3434d3cb2c1f2a3438d3c85
reusable-concurrency	measured	65536	60	1	c560c272e03447d5a0c272e03427d577
reusable-concurrency	measured	262144	61	1	f85617a81c6848099617a81c68d8099a
reusable-concurrency	measured	1048576	62	1	2dface4097dd4a5dbace4097dd2a5dbf
reusable-concurrency	measured	4194304	63	1	529bb2d37df048ce9bb2d37df0d8ce16
reusable-concurrency	measured	1024	64	1	8f6d806cdea74ac5ad806cdea78ac5e0
reusable-concurrency	measured	4096	65	1	526adecc914d415aaadecc914d615a7a
reusable-concurrency	measured	16384	66	1	21049175b0e84e78849175b0e8fe7819
reusable-concurrency	measured	65536	67	1	f8354447d23947c0b54447d23947c04e
reusable-concurrency	measured	262144	68	1	c51147f7106844199147f710686419ca
reusable-concurrency	measured	1048576	69	1	e85a5b22d4544bae9a5b22d454bbaea6
reusable-concurrency	measured	4194304	70	1	29aa2f56a0f040c2aa2f56a0f010c237
reusable-concurrency	measured	1024	71	1	25063355288546b58633552885a6b596
reusable-concurrency	measured	4096	72	1	ed0fcbe94101456b8fcbe94101f56bcf
reusable-concurrency	measured	16384	73	1	2e70fb7082624ba9b0fb708262dba9f2
reusable-concurrency	measured	65536	74	1	59c06faca177421f806faca177921f62
reusable-concurrency	measured	262144	75	1	d6091ff704a74ddd891ff704a79ddd82
reusable-concurrency	measured	1048576	76	1	e844e69589e9462084e69589e9362000
reusable-concurrency	measured	4194304	77	1	311bfcf7bc59491d9bfcf7bc59791d2d
reusable-concurrency	measured	1024	78	1	e1cbac7f217643bd8bac7f217663bdd6
reusable-concurrency	measured	4096	79	1	6ba659a6e2544a83a659a6e2542a83f2
reusable-concurrency	measured	16384	80	1	c41cab8315bd437e9cab8315bd737e1b
reusable-concurrency	measured	65536	81	1	fc4485a82b384fd78485a82b385fd7b2
reusable-concurrency	measured	262144	82	1	f59adad6095e46e59adad6095e56e535
reusable-concurrency	measured	1048576	83	1	0206608b82e5457d86608b82e5657ddc
reusable-concurrency	measured	4194304	84	1	8c91da594ad04fb691da594ad08fb6f2
reusable-concurrency	measured	1024	85	1	864c47e8173d4c778c47e8173d4c77c4
reusable-concurrency	measured	4096	86	1	c81bf903ca4b47eb9bf903ca4b87eb1a
reusable-concurrency	measured	16384	87	1	da580b0238074b98980b023807eb98b3
reusable-concurrency	measured	65536	88	1	746cdedd968748c3acdedd968708c399
reusable-concurrency	measured	262144	89	1	237639b9e2e54708b639b9e2e597087e
reusable-concurrency	measured	1048576	90	1	03e663d11b614ac1a663d11b614ac142
reusable-concurrency	measured	4194304	91	1	40b6639ddaf3419db6639ddaf3519d54
reusable-concurrency	measured	1024	92	1	dfab95dfd9874751ab95dfd987475112
reusable-concurrency	measured	4096	93	1	17f112858ae54944b112858ae5d944d3
reusable-concurrency	measured	16384	94	1	6c2a642a4a9644f4aa642a4a9684f410
reusable-concurrency	measured	65536	95	1	58c5cf364ec0422c85cf364ec0122c4c
reusable-concurrency	measured	262144	96	1	269fbf93010845ff9fbf930108c5ff88
reusable-concurrency	measured	1048576	97	1	f63e5306969c4a83be5306969c3a83d1
reusable-concurrency	measured	4194304	98	1	216f876b758a41c0af876b758af1c003
reusable-concurrency	measured	1024	99	1	76acf71e14ff42acacf71e14ff62aca3
reusable-concurrency	measured	4096	100	1	a1dc9be47d1642739c9be47d1672734a
reusable-concurrency	measured	16384	101	1	caf6f45a34914504b6f45a3491d5044b
reusable-concurrency	measured	65536	102	1	4564d0ff3a0845b4a4d0ff3a08a5b49d
reusable-concurrency	measured	262144	103	1	7986ec038322482186ec038322282102
reusable-concurrency	measured	1048576	104	1	45fc047195364bc4bc04719536dbc41c
reusable-concurrency	measured	4194304	105	1	e62941e567fa4f8ba941e567fa1f8be8
reusable-concurrency	measured	1024	106	1	463d8e64dc7f4b1dbd8e64dc7f8b1dea
reusable-concurrency	measured	4096	107	1	de3d87eca17e4ccabd87eca17efccab5
reusable-concurrency	measured	16384	108	1	0535bc267ef64ac6b5bc267ef67ac60c
reusable-concurrency	measured	65536	109	1	9637433487fa4eefb7433487fa4eefa4
reusable-concurrency	measured	262144	110	1	df6b40bfad984468ab40bfad983468d0
reusable-concurrency	measured	1048576	111	1	a3afe6a704da4292afe6a704daf292b7
reusable-concurrency	measured	4194304	112	1	3fc2393a114446ff82393a114476ff3c
reusable-concurrency	measured	1024	113	1	505965589eb644679965589eb60467b2
reusable-concurrency	measured	4096	114	1	654af6d341d44b568af6d341d43b5666
reusable-concurrency	measured	16384	115	1	ca25d1397148470ea5d1397148170ed8
reusable-concurrency	measured	65536	116	1	8d778c6a8fc3463bb78c6a8fc3063b17
reusable-concurrency	measured	262144	117	1	0cc22cbca2c54827822cbca2c5e82718
reusable-concurrency	measured	1048576	118	1	9359e549068248f899e549068228f86f
reusable-concurrency	measured	4194304	119	1	c13c77988afe4ebebc77988afecebe87
reusable-concurrency	measured	1024	120	1	3bbb2df9de3d49ebbb2df9de3dd9ebeb
reusable-concurrency	measured	4096	121	1	f31e6d7d83ef45cd9e6d7d83ef55cdb6
reusable-concurrency	measured	16384	122	1	0e14c7a65f70454994c7a65f70f5492c
reusable-concurrency	measured	65536	123	1	0e60a8a944054529a0a8a94405b529a0
reusable-concurrency	measured	262144	124	1	4a018c11abdc4c8f818c11abdc8c8f9a
reusable-concurrency	measured	1048576	125	1	8539462d73d04a5fb9462d73d02a5f34
reusable-concurrency	measured	4194304	126	1	b4e838dea89c4ceca838dea89c0cec06
reusable-concurrency	measured	1024	127	1	f8f32e57c8d54494b32e57c8d5b494c5
reusable-concurrency	measured	4096	128	1	1a0845f99eab489e8845f99eab489e6f
reusable-concurrency	measured	16384	129	1	8fcea084797649968ea084797699961f
reusable-concurrency	measured	65536	130	1	81dfeb47c75c4fcf9feb47c75c8fcf40
reusable-concurrency	measured	262144	131	1	fed0b893614044aa90b8936140a4aa4e
reusable-concurrency	measured	1048576	132	1	864786446585407b8786446585107bc5
reusable-concurrency	measured	4194304	133	1	19183daed3364fd6983daed336cfd6bf
reusable-concurrency	measured	1024	134	1	25d5de8c29f6485095de8c29f608502c
reusable-concurrency	measured	4096	135	1	7268a332aa994e93a8a332aa990e9343
reusable-concurrency	measured	16384	136	1	ca9dec21816a4b169dec21816acb1677
reusable-concurrency	measured	65536	137	1	8242bd2a40c1493682bd2a40c1993684
reusable-concurrency	measured	262144	138	1	60971cd5c4f147e9971cd5c4f157e921
reusable-concurrency	measured	1048576	139	1	79af3ff39f0348dbaf3ff39f0318db87
reusable-concurrency	measured	4194304	140	1	646bb5e722794048abb5e72279c04871
reusable-concurrency	measured	1024	141	1	1943e7ef40ad45b083e7ef40ad65b0bd
reusable-concurrency	measured	4096	142	1	10f9bde1790e49cbb9bde1790e19cb86
reusable-concurrency	measured	16384	143	1	7336cd04a60c4525b6cd04a60c452590
reusable-concurrency	measured	65536	144	1	ffcfe150fea24c148fe150fea26c14cf
reusable-concurrency	measured	262144	145	1	6b32ccec1cf343aeb2ccec1cf373ae80
reusable-concurrency	measured	1048576	146	1	d043a41e05d94ec283a41e05d95ec26e
reusable-concurrency	measured	4194304	147	1	22781a2b55064d99b81a2b55067d995a
reusable-concurrency	measured	1024	148	1	e990c923d4e04f3e90c923d4e09f3e3c
reusable-concurrency	measured	4096	149	1	591ab30116df49179ab30116df29174d
reusable-concurrency	measured	16384	150	1	c1b074e390024070b074e390023070c7
reusable-concurrency	measured	65536	151	1	5f32e0f264514f13b2e0f26451cf1378
reusable-concurrency	measured	262144	152	1	e3490a6ad9f94190890a6ad9f921901f
reusable-concurrency	measured	1048576	153	1	404fb2a1c1be40e38fb2a1c1be10e328
reusable-concurrency	measured	4194304	154	1	c99f3574934d47289f3574934dd72849
reusable-concurrency	measured	1024	155	1	8919425562d64a5099425562d66a5066
reusable-concurrency	measured	4096	156	1	565afe7643be49fe9afe7643be69fef1
reusable-concurrency	measured	16384	157	1	e0fb1e2b221e4d10bb1e2b221e2d10f9
reusable-concurrency	measured	65536	158	1	3be974c7309e4d1aa974c7309e1d1a19
reusable-concurrency	measured	262144	159	1	450e1422925c405e8e1422925c005ef3
reusable-concurrency	measured	1048576	160	1	50fd7990970a4d4ebd7990970a8d4efa
reusable-concurrency	measured	4194304	161	1	51fa9eb53351441bba9eb53351841b04
reusable-concurrency	measured	1024	162	1	096b28c441dd4e5eab28c441ddee5edc
reusable-concurrency	measured	4096	163	1	49969eef07b44aad969eef07b43aad2f
reusable-concurrency	measured	16384	164	1	87378d9f07fb4bf1b78d9f07fbfbf1d4
reusable-concurrency	measured	65536	165	1	6725a51ca1cc4d1ba5a51ca1cc9d1b38
reusable-concurrency	measured	262144	166	1	a299d36d88a94be999d36d88a9abe982
reusable-concurrency	measured	1048576	167	1	5e58357fa388438698357fa388238677
reusable-concurrency	measured	4194304	168	1	c09d7329c6fa498b9d7329c6fac98bd9
reusable-concurrency	measured	1024	169	1	47332571a3054c52b32571a3059c52a8
reusable-concurrency	measured	4096	170	1	0ac2820237f34a3b82820237f39a3bbc
reusable-concurrency	measured	16384	171	1	3b5576454c8444c99576454c84f4c94f
reusable-concurrency	measured	65536	172	1	f6e48815ba794de6a48815ba796de666
reusable-concurrency	measured	262144	173	1	6bbe1cf59ce8459abe1cf59ce8b59a91
reusable-concurrency	measured	1048576	174	1	5dadbc4a8b7945ceadbc4a8b7905ce04
reusable-concurrency	measured	4194304	175	1	727e746964684682be74696468668227
reusable-concurrency	measured	1024	176	1	d0f403ec09374607b403ec0937e6071f
reusable-concurrency	measured	4096	177	1	a5f1f51e522d49eab1f51e522d59ea20
reusable-concurrency	measured	16384	178	1	4880b4f3c4514c1980b4f3c4510c1951
reusable-concurrency	measured	65536	179	1	201bf2670e3148b19bf2670e31d8b1bd
reusable-concurrency	measured	262144	180	1	a913531ab4ad41a793531ab4ad21a7b9
reusable-concurrency	measured	1048576	181	1	35bb9d3cb83f4466bb9d3cb83f0466d4
reusable-concurrency	measured	4194304	182	1	573444179277430cb444179277330c8e
reusable-concurrency	measured	1024	183	1	3afb9aab64784a33bb9aab6478fa33d1
reusable-concurrency	measured	4096	184	1	56d58b9a38704cb3958b9a38703cb33d
reusable-concurrency	measured	16384	185	1	38751719654d4d20b51719654d7d203a
reusable-concurrency	measured	65536	186	1	8ef789f9ad5f4624b789f9ad5f562490
reusable-concurrency	measured	262144	187	1	cb502e47c7e94702902e47c7e9f7020f
reusable-concurrency	measured	1048576	188	1	5eca6c964f9e45c58a6c964f9e15c55d
reusable-concurrency	measured	4194304	189	1	95b8e62ca41247bab8e62ca412e7ba5a
reusable-concurrency	measured	1024	190	1	74347d4763cb4884b47d4763cb08843d
reusable-concurrency	measured	4096	191	1	de10c4764ec4457090c4764ec4d5702a
reusable-concurrency	measured	16384	192	1	95062cc288454c91862cc288457c91bf
reusable-concurrency	measured	65536	193	1	70bcb9de77394e79bcb9de7739ce7923
reusable-concurrency	measured	262144	194	1	897298d2bd1f4134b298d2bd1fa1347c
reusable-concurrency	measured	1048576	195	1	d1a1c2a614b140e6a1c2a614b150e642
reusable-concurrency	measured	4194304	196	1	58a899ce4fe64292a899ce4fe6329245
reusable-concurrency	measured	1024	197	1	b56a3d6e7ac943a3aa3d6e7ac963a3a4
reusable-concurrency	measured	4096	198	1	827674f4f2bd4b20b674f4f2bd5b2059
reusable-concurrency	measured	16384	199	1	57044fd2e88a485a844fd2e88a985a24
reusable-concurrency	measured	65536	200	1	2a0334c464854f9a8334c464857f9a98
reusable-concurrency	measured	262144	201	1	fb6dd86de2b8470eadd86de2b8070eb8
reusable-concurrency	measured	1048576	202	1	9f132478875f4302932478875f6302c3
reusable-concurrency	measured	4194304	203	1	2929ff7384e04479a9ff7384e0e479b8
reusable-concurrency	measured	1024	204	1	6c0109dc8b4041688109dc8b403168d4
reusable-concurrency	measured	4096	205	1	6c464f6cd54f414c864f6cd54f214c93
reusable-concurrency	measured	16384	206	1	3d4bfcc1891048df8bfcc18910a8dfb2
reusable-concurrency	measured	65536	207	1	ea8b4f37183c44eb8b4f37183cd4ebbc
reusable-concurrency	measured	262144	208	1	00ee1ed5ef724232ae1ed5ef721232fe
reusable-concurrency	measured	1048576	209	1	83118bd170194ebc918bd170194ebc46
reusable-concurrency	measured	4194304	210	1	79487840409541158878404095c115ad
reusable-concurrency	measured	1024	211	1	14494907dcf648fe894907dcf6f8fec5
reusable-concurrency	measured	4096	212	1	654070e63bf8447b8070e63bf8e47b61
reusable-concurrency	measured	16384	213	1	4d69fb5ea6bb4194a9fb5ea6bbe1945c
reusable-concurrency	measured	65536	214	1	961b5576377a405c9b5576377a705cb9
reusable-concurrency	measured	262144	215	1	e298227368b94b4798227368b9fb4769
reusable-concurrency	measured	1048576	216	1	f4e25766fcde4655a25766fcdee65565
reusable-concurrency	measured	4194304	217	1	ebf0cab06b594993b0cab06b59499336
reusable-concurrency	measured	1024	218	1	1cf41e6fa5434a06b41e6fa5437a06c0
reusable-concurrency	measured	4096	219	1	cb096f4fcef94122896f4fcef94122e2
reusable-concurrency	measured	16384	220	1	a517ed21e99f447197ed21e99f04714a
reusable-concurrency	measured	65536	221	1	a844e5b8c0b94f6784e5b8c0b9cf67fa
reusable-concurrency	measured	262144	222	1	e921ec7c8f124a8fa1ec7c8f12fa8fed
reusable-concurrency	measured	1048576	223	1	e516121c97a34cc496121c97a34cc47e
reusable-concurrency	measured	4194304	224	1	96e552036f3248bda552036f3288bd94
reusable-concurrency	measured	1024	225	1	0dc74222648a40c0874222648ad0c06e
reusable-concurrency	measured	4096	226	1	fae9d351cfb3470ca9d351cfb3070c61
reusable-concurrency	measured	16384	227	1	404dc73eb0c841bb8dc73eb0c831bb8e
reusable-concurrency	measured	65536	228	1	d8fabecf42fe457ababecf42fe357acb
reusable-concurrency	measured	262144	229	1	08ee38c21a2a43c0ae38c21a2a53c0a7
reusable-concurrency	measured	1048576	230	1	700d0bead30c403f8d0bead30c403f50
reusable-concurrency	measured	4194304	231	1	7ffee9694d1f4e97bee9694d1fce9753
reusable-concurrency	measured	1024	232	1	6632860143374c17b2860143375c177e
reusable-concurrency	measured	4096	233	1	7f5d2b6ce7bb45bb9d2b6ce7bb95bb7f
reusable-concurrency	measured	16384	234	1	f98ebed73e6e45d08ebed73e6eb5d090
reusable-concurrency	measured	65536	235	1	64a59ff39e0146d7a59ff39e0116d7b3
reusable-concurrency	measured	262144	236	1	450878f6aff748488878f6aff7284828
reusable-concurrency	measured	1048576	237	1	4ef50d1380b54a74b50d1380b54a741a
reusable-concurrency	measured	4194304	238	1	ba0ce9c684f541be8ce9c684f551be94
reusable-concurrency	measured	1024	239	1	2d1716691378497c9716691378497c8f
reusable-concurrency	measured	4096	240	1	5e8f1530b47948028f1530b479f80256
reusable-concurrency	measured	16384	241	1	11e2cbe4c5354bcaa2cbe4c5352bcac8
reusable-concurrency	measured	65536	242	1	fd437207165c4a13837207165cca13c9
reusable-concurrency	measured	262144	243	1	2130326ff7c945dab0326ff7c915da1f
reusable-concurrency	measured	1048576	244	1	63e4b4d8aa7849b1a4b4d8aa7879b1f0
reusable-concurrency	measured	4194304	245	1	d88d1d5e2128488c8d1d5e2128a88c20
reusable-concurrency	measured	1024	246	1	8c8a0ac3dcc14e938a0ac3dcc10e9347
reusable-concurrency	measured	4096	247	1	532ee80e83284493aee80e8328d493e9
reusable-concurrency	measured	16384	248	1	30057b2b741b4c6f857b2b741bbc6f4c
reusable-concurrency	measured	65536	249	1	1a1137795dd94d7e9137795dd95d7edd
reusable-concurrency	measured	262144	250	1	0ae97ac032f94061a97ac032f9f061b2
reusable-concurrency	measured	1048576	251	1	37d92908817045d19929088170b5d19e
reusable-concurrency	measured	4194304	252	1	cdee83518cff4946ae83518cffc946b0
reusable-concurrency	measured	1024	253	1	7417240766ca4ba897240766ca3ba80e
reusable-concurrency	measured	4096	254	1	61256223f74949fea56223f74929fe44
reusable-concurrency	measured	16384	255	1	36d72aa1aeb34794972aa1aeb3b794cc
reusable-concurrency	measured	65536	256	1	aaef695ea46a4ef7af695ea46aaef768
reusable-concurrency	measured	262144	257	1	a1a319d358984285a319d35898d28565
reusable-concurrency	measured	1048576	258	1	5778a5ac5d294087b8a5ac5d29408794
reusable-concurrency	measured	4194304	259	1	98385646b7bf4ffab85646b7bf2ffaac
reusable-concurrency	measured	1024	260	1	2eff19d5b5f14bafbf19d5b5f13baf95
reusable-concurrency	measured	4096	261	1	73d56db7e8814cdc956db7e8819cdc17
reusable-concurrency	measured	16384	262	1	e98e2c228be9483e8e2c228be9f83ecb
reusable-concurrency	measured	65536	263	1	bd6e39c4c2744e30ae39c4c2741e3009
reusable-concurrency	measured	262144	264	1	d60fc8c078b6458e8fc8c078b6c58ec5
reusable-concurrency	measured	1048576	265	1	76860ad2da194fe2860ad2da19ffe2ca
reusable-concurrency	measured	4194304	266	1	437d10b0526a4f5abd10b0526aaf5a39
reusable-concurrency	measured	1024	267	1	0e45131e7307458485131e7307d58451
reusable-concurrency	measured	4096	268	1	bb7f55c16a704ad1bf55c16a70cad178
reusable-concurrency	measured	16384	269	1	f6c47c10d51b48a5847c10d51bf8a5bc
reusable-concurrency	measured	65536	270	1	2813bced7ddf448593bced7ddf2485fc
reusable-concurrency	measured	262144	271	1	1466062fe9354231a6062fe93572311c
reusable-concurrency	measured	1048576	272	1	c071027b74744715b1027b7474571566
reusable-concurrency	measured	4194304	273	1	20478206a5394ab5878206a539bab5ed
reusable-concurrency	measured	1024	274	1	3cc81816aab34f37881816aab30f37ea
reusable-concurrency	measured	4096	275	1	afb0c738b20347d6b0c738b20337d65c
reusable-concurrency	measured	16384	276	1	e402812f129d4e8a82812f129dee8ae9
reusable-concurrency	measured	65536	277	1	a6e7d63ff85d4bf2a7d63ff85dabf202
reusable-concurrency	measured	262144	278	1	378554475b9a4c468554475b9a5c4641
reusable-concurrency	measured	1048576	279	1	851170e605334f659170e605334f6572
reusable-concurrency	measured	4194304	280	1	84a56dbd75b44bc1a56dbd75b49bc1f1
reusable-concurrency	measured	1024	281	1	38377526dfb9426bb77526dfb9826bc0
reusable-concurrency	measured	4096	282	1	f2d3f3c4794c4a1293f3c4794c4a12bf
reusable-concurrency	measured	16384	283	1	34c4a0563688415484a05636885154fb
reusable-concurrency	measured	65536	284	1	2c6c7ba3752b4619ac7ba3752b6619fc
reusable-concurrency	measured	262144	285	1	72a24a0ea76e47f3a24a0ea76e67f369
reusable-concurrency	measured	1048576	286	1	de54583f551a49a994583f551af9a93d
reusable-concurrency	measured	4194304	287	1	07ae86aa3da54b88ae86aa3da5eb881b
reusable-concurrency	measured	1024	288	1	b64f2d3d392146118f2d3d3921f61199
reusable-concurrency	measured	4096	289	1	d38572d6d7604aef8572d6d7606aef17
reusable-concurrency	measured	16384	290	1	4d95a01f968341b395a01f968391b396
reusable-concurrency	measured	65536	291	1	bb1fac7280994e6e9fac7280990e6e84
reusable-concurrency	measured	262144	292	1	6f25210ca1414aafa5210ca1419aaf53
reusable-concurrency	measured	1048576	293	1	9c27a536789f47d4a7a536789f87d4a3
reusable-concurrency	measured	4194304	294	1	c896011feb47424896011feb47224825
reusable-concurrency	measured	1024	295	1	5b3fc2babb234cecbfc2babb233cecef
reusable-concurrency	measured	4096	296	1	43dd766f44f94fcb9d766f44f98fcbae
reusable-concurrency	measured	16384	297	1	b08fdf407cfa470e8fdf407cfa070eca
reusable-concurrency	measured	65536	298	1	a8382c8785434cd4b82c878543ccd47d
reusable-concurrency	measured	262144	299	1	c036ca6bbf98498fb6ca6bbf98798f0c
reusable-concurrency	measured	1048576	300	1	16e80687a40f4e18a80687a40f3e1849
reusable-concurrency	measured	4194304	301	1	d49d07346f34426a9d07346f34c26a07
reusable-concurrency	measured	1024	302	1	70942bdc35754747942bdc3575a74723
reusable-concurrency	measured	4096	303	1	be460c67d99d47c7860c67d99d77c759
reusable-concurrency	measured	16384	304	1	4ee13ed9fda1498fa13ed9fda1d98fec
reusable-concurrency	measured	65536	305	1	f23c5cf9d04a4fe1bc5cf9d04affe1b5
reusable-concurrency	measured	262144	306	1	42cc7e9a22744f688c7e9a22746f680e
reusable-concurrency	measured	1048576	307	1	f444aa227d564eb784aa227d560eb7c7
reusable-concurrency	measured	4194304	308	1	ca6901d80f2b48e8a901d80f2b28e887
reusable-concurrency	measured	1024	309	1	fbfd73fd83b54da2bd73fd83b5cda280
reusable-concurrency	measured	4096	310	1	c7c8ad1ea779408b88ad1ea779108b4a
reusable-concurrency	measured	16384	311	1	b26088a363df4ea8a088a363df6ea84a
reusable-concurrency	measured	65536	312	1	6b04a6d858ab459b84a6d858ab559be9
reusable-concurrency	measured	262144	313	1	5ff9bbd9b4d54b3cb9bbd9b4d5bb3cdf
reusable-concurrency	measured	1048576	314	1	5e02d24898274c5d82d2489827cc5d9c
reusable-concurrency	measured	4194304	315	1	d405e820699b46d585e820699b36d539
reusable-concurrency	measured	1024	316	1	387846ff5fab418cb846ff5fabc18c44
reusable-concurrency	measured	4096	317	1	8360c97aa8fe4451a0c97aa8fe445111
reusable-concurrency	measured	16384	318	1	01da9f4be74441d29a9f4be744b1d2a2
reusable-concurrency	measured	65536	319	1	f35fc6ca11d54c3d9fc6ca11d59c3d93
reusable-concurrency	measured	262144	320	1	69973efa2163403a973efa2163d03ab5
reusable-concurrency	measured	1048576	321	1	6895d5343df8425195d5343df8425158
reusable-concurrency	measured	4194304	322	1	88ecfddd4dd94a9cacfddd4dd98a9cb5
reusable-concurrency	measured	1024	323	1	0cbe9227dbd74155be9227dbd72155ea
reusable-concurrency	measured	4096	324	1	2b83f18f9c214f8e83f18f9c214f8ef9
reusable-concurrency	measured	16384	325	1	ce2edda11a9b47d5aedda11a9b17d562
reusable-concurrency	measured	65536	326	1	a6355d9aeb3d4bf4b55d9aeb3debf428
reusable-concurrency	measured	262144	327	1	133942c19024458bb942c19024b58b38
reusable-concurrency	measured	1048576	328	1	6791eae953f749b491eae953f739b43d
reusable-concurrency	measured	4194304	329	1	6b83f512a503478783f512a5038787b7
reusable-concurrency	measured	1024	330	1	89da571cb788418d9a571cb788318df9
reusable-concurrency	measured	4096	331	1	bc4ec802a2de4acb8ec802a2de8acbdd
reusable-concurrency	measured	16384	332	1	2d1c19c1c2cb43019c19c1c2cb930118
reusable-concurrency	measured	65536	333	1	e1ab0e7d32874fadab0e7d3287bfad94
reusable-concurrency	measured	262144	334	1	306d9babe02e465fad9babe02e865f03
reusable-concurrency	measured	1048576	335	1	bc80bf465fee4b9980bf465fee6b9951
reusable-concurrency	measured	4194304	336	1	968628491679480f8628491679a80f2c
reusable-concurrency	measured	1024	337	1	a81fa611052a424c9fa611052a424cd2
reusable-concurrency	measured	4096	338	1	6eba6ddf3ed34c00ba6ddf3ed3ac000d
reusable-concurrency	measured	16384	339	1	9584b16282b8412a84b16282b8f12adc
reusable-concurrency	measured	65536	340	1	b6f6719be7ab4ba4b6719be7abfba4ea
reusable-concurrency	measured	262144	341	1	0763b9ce73e74930a3b9ce73e7b93001
reusable-concurrency	measured	1048576	342	1	0812678a02fc43b292678a02fc93b2c9
reusable-concurrency	measured	4194304	343	1	1b592b9d7cd948f8992b9d7cd928f8c4
reusable-concurrency	measured	1024	344	1	c6de7c96ff384e749e7c96ff38ae74b0
reusable-concurrency	measured	4096	345	1	f79c16d0f3f24e939c16d0f3f21e93a6
reusable-concurrency	measured	16384	346	1	6247dd7f9f74435087dd7f9f74935078
reusable-concurrency	measured	65536	347	1	10422287039b470d822287039b770d1e
reusable-concurrency	measured	262144	348	1	f5905db4ba9e43a7905db4ba9e53a74c
reusable-concurrency	measured	1048576	349	1	c038a1c4d40d4c74b8a1c4d40dac7471
reusable-concurrency	measured	4194304	350	1	22a76a68b0954b3ea76a68b0957b3e58
reusable-concurrency	measured	1024	351	1	3385fe9e10f34da085fe9e10f3cda077
reusable-concurrency	measured	4096	352	1	fe71e0fadd4d48ebb1e0fadd4de8eb2d
reusable-concurrency	measured	16384	353	1	450cf24b636f4e708cf24b636fce70df
reusable-concurrency	measured	65536	354	1	8f759133e6dc4021b59133e6dc00213e
reusable-concurrency	measured	262144	355	1	8643cd489dd34e5b83cd489dd3ce5b3e
reusable-concurrency	measured	1048576	356	1	7af3fdfd3e544aa7b3fdfd3e543aa7d9
reusable-concurrency	measured	4194304	357	1	1e39eab36ae84daeb9eab36ae8adaee2
reusable-concurrency	measured	1024	358	1	8bebc1f387ab4cd1abc1f387abdcd16a
reusable-concurrency	measured	4096	359	1	75fe7901ef684792be7901ef6857923a
reusable-concurrency	measured	16384	360	1	66f361d8f2b54527b361d8f2b5752759
reusable-concurrency	measured	65536	361	1	5a62294f97eb4568a2294f97eb05683b
reusable-concurrency	measured	262144	362	1	2005e1b36d14439385e1b36d14139385
reusable-concurrency	measured	1048576	363	1	d0e683ef3e504918a683ef3e50091891
reusable-concurrency	measured	4194304	364	1	d8891672e5b746ab891672e5b766ab55
reusable-concurrency	measured	1024	365	1	afad72c38c1c4775ad72c38c1ce775d4
reusable-concurrency	measured	4096	366	1	750a5fced24744ec8a5fced24774ec25
reusable-concurrency	measured	16384	367	1	4f6cced0bdf54e4aacced0bdf5ae4a68
reusable-concurrency	measured	65536	368	1	0d57349d843d4ffa97349d843ddffa03
reusable-concurrency	measured	262144	369	1	5f73c930b93a4058b3c930b93a705870
reusable-concurrency	measured	1048576	370	1	14e1c051a2874866a1c051a2877866b7
reusable-concurrency	measured	4194304	371	1	7813183a658142ea93183a658152eadf
reusable-concurrency	measured	1024	372	1	f91b6c18aab940189b6c18aab99018a4
reusable-concurrency	measured	4096	373	1	1bfdb457d3c24b6cbdb457d3c2eb6c1b
reusable-concurrency	measured	16384	374	1	441a690e61d948819a690e61d928817b
reusable-concurrency	measured	65536	375	1	cef65b4a0e8a4c01b65b4a0e8a2c01a3
reusable-concurrency	measured	262144	376	1	9e575fe3505b47cd975fe3505b57cdce
reusable-concurrency	measured	1048576	377	1	ceba23dbe5b64204ba23dbe5b6020475
reusable-concurrency	measured	4194304	378	1	2ba1787a273545c8a1787a273585c883
reusable-concurrency	measured	1024	379	1	f8a028422b294287a028422b29728731
reusable-concurrency	measured	4096	380	1	05fb2fdfc84546eabb2fdfc845c6ea9d
reusable-concurrency	measured	16384	381	1	fe2fc1e26f8a4d94afc1e26f8a8d945c
reusable-concurrency	measured	65536	382	1	d76ad8e2d3524c21aad8e2d3529c2136
reusable-concurrency	measured	262144	383	1	ecf0ff484d7c4b31b0ff484d7c8b3174
reusable-concurrency	measured	1048576	384	1	c18021d8ae28473c8021d8ae28a73c72
reusable-concurrency	measured	4194304	385	1	de6acb34cdc04b33aacb34cdc02b3365
reusable-concurrency	measured	1024	386	1	69e1aa2b98784d9ca1aa2b98784d9c5b
reusable-concurrency	measured	4096	387	1	afc63d3bcb0f4fa2863d3bcb0fffa25d
reusable-concurrency	measured	16384	388	1	cd8d30c43c1b4fff8d30c43c1bbfff8f
reusable-concurrency	measured	65536	389	1	7022163b807f4cc6a2163b807f7cc648
reusable-concurrency	measured	262144	390	1	b36d718503824be5ad718503820be5e7
reusable-concurrency	measured	1048576	391	1	8a9fe68443104b259fe68443100b25cd
reusable-concurrency	measured	4194304	392	1	70f4d9e300004069b4d9e30000a069e7
reusable-concurrency	measured	1024	393	1	297bbe7b3459467ebbbe7b3459c67ed2
reusable-concurrency	measured	4096	394	1	fc5632a92c02466a9632a92c02b66af4
reusable-concurrency	measured	16384	395	1	fdd0b5e04d6d443890b5e04d6d14380e
reusable-concurrency	measured	65536	396	1	418cd3b0075b4d3c8cd3b0075b2d3c24
reusable-concurrency	measured	262144	397	1	23433eaad7d84dec833eaad7d8bdecba
reusable-concurrency	measured	1048576	398	1	79b6f29bb65441fbb6f29bb65421fb13
reusable-concurrency	measured	4194304	399	1	0d73073faa8449a8b3073faa8469a835
reusable-concurrency	measured	1024	400	1	5643d90ec05c4c1283d90ec05cfc1225
reusable-concurrency	measured	4096	401	1	042990752d2a40eaa990752d2a00ea8d
reusable-concurrency	measured	16384	402	1	949193357ef040929193357ef0f092e4
reusable-concurrency	measured	65536	403	1	da2ca846a1ef4d15aca846a1effd15c6
reusable-concurrency	measured	262144	404	1	4179996465b4461ab9996465b4b61a74
reusable-concurrency	measured	1048576	405	1	8d25d86769eb4e03a5d86769eb8e036e
reusable-concurrency	measured	4194304	406	1	aaf3cf938fc046d2b3cf938fc086d24d
reusable-concurrency	measured	1024	407	1	25c238c75d7947b88238c75d7937b87d
reusable-concurrency	measured	4096	408	1	87fe03561c5244c4be03561c52b4c443
reusable-concurrency	measured	16384	409	1	18dbe84cfbe74e369be84cfbe79e3665
reusable-concurrency	measured	65536	410	1	6549fadef074445589fadef0742455fb
reusable-concurrency	measured	262144	411	1	1b1c7f58335447f39c7f583354d7f3d8
reusable-concurrency	measured	1048576	412	1	2a275913bb5b445aa75913bb5b745a3d
reusable-concurrency	measured	4194304	413	1	1aeda11b6e9f46feada11b6e9f56fea2
reusable-concurrency	measured	1024	414	1	2bbdd52faae74452bdd52faae70452e9
reusable-concurrency	measured	4096	415	1	60c38e14d418442d838e14d418d42de3
reusable-concurrency	measured	16384	416	1	fb3ad2be66cc42c7bad2be66cc42c7e1
reusable-concurrency	measured	65536	417	1	7267eca4b34342eda7eca4b343f2edac
reusable-concurrency	measured	262144	418	1	d41198c26da447729198c26da417726a
reusable-concurrency	measured	1048576	419	1	7e12f566ba8b47b492f566ba8b27b41a
reusable-concurrency	measured	4194304	420	1	aca399bb1c2640cca399bb1c2610ccf5
reusable-concurrency	measured	1024	421	1	f896f7b3ded64ccd96f7b3ded6dccd1b
reusable-concurrency	measured	4096	422	1	0a097f0324cd4c4e897f0324cd5c4e40
reusable-concurrency	measured	16384	423	1	d9d78d406bd847ac978d406bd8c7acbd
reusable-concurrency	measured	65536	424	1	ac4410a23660474e8410a23660274e2f
reusable-concurrency	measured	262144	425	1	724dc103a32e4afb8dc103a32eaafbb3
reusable-concurrency	measured	1048576	426	1	226e89b443da434bae89b443da234b02
reusable-concurrency	measured	4194304	427	1	4d134fe8f7ec4787934fe8f7ec578755
reusable-concurrency	measured	1024	428	1	89abb1d12fd34118abb1d12fd3b1181a
reusable-concurrency	measured	4096	429	1	8449821b4e074d5c89821b4e074d5c8c
reusable-concurrency	measured	16384	430	1	3078ad3af7db401db8ad3af7dbf01d26
reusable-concurrency	measured	65536	431	1	cf9ae3a1c235462d9ae3a1c235362d8a
reusable-concurrency	measured	262144	432	1	131bec8ce6e0455e9bec8ce6e0d55e6d
reusable-concurrency	measured	1048576	433	1	953cf48dcc804213bcf48dcc80e213ad
reusable-concurrency	measured	4194304	434	1	bd42425f7760441482425f7760c41407
reusable-concurrency	measured	1024	435	1	4ea1d9940a084628a1d9940a08a62856
reusable-concurrency	measured	4096	436	1	2200cef010ac450780cef010ac6507fd
reusable-concurrency	measured	16384	437	1	28b12308e8a54f44b12308e8a56f442c
reusable-concurrency	measured	65536	438	1	5222da88a3c94c59a2da88a3c98c5970
reusable-concurrency	measured	262144	439	1	10b81d6bb02446d9b81d6bb02426d955
reusable-concurrency	measured	1048576	440	1	78104248f08f4000904248f08f8000a5
reusable-concurrency	measured	4194304	441	1	61b81e56dfd74fc3b81e56dfd7efc309
reusable-concurrency	measured	1024	442	1	84a6f7ed8b7543efa6f7ed8b75f3ef43
reusable-concurrency	measured	4096	443	1	1c0b3dc9dee247cf8b3dc9dee297cf24
reusable-concurrency	measured	16384	444	1	771a393b8a314e169a393b8a316e166d
reusable-concurrency	measured	65536	445	1	e32bd34411f649a3abd34411f659a32a
reusable-concurrency	measured	262144	446	1	c2eb3cb0025b4d49ab3cb0025bed49b8
reusable-concurrency	measured	1048576	447	1	d0877a7fafff4f65877a7fafff2f65b3
reusable-concurrency	measured	4194304	448	1	4ae5ee28c0b54b75a5ee28c0b55b75aa
reusable-concurrency	measured	1024	449	1	b9908f34f7734e22908f34f7733e225d
reusable-concurrency	measured	4096	450	1	91a8a0a636e9439da8a0a636e9c39dc0
reusable-concurrency	measured	16384	451	1	84230e0265974119a30e0265975119b7
reusable-concurrency	measured	65536	452	1	d1e2de56932d424fa2de56932d324fa3
reusable-concurrency	measured	262144	453	1	108fca0c72a54b398fca0c72a52b3945
reusable-concurrency	measured	1048576	454	1	5313875cc8a1465c93875cc8a1a65c05
reusable-concurrency	measured	4194304	455	1	e5a799d2f7ca4e98a799d2f7ca6e98ad
reusable-concurrency	measured	1024	456	1	213779c5ae7847a3b779c5ae78a7a3e1
reusable-concurrency	measured	4096	457	1	94a90876f9574622a90876f957c62251
reusable-concurrency	measured	16384	458	1	0d18aa4c25c9435a98aa4c25c9a35a38
reusable-concurrency	measured	65536	459	1	dd213b0079394447a13b007939e447a6
reusable-concurrency	measured	262144	460	1	7a1526901d084f539526901d081f538b
reusable-concurrency	measured	1048576	461	1	679f14bfbe7b41689f14bfbe7bb1680f
reusable-concurrency	measured	4194304	462	1	81a002eed2fb42aba002eed2fbf2abf3
reusable-concurrency	measured	1024	463	1	722c140859764b4aac140859768b4a16
reusable-concurrency	measured	4096	464	1	712ec82c0a614972aec82c0a61c97206
reusable-concurrency	measured	16384	465	1	339c7e2891fa40119c7e2891fa401119
reusable-concurrency	measured	65536	466	1	0951812ce95e42bf91812ce95ee2bf92
reusable-concurrency	measured	262144	467	1	3c16a1fecb74491a96a1fecb74b91aaf
reusable-concurrency	measured	1048576	468	1	7700e02357bb494080e02357bb194089
reusable-concurrency	measured	4194304	469	1	8ecc277117d941dc8c277117d9f1dc6f
reusable-concurrency	measured	1024	470	1	68d0fe1de8be445890fe1de8be645866
reusable-concurrency	measured	4096	471	1	f1f52aa52ca140a2b52aa52ca1c0a2e1
reusable-concurrency	measured	16384	472	1	e3d27a4e651e4e96927a4e651ebe9607
reusable-concurrency	measured	65536	473	1	4cb313ee64644664b313ee6464066491
reusable-concurrency	measured	262144	474	1	00e23b4c4e0a4b77a23b4c4e0a0b7736
reusable-concurrency	measured	1048576	475	1	95ab280b9ee147d4ab280b9ee197d4bb
reusable-concurrency	measured	4194304	476	1	2e5f3f70605b40839f3f70605be083a5
reusable-concurrency	measured	1024	477	1	d6ca9f51c0d240d18a9f51c0d2e0d120
reusable-concurrency	measured	4096	478	1	bd0370cea15b49fa8370cea15b89fabd
reusable-concurrency	measured	16384	479	1	055985a05eb944209985a05eb984206b
reusable-concurrency	measured	65536	480	1	0820202adebb40d9a0202adebbf0d94c
reusable-concurrency	measured	262144	481	1	4abe8d0a3b0f40ccbe8d0a3b0fe0cc7b
reusable-concurrency	measured	1048576	482	1	c1abacf625b449e2abacf625b459e2e6
reusable-concurrency	measured	4194304	483	1	25e483af988042b7a483af988002b7af
reusable-concurrency	measured	1024	484	1	0f4b06d1147241718b06d114722171fa
reusable-concurrency	measured	4096	485	1	77a572ac1dfe4c5ba572ac1dfe6c5bdd
reusable-concurrency	measured	16384	486	1	090d4fa00326419c8d4fa00326019c3f
reusable-concurrency	measured	65536	487	1	93164d7bcfb4403c964d7bcfb4c03cb3
reusable-concurrency	measured	262144	488	1	54ca005f058c46e48a005f058ce6e461
reusable-concurrency	measured	1048576	489	1	2f93be179b5d44a093be179b5db4a0c4
reusable-concurrency	measured	4194304	490	1	57dda4bb22aa42449da4bb22aa2244d8
reusable-concurrency	measured	1024	491	1	36cc3ec4816243348c3ec48162133458
reusable-concurrency	measured	4096	492	1	bb326ba527b64f6db26ba527b69f6d20
reusable-concurrency	measured	16384	493	1	4129f903eacc45a1a9f903eacc35a1a0
reusable-concurrency	measured	65536	494	1	6bb38db157c04302b38db157c0030279
reusable-concurrency	measured	262144	495	1	59f30a9a93bc42feb30a9a93bc12fea1
reusable-concurrency	measured	1048576	496	1	05fb5311535e44fbbb5311535e54fb4a
reusable-concurrency	measured	4194304	497	1	1d4408b1252d4b058408b1252d8b05ef
reusable-concurrency	measured	1024	498	1	1fb2c65d42c445d0b2c65d42c485d048
reusable-concurrency	measured	4096	499	1	77a588c602b541e7a588c602b561e70d
reusable-concurrency	measured	16384	500	1	7fa7386e8c4040c6a7386e8c40d0c68a
reusable-concurrency	measured	65536	501	1	ca122264933d484d922264933da84d40
reusable-concurrency	measured	262144	502	1	a6a63cada14f4c54a63cada14fac5480
reusable-concurrency	measured	1048576	503	1	34aa2ca889724bbcaa2ca88972dbbc7c
reusable-concurrency	measured	4194304	504	1	dc5e79df948d4f019e79df948d9f01e0
reusable-concurrency	measured	1024	505	1	ec6bc35990ec45e2abc35990ecc5e270
reusable-concurrency	measured	4096	506	1	94eb68e4a7d94d4dab68e4a7d98d4d2c
reusable-concurrency	measured	16384	507	1	afd1c760385641ab91c760385641ab24
reusable-concurrency	measured	65536	508	1	0e429b43c05742ba829b43c057d2ba27
reusable-concurrency	measured	262144	509	1	f2009f3f16a14848809f3f16a1684819
reusable-concurrency	measured	1048576	510	1	350a7682026141f78a7682026181f769
reusable-concurrency	measured	4194304	511	1	ce1b2c87f82648859b2c87f826a8857b
reusable-concurrency	measured	1024	512	1	4184a0d3833847ba84a0d3833817ba5c
reusable-concurrency	measured	4096	513	1	74ac8947f35b4152ac8947f35b015205
reusable-concurrency	measured	16384	514	1	0845a3c4d86449bc85a3c4d86409bc5d
reusable-concurrency	measured	65536	515	1	dce65ebe0f904376a65ebe0f90d376d7
reusable-concurrency	measured	262144	516	1	1f85990361ff4c0685990361ff5c06d1
reusable-concurrency	measured	1048576	517	1	0fa339ba9c264567a339ba9c26b5673c
reusable-concurrency	measured	4194304	518	1	717299a9418c48ceb299a9418c68ce5a
reusable-concurrency	measured	1024	519	1	a1135f3ef2cb4f36935f3ef2cbbf3686
reusable-concurrency	measured	4096	520	1	2dab722fa89e4b17ab722fa89e6b17e6
reusable-concurrency	measured	16384	521	1	48f10b9cdeec4dcbb10b9cdeec2dcbab
reusable-concurrency	measured	65536	522	1	fba3813f8ca2488aa3813f8ca2688a1a
reusable-concurrency	measured	262144	523	1	839ad133839e4e129ad133839e1e1209
reusable-concurrency	measured	1048576	524	1	330fd55ba3cb4bf48fd55ba3cb9bf4d1
reusable-concurrency	measured	4194304	525	1	6bac6f09e73b400bac6f09e73ba00b9d
reusable-concurrency	measured	1024	526	1	e0427ab4f0f44683827ab4f0f4a6836b
reusable-concurrency	measured	4096	527	1	c483de2ea855469583de2ea855c6953e
reusable-concurrency	measured	16384	528	1	b6da3131a5c941379a3131a5c9d137ea
reusable-concurrency	measured	65536	529	1	bc3287a4d9684c2db287a4d9682c2d1a
reusable-concurrency	measured	262144	530	1	d062eb330ab048bea2eb330ab0a8be62
reusable-concurrency	measured	1048576	531	1	558bfbe1e9ee4a7e8bfbe1e9ee4a7e77
reusable-concurrency	measured	4194304	532	1	f2ca712368f64ccb8a712368f65ccb4d
reusable-concurrency	measured	1024	533	1	b09154c14ef3488a9154c14ef3e88aa6
reusable-concurrency	measured	4096	534	1	0f5ff0360d91493c9ff0360d91f93c7f
reusable-concurrency	measured	16384	535	1	e0d3b8547ee94cec93b8547ee92ceced
reusable-concurrency	measured	65536	536	1	d48e90f0d1754c498e90f0d1758c4981
reusable-concurrency	measured	262144	537	1	edb4f56d80b94af5b4f56d80b97af5db
reusable-concurrency	measured	1048576	538	1	a3021ad5aa50432e821ad5aa50a32e26
reusable-concurrency	measured	4194304	539	1	818d8ab0b0b246898d8ab0b0b24689e5
reusable-concurrency	measured	1024	540	1	711ae36628a9462e9ae36628a9862e76
reusable-concurrency	measured	4096	541	1	d01380c991094ed59380c99109ded584
reusable-concurrency	measured	16384	542	1	114701e29b194d008701e29b193d0039
reusable-concurrency	measured	65536	543	1	9f6e0d7ad8844cceae0d7ad8849cce6e
reusable-concurrency	measured	262144	544	1	704259c53f4b42348259c53f4b923481
reusable-concurrency	measured	1048576	545	1	893f0685d21549ebbf0685d21529eb7b
reusable-concurrency	measured	4194304	546	1	1ab6058cc8b54300b6058cc8b5a300ef
reusable-concurrency	measured	1024	547	1	1d3eba8b03fc4f69beba8b03fcef696d
reusable-concurrency	measured	4096	548	1	d901ade9d1234c4781ade9d123dc4727
reusable-concurrency	measured	16384	549	1	fbebde82214145a0abde82214155a089
reusable-concurrency	measured	65536	550	1	22dbb09cb5cc41bc9bb09cb5cc31bc3d
reusable-concurrency	measured	262144	551	1	eef6ab761a5741bfb6ab761a5751bf54
reusable-concurrency	measured	1048576	552	1	193feee46b3d41f1bfeee46b3d21f156
reusable-concurrency	measured	4194304	553	1	448d744756b241198d744756b2a11945
reusable-concurrency	measured	1024	554	1	e3daac9a7a6442d69aac9a7a64b2d697
reusable-concurrency	measured	4096	555	1	1ae24a94c24a4598a24a94c24a259811
reusable-concurrency	measured	16384	556	1	14b38748d44540acb38748d445c0ac3d
reusable-concurrency	measured	65536	557	1	55dea1c748974d7d9ea1c74897ed7d4d
reusable-concurrency	measured	262144	558	1	f54fc4c3fd1046ab8fc4c3fd10d6ab77
reusable-concurrency	measured	1048576	559	1	3b78d83a4e3d4d05b8d83a4e3dbd05ad
reusable-concurrency	measured	4194304	560	1	0cec56b84af845fdac56b84af865fd66
reusable-concurrency	measured	1024	561	1	5c7bce6808d34869bbce6808d38869ac
reusable-concurrency	measured	4096	562	1	e61bf30faff84e939bf30faff80e9338
reusable-concurrency	measured	16384	563	1	e13f1b5cbe394639bf1b5cbe3946392a
reusable-concurrency	measured	65536	564	1	668055cac8fe47ab8055cac8fef7ab1a
reusable-concurrency	measured	262144	565	1	acd8c31a116c4e7498c31a116cbe74fb
reusable-concurrency	measured	1048576	566	1	c1809ff4a6fd42a8809ff4a6fd72a8bf
reusable-concurrency	measured	4194304	567	1	71ae3f1470064e46ae3f1470060e465a
reusable-concurrency	measured	1024	568	1	de2e925bf93d481fae925bf93d281fdd
reusable-concurrency	measured	4096	569	1	349619c98b8e48aa9619c98b8e68aa6e
reusable-concurrency	measured	16384	570	1	89cc33a896d4414d8c33a896d4814d00
reusable-concurrency	measured	65536	571	1	337107ca95874f69b107ca95873f69fe
reusable-concurrency	measured	262144	572	1	aada308b8c6c44499a308b8c6ca4494d
reusable-concurrency	measured	1048576	573	1	b694f36502164f7494f36502166f741a
reusable-concurrency	measured	4194304	574	1	37ee77e33a604b19ae77e33a606b19b8
reusable-concurrency	measured	1024	575	1	241e9c83bfc44cd79e9c83bfc43cd712
reusable-concurrency	measured	4096	576	1	a2a25e25c0f7489fa25e25c0f7e89fad
reusable-concurrency	measured	16384	577	1	03af426e020e46d6af426e020e36d6ed
reusable-concurrency	measured	65536	578	1	68ec09afd2c34a73ac09afd2c37a73a8
reusable-concurrency	measured	262144	579	1	ce957c5af4734b5f957c5af473eb5f8a
reusable-concurrency	measured	1048576	580	1	31a97a4a9b3c4a4ea97a4a9b3c5a4ea1
reusable-concurrency	measured	4194304	581	1	8fbfb0b6c7a44c10bfb0b6c7a4dc10a1
reusable-concurrency	measured	1024	582	1	e992d26d960448c792d26d960458c70f
reusable-concurrency	measured	4096	583	1	ae3ce4d8be6c4ea9bce4d8be6c7ea98f
reusable-concurrency	measured	16384	584	1	1eb9e2f337c445a0b9e2f337c415a014
reusable-concurrency	measured	65536	585	1	38b971dbf09a4bedb971dbf09a6bedc9
reusable-concurrency	measured	262144	586	1	d381c1e1782b499281c1e1782b999242
reusable-concurrency	measured	1048576	587	1	0f7861145f7d4050b861145f7d505020
reusable-concurrency	measured	4194304	588	1	64e2f359175f47a0a2f359175f37a0cb
reusable-concurrency	measured	1024	589	1	24747e4c2d8f42feb47e4c2d8f02fe5a
reusable-concurrency	measured	4096	590	1	e6cac58611e043768ac58611e0c376a8
reusable-concurrency	measured	16384	591	1	93e982f49ea64178a982f49ea6617816
reusable-concurrency	measured	65536	592	1	4aa14fd03545471fa14fd03545771f79
reusable-concurrency	measured	262144	593	1	438f6464eaf34f8d8f6464eaf3ff8d02
reusable-concurrency	measured	1048576	594	1	0e23ecfe11ec4481a3ecfe11ec348151
reusable-concurrency	measured	4194304	595	1	9cbc2acc49b74feebc2acc49b7cfee6e
reusable-concurrency	measured	1024	596	1	da509a51b1564666909a51b156d6664e
reusable-concurrency	measured	4096	597	1	971aa64036174fc39aa64036176fc39a
reusable-concurrency	measured	16384	598	1	6246e6e61f2540f286e6e61f25c0f23e
reusable-concurrency	measured	65536	599	1	bf3936a0c3184d6cb936a0c3184d6ce2
reusable-concurrency	measured	262144	600	1	7ad08fcc537a43ad908fcc537a13ad07
reusable-concurrency	measured	1048576	601	1	4a9b3b42329546c89b3b423295e6c846
reusable-concurrency	measured	4194304	602	1	148b16101f97412c8b16101f97012c02
reusable-concurrency	measured	1024	603	1	91b924d683d64156b924d683d631564e
reusable-concurrency	measured	4096	604	1	7c1ebb0ba8ec490c9ebb0ba8ec790c90
reusable-concurrency	measured	16384	605	1	b984a72f87544b0584a72f87540b0557
reusable-concurrency	measured	65536	606	1	6094fa67df7340ed94fa67df73e0ed51
reusable-concurrency	measured	262144	607	1	2f85c22cb82b473085c22cb82b87306c
reusable-concurrency	measured	1048576	608	1	d1bd71403dfa4532bd71403dfab53256
reusable-concurrency	measured	4194304	609	1	e496059c71864c2896059c71861c281b
reusable-concurrency	measured	1024	610	1	d08057a6e23142c38057a6e23122c399
reusable-concurrency	measured	4096	611	1	80acf218fee94b28acf218fee98b2839
reusable-concurrency	measured	16384	612	1	6f63672f3bcc4ce8a3672f3bcc4ce894
reusable-concurrency	measured	65536	613	1	28b1bc06815c4ab5b1bc06815c4ab516
reusable-concurrency	measured	262144	614	1	889756e382954a4d9756e382958a4d4a
reusable-concurrency	measured	1048576	615	1	93eacb38aaa94c6baacb38aaa97c6bf7
reusable-concurrency	measured	4194304	616	1	95eb09374702446dab09374702f46db5
reusable-concurrency	measured	1024	617	1	9923f6e15361457aa3f6e15361957a38
reusable-concurrency	measured	4096	618	1	e003c62c77174ed083c62c77172ed0be
reusable-concurrency	measured	16384	619	1	b49aea84378e42969aea84378ee296e3
reusable-concurrency	measured	65536	620	1	1c20db4013af46ffa0db4013af36ff00
reusable-concurrency	measured	262144	621	1	bd18c4a1ad8943b698c4a1ad89c3b648
reusable-concurrency	measured	1048576	622	1	0c4a09c10d7641cf8a09c10d7681cfa1
reusable-concurrency	measured	4194304	623	1	8e22116a419c45efa2116a419c65ef71
reusable-concurrency	measured	1024	624	1	0bf274dbaece49e5b274dbaece29e5cc
reusable-concurrency	measured	4096	625	1	48e839e61ee643b5a839e61ee6d3b580
reusable-concurrency	measured	16384	626	1	9543d5045b9f4a0f83d5045b9fda0f2b
reusable-concurrency	measured	65536	627	1	ed0237fc86fa45448237fc86fa5544f6
reusable-concurrency	measured	262144	628	1	3ece112f9813479c8e112f9813f79cfb
reusable-concurrency	measured	1048576	629	1	142d2eb64efc446dad2eb64efc546db1
reusable-concurrency	measured	4194304	630	1	73d0bed74d4e487b90bed74d4ec87bdf
reusable-concurrency	measured	1024	631	1	ec5adab554fc41449adab554fc314407
reusable-concurrency	measured	4096	632	1	4ce8b8e754bf498aa8b8e754bf498a21
reusable-concurrency	measured	16384	633	1	3074b3e20f2a4530b4b3e20f2a453010
reusable-concurrency	measured	65536	634	1	f63141ec57bd4d37b141ec57bdbd3783
reusable-concurrency	measured	262144	635	1	cb62e8ac9a854c07a2e8ac9a85fc071d
reusable-concurrency	measured	1048576	636	1	b5ab39c6e0fa4e8cab39c6e0fade8c2e
reusable-concurrency	measured	4194304	637	1	3ae85bc1b60848e9a85bc1b608e8e952
reusable-concurrency	measured	1024	638	1	77b17ef9f61241d7b17ef9f61201d704
reusable-concurrency	measured	4096	639	1	32f28e3aa46442e5b28e3aa464d2e553
reusable-concurrency	measured	16384	640	1	d4cdfa6ebb4142988dfa6ebb41929803
reusable-concurrency	measured	65536	641	1	47b8213a212145efb8213a2121c5ef0b
reusable-concurrency	measured	262144	642	1	f3faf242dfd94bf4baf242dfd9ebf4db
reusable-concurrency	measured	1048576	643	1	321e2650c22648009e2650c226780028
reusable-concurrency	measured	4194304	644	1	b55847f6848442229847f6848432225f
reusable-concurrency	measured	1024	645	1	4387982c521d40df87982c521d50dfde
reusable-concurrency	measured	4096	646	1	72c7b04a8e75475887b04a8e754758c8
reusable-concurrency	measured	16384	647	1	749c3c4300bf41d69c3c4300bf61d651
reusable-concurrency	measured	65536	648	1	d699321d80da47ae99321d80da07ae5d
reusable-concurrency	measured	262144	649	1	f3b03337426f4216b03337426f7216ff
reusable-concurrency	measured	1048576	650	1	420f247aec834e2b8f247aec834e2bef
reusable-concurrency	measured	4194304	651	1	fc199ae6eb944573999ae6eb94e573e0
reusable-concurrency	measured	1024	652	1	d398967d9f6a47f998967d9f6a87f949
reusable-concurrency	measured	4096	653	1	2cbdf1efafd141b8bdf1efafd1a1b891
reusable-concurrency	measured	16384	654	1	35405affdaac4730805affdaacd730ff
reusable-concurrency	measured	65536	655	1	451a8d38a221442a9a8d38a221442a09
reusable-concurrency	measured	262144	656	1	ebc666d9dfa945868666d9dfa98586ee
reusable-concurrency	measured	1048576	657	1	50a9d193619f49d9a9d193619f79d9a7
reusable-concurrency	measured	4194304	658	1	e1d70045245147e79700452451c7e7e9
reusable-concurrency	measured	1024	659	1	c34bd1e005194e628bd1e005197e62bb
reusable-concurrency	measured	4096	660	1	42f681411f6c4050b681411f6c80500b
reusable-concurrency	measured	16384	661	1	d2ec39087e484f13ac39087e485f133e
reusable-concurrency	measured	65536	662	1	b5e97ebf19894256a97ebf1989c2562a
reusable-concurrency	measured	262144	663	1	604e3b4c15ed4f468e3b4c15edaf4668
reusable-concurrency	measured	1048576	664	1	ac5d72b3de2f4b579d72b3de2ffb5700
reusable-concurrency	measured	4194304	665	1	9d92e7265c9549ba92e7265c95b9ba54
reusable-concurrency	measured	1024	666	1	7f02ed24efd74fc682ed24efd7bfc625
reusable-concurrency	measured	4096	667	1	fd3d8ba282434c93bd8ba28243dc93a0
reusable-concurrency	measured	16384	668	1	c7c5f29a009044ff85f29a009004ff2a
reusable-concurrency	measured	65536	669	1	3a6cc392b744445eacc392b744745e80
reusable-concurrency	measured	262144	670	1	93862d07937642cb862d079376a2cb15
reusable-concurrency	measured	1048576	671	1	4013cafb83c04b1893cafb83c0bb1846
reusable-concurrency	measured	4194304	672	1	3874b35f8ead4477b4b35f8eadf477b9
reusable-concurrency	measured	1024	673	1	be29ce05d6a04492a9ce05d6a08492cb
reusable-concurrency	measured	4096	674	1	86b6490b4c9b4394b6490b4c9b7394bd
reusable-concurrency	measured	16384	675	1	00b3d53d84fa46ffb3d53d84fad6ff20
reusable-concurrency	measured	65536	676	1	3e79327ac71247ffb9327ac71227ff23
reusable-concurrency	measured	262144	677	1	03c56090bde043b2856090bde0c3b29e
reusable-concurrency	measured	1048576	678	1	827224bc091c4ac3b224bc091caac3ca
reusable-concurrency	measured	4194304	679	1	28a8ea1fcccd4996a8ea1fcccde9966f
reusable-concurrency	measured	1024	680	1	093e3e1625c8429ebe3e1625c8e29e7a
reusable-concurrency	measured	4096	681	1	0f65dbeb02ab4f7da5dbeb02ab0f7d87
reusable-concurrency	measured	16384	682	1	5d8c305f357940b58c305f3579e0b5f9
reusable-concurrency	measured	65536	683	1	7dbee64d90ce4946bee64d90ce79464d
reusable-concurrency	measured	262144	684	1	e06dc3dfe5c7464badc3dfe5c7164baa
reusable-concurrency	measured	1048576	685	1	a708c09aee434fb488c09aee434fb4ed
reusable-concurrency	measured	4194304	686	1	32bb2eee837047bfbb2eee837077bf50
reusable-concurrency	measured	1024	687	1	db6d19e4f68647e3ad19e4f68627e393
reusable-concurrency	measured	4096	688	1	8aec95b61375477fac95b61375e77f0e
reusable-concurrency	measured	16384	689	1	437b98e797cf4980bb98e797cf49807f
reusable-concurrency	measured	65536	690	1	3853357553744f3093357553744f30c8
reusable-concurrency	measured	262144	691	1	a518ced98afe49e298ced98afe49e2c9
reusable-concurrency	measured	1048576	692	1	cf4773259fc7403e8773259fc7c03e23
reusable-concurrency	measured	4194304	693	1	8267ece6be954804a7ece6be95080482
reusable-concurrency	measured	1024	694	1	ae0acd2cecf84f748acd2cecf81f748d
reusable-concurrency	measured	4096	695	1	8afb8aaf3af24c13bb8aaf3af20c131d
reusable-concurrency	measured	16384	696	1	0eaa691937ef48c0aa691937ef88c015
reusable-concurrency	measured	65536	697	1	2f705c04669f4e07b05c04669f9e07c6
reusable-concurrency	measured	262144	698	1	732310868f324186a310868f32118622
reusable-concurrency	measured	1048576	699	1	47c31ccd7f424364831ccd7f42e3649e
reusable-concurrency	measured	4194304	700	1	f15f722a66ff44b89f722a66ff54b85e
