schema_version	experiment_id	profile	activation_id	event_code	clock_domain	timestamp_value	timestamp_unit	node
c5-timing-event-v1	C5	all	9e134ba9c2a94f85934ba9c2a96f855d	DB500	unix_ns	1784761414772999936	ns	store
c5-timing-event-v1	C5	all	9e134ba9c2a94f85934ba9c2a96f855d	DB510	unix_ns	1784761414795000064	ns	store
c5-timing-event-v1	C5	all	3b75a2976176475cb5a2976176d75c6c	DB500	unix_ns	1784761414792999936	ns	store
c5-timing-event-v1	C5	all	3b75a2976176475cb5a2976176d75c6c	DB510	unix_ns	1784761414809999872	ns	store
c5-timing-event-v1	C5	all	915fd7dfe4214caa9fd7dfe4212caa0d	DB500	unix_ns	1784761414864000000	ns	store
c5-timing-event-v1	C5	all	915fd7dfe4214caa9fd7dfe4212caa0d	DB510	unix_ns	1784761414880999936	ns	store
c5-timing-event-v1	C5	all	3fe87b9a9a4d485ea87b9a9a4d385efe	DB500	unix_ns	1784761415290999808	ns	store
c5-timing-event-v1	C5	all	3fe87b9a9a4d485ea87b9a9a4d385efe	DB510	unix_ns	1784761415303000064	ns	store
c5-timing-event-v1	C5	all	5d7badd58be04d95bbadd58be08d9537	DB500	unix_ns	1784761415346999808	ns	store
c5-timing-event-v1	C5	all	5d7badd58be04d95bbadd58be08d9537	DB510	unix_ns	1784761415360000000	ns	store
c5-timing-event-v1	C5	all	1dc8e9288af14a7f88e9288af10a7fef	DB500	unix_ns	1784761415424999936	ns	store
c5-timing-event-v1	C5	all	1dc8e9288af14a7f88e9288af10a7fef	DB510	unix_ns	1784761415433000192	ns	store
c5-timing-event-v1	C5	all	33f98378156d41e7b98378156d71e7dc	DB500	unix_ns	1784761415559000064	ns	store
c5-timing-event-v1	C5	all	33f98378156d41e7b98378156d71e7dc	DB510	unix_ns	1784761415573999872	ns	store
c5-timing-event-v1	C5	all	4c7641910f024d25b641910f02ed255d	DB500	unix_ns	1784761415696000000	ns	store
c5-timing-event-v1	C5	all	4c7641910f024d25b641910f02ed255d	DB510	unix_ns	1784761415707000064	ns	store
c5-timing-event-v1	C5	all	8f82723846754a8482723846752a8427	DB500	unix_ns	1784761415760999936	ns	store
c5-timing-event-v1	C5	all	8f82723846754a8482723846752a8427	DB510	unix_ns	1784761415775000064	ns	store
c5-timing-event-v1	C5	all	7a3873041438401eb873041438201efd	DB500	unix_ns	1784761415969000192	ns	store
c5-timing-event-v1	C5	all	7a3873041438401eb873041438201efd	DB510	unix_ns	1784761415979000064	ns	store
c5-timing-event-v1	C5	all	ae91bda6548c4eb691bda6548c5eb6e9	DB500	unix_ns	1784761416045000192	ns	store
c5-timing-event-v1	C5	all	ae91bda6548c4eb691bda6548c5eb6e9	DB510	unix_ns	1784761416053999872	ns	store
c5-timing-event-v1	C5	all	8bdddcfff6c041e59ddcfff6c061e5f1	DB500	unix_ns	1784761416244000000	ns	store
c5-timing-event-v1	C5	all	8bdddcfff6c041e59ddcfff6c061e5f1	DB510	unix_ns	1784761416260000000	ns	store
c5-timing-event-v1	C5	all	0b9ccda85a5a4a519ccda85a5a5a5178	DB500	unix_ns	1784761416336999936	ns	store
c5-timing-event-v1	C5	all	0b9ccda85a5a4a519ccda85a5a5a5178	DB510	unix_ns	1784761416344000000	ns	store
c5-timing-event-v1	C5	all	09ec0f546546466eac0f546546e66e51	DB500	unix_ns	1784761416375000064	ns	store
c5-timing-event-v1	C5	all	09ec0f546546466eac0f546546e66e51	DB510	unix_ns	1784761416384999936	ns	store
c5-timing-event-v1	C5	all	64268fee75794b4aa68fee75791b4ad7	DB500	unix_ns	1784761416524000000	ns	store
c5-timing-event-v1	C5	all	64268fee75794b4aa68fee75791b4ad7	DB510	unix_ns	1784761416542000128	ns	store
c5-timing-event-v1	C5	all	7237b4b12fe74155b7b4b12fe72155a8	DB500	unix_ns	1784761416640999936	ns	store
c5-timing-event-v1	C5	all	7237b4b12fe74155b7b4b12fe72155a8	DB510	unix_ns	1784761416651000064	ns	store
c5-timing-event-v1	C5	all	7cd47939208043509479392080a35076	DB500	unix_ns	1784761416799000064	ns	store
c5-timing-event-v1	C5	all	7cd47939208043509479392080a35076	DB510	unix_ns	1784761416812000000	ns	store
c5-timing-event-v1	C5	all	74ca81d368ad4b978a81d368adcb976c	DB500	unix_ns	1784761416940999936	ns	store
c5-timing-event-v1	C5	all	74ca81d368ad4b978a81d368adcb976c	DB510	unix_ns	1784761416952000000	ns	store
c5-timing-event-v1	C5	all	8322d71c956e4e08a2d71c956ece08d3	DB500	unix_ns	1784761417044000000	ns	store
c5-timing-event-v1	C5	all	8322d71c956e4e08a2d71c956ece08d3	DB510	unix_ns	1784761417052000000	ns	store
c5-timing-event-v1	C5	all	d0fd6292920541f0bd62929205e1f0ec	DB500	unix_ns	1784761417072999936	ns	store
c5-timing-event-v1	C5	all	d0fd6292920541f0bd62929205e1f0ec	DB510	unix_ns	1784761417084000000	ns	store
c5-timing-event-v1	C5	all	10c05c9991094594805c9991095594ef	DB500	unix_ns	1784761417328000000	ns	store
c5-timing-event-v1	C5	all	10c05c9991094594805c9991095594ef	DB510	unix_ns	1784761417341000192	ns	store
c5-timing-event-v1	C5	all	6c9cf747156f48a59cf747156f38a583	DB500	unix_ns	1784761417394000128	ns	store
c5-timing-event-v1	C5	all	6c9cf747156f48a59cf747156f38a583	DB510	unix_ns	1784761417400999936	ns	store
c5-timing-event-v1	C5	all	5694f1b05b10402394f1b05b10e023a5	DB500	unix_ns	1784761417472999936	ns	store
c5-timing-event-v1	C5	all	5694f1b05b10402394f1b05b10e023a5	DB510	unix_ns	1784761417483000064	ns	store
c5-timing-event-v1	C5	all	61cb8a0641bc49938b8a0641bcd993cd	DB500	unix_ns	1784761417604000000	ns	store
c5-timing-event-v1	C5	all	61cb8a0641bc49938b8a0641bcd993cd	DB510	unix_ns	1784761417619000064	ns	store
c5-timing-event-v1	C5	all	9a811d7347e746eb811d7347e756eb50	DB500	unix_ns	1784761417723000064	ns	store
c5-timing-event-v1	C5	all	9a811d7347e746eb811d7347e756eb50	DB510	unix_ns	1784761417736999936	ns	store
c5-timing-event-v1	C5	all	fa4d5c12e9ec4fc18d5c12e9ecbfc100	DB500	unix_ns	1784761417792999936	ns	store
c5-timing-event-v1	C5	all	fa4d5c12e9ec4fc18d5c12e9ecbfc100	DB510	unix_ns	1784761417801000192	ns	store
c5-timing-event-v1	C5	all	adc0c2c0650f473c80c2c0650f273c5f	DB500	unix_ns	1784761418060000000	ns	store
c5-timing-event-v1	C5	all	adc0c2c0650f473c80c2c0650f273c5f	DB510	unix_ns	1784761418075000064	ns	store
c5-timing-event-v1	C5	all	800e1021c2ba423b8e1021c2ba823b5e	DB500	unix_ns	1784761418124999936	ns	store
c5-timing-event-v1	C5	all	800e1021c2ba423b8e1021c2ba823b5e	DB510	unix_ns	1784761418134000128	ns	store
c5-timing-event-v1	C5	all	9223fbb0d4f946ffa3fbb0d4f9c6ff5a	DB500	unix_ns	1784761418236000000	ns	store
c5-timing-event-v1	C5	all	9223fbb0d4f946ffa3fbb0d4f9c6ff5a	DB510	unix_ns	1784761418246000128	ns	store
c5-timing-event-v1	C5	all	499fa29c61294f349fa29c61297f34fe	DB500	unix_ns	1784761418388999936	ns	store
c5-timing-event-v1	C5	all	499fa29c61294f349fa29c61297f34fe	DB510	unix_ns	1784761418400999936	ns	store
c5-timing-event-v1	C5	all	b97e4827a26a41a9be4827a26a51a948	DB500	unix_ns	1784761418566999808	ns	store
c5-timing-event-v1	C5	all	b97e4827a26a41a9be4827a26a51a948	DB510	unix_ns	1784761418578000128	ns	store
c5-timing-event-v1	C5	all	d9a7074430a340f9a7074430a3f0f939	DB500	unix_ns	1784761418595000064	ns	store
c5-timing-event-v1	C5	all	d9a7074430a340f9a7074430a3f0f939	DB510	unix_ns	1784761418607000064	ns	store
c5-timing-event-v1	C5	all	9f1beac27d8c4c219beac27d8ccc21aa	DB500	unix_ns	1784761418657999872	ns	store
c5-timing-event-v1	C5	all	9f1beac27d8c4c219beac27d8ccc21aa	DB510	unix_ns	1784761418668000000	ns	store
c5-timing-event-v1	C5	all	b90778a4615b4dcf8778a4615b5dcf47	DB500	unix_ns	1784761418913000192	ns	store
c5-timing-event-v1	C5	all	b90778a4615b4dcf8778a4615b5dcf47	DB510	unix_ns	1784761418920999936	ns	store
c5-timing-event-v1	C5	all	6f060abd01fa4660860abd01faf66005	DB500	unix_ns	1784761418921999872	ns	store
c5-timing-event-v1	C5	all	6f060abd01fa4660860abd01faf66005	DB510	unix_ns	1784761418936999936	ns	store
c5-timing-event-v1	C5	all	72017596097647d48175960976d7d4f9	DB500	unix_ns	1784761418937999872	ns	store
c5-timing-event-v1	C5	all	72017596097647d48175960976d7d4f9	DB510	unix_ns	1784761418953000192	ns	store
c5-timing-event-v1	C5	all	362ed01cba164832aed01cba1668321e	DB500	unix_ns	1784761419198999808	ns	store
c5-timing-event-v1	C5	all	362ed01cba164832aed01cba1668321e	DB510	unix_ns	1784761419204999936	ns	store
c5-timing-event-v1	C5	all	cdbb13021a6d48d4bb13021a6d18d4b0	DB500	unix_ns	1784761419264000000	ns	store
c5-timing-event-v1	C5	all	cdbb13021a6d48d4bb13021a6d18d4b0	DB510	unix_ns	1784761419270999808	ns	store
c5-timing-event-v1	C5	all	073806162a4346c7b806162a4316c72c	DB500	unix_ns	1784761419288000000	ns	store
c5-timing-event-v1	C5	all	073806162a4346c7b806162a4316c72c	DB510	unix_ns	1784761419293999872	ns	store
c5-timing-event-v1	C5	all	a8c25284f2a74662825284f2a7566284	DB500	unix_ns	1784761419476999936	ns	store
c5-timing-event-v1	C5	all	a8c25284f2a74662825284f2a7566284	DB510	unix_ns	1784761419486000128	ns	store
c5-timing-event-v1	C5	all	422aa3aceba6486eaaa3aceba6f86e03	DB500	unix_ns	1784761419609999872	ns	store
c5-timing-event-v1	C5	all	422aa3aceba6486eaaa3aceba6f86e03	DB510	unix_ns	1784761419632000000	ns	store
c5-timing-event-v1	C5	all	b8292d00cebc4f40a92d00cebc8f4020	DB500	unix_ns	1784761419617000192	ns	store
c5-timing-event-v1	C5	all	b8292d00cebc4f40a92d00cebc8f4020	DB510	unix_ns	1784761419636000000	ns	store
c5-timing-event-v1	C5	all	b0091075ffa4430b891075ffa4a30b40	DB500	unix_ns	1784761419749000192	ns	store
c5-timing-event-v1	C5	all	b0091075ffa4430b891075ffa4a30b40	DB510	unix_ns	1784761419760000000	ns	store
c5-timing-event-v1	C5	all	681cd935afe6443f9cd935afe6543fc7	DB500	unix_ns	1784761420015000064	ns	store
c5-timing-event-v1	C5	all	681cd935afe6443f9cd935afe6543fc7	DB510	unix_ns	1784761420025000192	ns	store
c5-timing-event-v1	C5	all	0f600072e7b047aea00072e7b0b7ae4a	DB500	unix_ns	1784761420177999872	ns	store
c5-timing-event-v1	C5	all	0f600072e7b047aea00072e7b0b7ae4a	DB510	unix_ns	1784761420188999936	ns	store
c5-timing-event-v1	C5	all	d000c6cd60834aa380c6cd60836aa388	DB500	unix_ns	1784761420186000128	ns	store
c5-timing-event-v1	C5	all	d000c6cd60834aa380c6cd60836aa388	DB510	unix_ns	1784761420194000128	ns	store
c5-timing-event-v1	C5	all	b7f2c4adf2df4895b2c4adf2df289586	DB500	unix_ns	1784761420287000064	ns	store
c5-timing-event-v1	C5	all	b7f2c4adf2df4895b2c4adf2df289586	DB510	unix_ns	1784761420298000128	ns	store
c5-timing-event-v1	C5	all	85471c49b8fb4b30871c49b8fb3b30f1	DB500	unix_ns	1784761420530999808	ns	store
c5-timing-event-v1	C5	all	85471c49b8fb4b30871c49b8fb3b30f1	DB510	unix_ns	1784761420548000000	ns	store
c5-timing-event-v1	C5	all	6309fc9db7b8428989fc9db7b8b289a3	DB500	unix_ns	1784761420539000064	ns	store
c5-timing-event-v1	C5	all	6309fc9db7b8428989fc9db7b8b289a3	DB510	unix_ns	1784761420552000000	ns	store
c5-timing-event-v1	C5	all	302a7fc589ed46deaa7fc589eda6deb3	DB500	unix_ns	1784761420558000128	ns	store
c5-timing-event-v1	C5	all	302a7fc589ed46deaa7fc589eda6deb3	DB510	unix_ns	1784761420575000064	ns	store
c5-timing-event-v1	C5	all	f0d54ba24a324ba8954ba24a324ba8b1	DB500	unix_ns	1784761420834000128	ns	store
c5-timing-event-v1	C5	all	f0d54ba24a324ba8954ba24a324ba8b1	DB510	unix_ns	1784761420844000000	ns	store
c5-timing-event-v1	C5	all	b4b45c5e5a144103b45c5e5a144103a8	DB500	unix_ns	1784761420900999936	ns	store
c5-timing-event-v1	C5	all	b4b45c5e5a144103b45c5e5a144103a8	DB510	unix_ns	1784761420920000000	ns	store
c5-timing-event-v1	C5	all	6846e6aa72c0484c86e6aa72c0884cbb	DB500	unix_ns	1784761420932000000	ns	store
c5-timing-event-v1	C5	all	6846e6aa72c0484c86e6aa72c0884cbb	DB510	unix_ns	1784761420941999872	ns	store
c5-timing-event-v1	C5	all	2f292db09a3440f4a92db09a3410f47b	DB500	unix_ns	1784761421105999872	ns	store
c5-timing-event-v1	C5	all	2f292db09a3440f4a92db09a3410f47b	DB510	unix_ns	1784761421117000192	ns	store
c5-timing-event-v1	C5	all	7183f897bf904d5b83f897bf901d5b4c	DB500	unix_ns	1784761421255000064	ns	store
c5-timing-event-v1	C5	all	7183f897bf904d5b83f897bf901d5b4c	DB510	unix_ns	1784761421266000128	ns	store
c5-timing-event-v1	C5	all	79d3170d2a2d4fa593170d2a2ddfa578	DB500	unix_ns	1784761421266000128	ns	store
c5-timing-event-v1	C5	all	79d3170d2a2d4fa593170d2a2ddfa578	DB510	unix_ns	1784761421282000128	ns	store
c5-timing-event-v1	C5	all	70c34d5ffc1c444b834d5ffc1c544b52	DB500	unix_ns	1784761421376000000	ns	store
c5-timing-event-v1	C5	all	70c34d5ffc1c444b834d5ffc1c544b52	DB510	unix_ns	1784761421387000064	ns	store
c5-timing-event-v1	C5	all	90c086da693a4f388086da693a0f3825	DB500	unix_ns	1784761421588999936	ns	store
c5-timing-event-v1	C5	all	90c086da693a4f388086da693a0f3825	DB510	unix_ns	1784761421596000000	ns	store
c5-timing-event-v1	C5	all	985f86ebf91d43569f86ebf91d535682	DB500	unix_ns	1784761421612000000	ns	store
c5-timing-event-v1	C5	all	985f86ebf91d43569f86ebf91d535682	DB510	unix_ns	1784761421630000128	ns	store
c5-timing-event-v1	C5	all	a9adacb626e04435adacb626e01435c5	DB500	unix_ns	1784761421644999936	ns	store
c5-timing-event-v1	C5	all	a9adacb626e04435adacb626e01435c5	DB510	unix_ns	1784761421660000000	ns	store
c5-timing-event-v1	C5	all	fa441f0b20ca44d5841f0b20cad4d50c	DB500	unix_ns	1784761421874000128	ns	store
c5-timing-event-v1	C5	all	fa441f0b20ca44d5841f0b20cad4d50c	DB510	unix_ns	1784761421884999936	ns	store
c5-timing-event-v1	C5	all	bc984d9ed1564380984d9ed15623802f	DB500	unix_ns	1784761421901999872	ns	store
c5-timing-event-v1	C5	all	bc984d9ed1564380984d9ed15623802f	DB510	unix_ns	1784761421923000064	ns	store
c5-timing-event-v1	C5	all	08a3d658a13a4a6da3d658a13a4a6dc9	DB500	unix_ns	1784761422136000000	ns	store
c5-timing-event-v1	C5	all	08a3d658a13a4a6da3d658a13a4a6dc9	DB510	unix_ns	1784761422150000128	ns	store
c5-timing-event-v1	C5	all	1fb14714c7804a3db14714c7809a3d0b	DB500	unix_ns	1784761422161999872	ns	store
c5-timing-event-v1	C5	all	1fb14714c7804a3db14714c7809a3d0b	DB510	unix_ns	1784761422173000192	ns	store
c5-timing-event-v1	C5	all	0105892201d049b185892201d059b1c4	DB500	unix_ns	1784761422427000064	ns	store
c5-timing-event-v1	C5	all	0105892201d049b185892201d059b1c4	DB510	unix_ns	1784761422437999872	ns	store
c5-timing-event-v1	C5	all	93d7a20e505849bb97a20e505899bbc4	DB500	unix_ns	1784761422456999936	ns	store
c5-timing-event-v1	C5	all	93d7a20e505849bb97a20e505899bbc4	DB510	unix_ns	1784761422469000192	ns	store
c5-timing-event-v1	C5	all	31e3dc1a58ec4b94a3dc1a58ec7b94d4	DB500	unix_ns	1784761422500000000	ns	store
c5-timing-event-v1	C5	all	31e3dc1a58ec4b94a3dc1a58ec7b94d4	DB510	unix_ns	1784761422516999936	ns	store
c5-timing-event-v1	C5	all	f3d44a41c1334be6944a41c1332be6d2	DB500	unix_ns	1784761422707000064	ns	store
c5-timing-event-v1	C5	all	f3d44a41c1334be6944a41c1332be6d2	DB510	unix_ns	1784761422720999936	ns	store
c5-timing-event-v1	C5	all	b3e30b49784143a1a30b49784123a1ba	DB500	unix_ns	1784761422734999808	ns	store
c5-timing-event-v1	C5	all	b3e30b49784143a1a30b49784123a1ba	DB510	unix_ns	1784761422752999936	ns	store
c5-timing-event-v1	C5	all	462eb842d5534df8aeb842d5537df86f	DB500	unix_ns	1784761422993999872	ns	store
c5-timing-event-v1	C5	all	462eb842d5534df8aeb842d5537df86f	DB510	unix_ns	1784761423006000128	ns	store
c5-timing-event-v1	C5	all	83f184051b5e47feb184051b5e97febf	DB500	unix_ns	1784761423024000000	ns	store
c5-timing-event-v1	C5	all	83f184051b5e47feb184051b5e97febf	DB510	unix_ns	1784761423035000064	ns	store
c5-timing-event-v1	C5	all	a1bb61fbd0194c53bb61fbd0193c538f	DB500	unix_ns	1784761423249999872	ns	store
c5-timing-event-v1	C5	all	a1bb61fbd0194c53bb61fbd0193c538f	DB510	unix_ns	1784761423264000000	ns	store
c5-timing-event-v1	C5	all	487fd5f4b6804bf9bfd5f4b6808bf966	DB500	unix_ns	1784761423272999936	ns	store
c5-timing-event-v1	C5	all	487fd5f4b6804bf9bfd5f4b6808bf966	DB510	unix_ns	1784761423284000000	ns	store
c5-timing-event-v1	C5	all	6786bc314b7d435686bc314b7dc35681	DB500	unix_ns	1784761423349999872	ns	store
c5-timing-event-v1	C5	all	6786bc314b7d435686bc314b7dc35681	DB510	unix_ns	1784761423360999936	ns	store
c5-timing-event-v1	C5	all	592de53f8f4f4fc9ade53f8f4fffc954	DB500	unix_ns	1784761423581000192	ns	store
c5-timing-event-v1	C5	all	592de53f8f4f4fc9ade53f8f4fffc954	DB510	unix_ns	1784761423589999872	ns	store
c5-timing-event-v1	C5	all	7149091c4e874e5489091c4e87be54b2	DB500	unix_ns	1784761423644000000	ns	store
c5-timing-event-v1	C5	all	7149091c4e874e5489091c4e87be54b2	DB510	unix_ns	1784761423653000192	ns	store
c5-timing-event-v1	C5	all	5fd71291777e4c81971291777e7c813c	DB500	unix_ns	1784761423693000192	ns	store
c5-timing-event-v1	C5	all	5fd71291777e4c81971291777e7c813c	DB510	unix_ns	1784761423698999808	ns	store
c5-timing-event-v1	C5	all	a0da007ba3404f589a007ba340bf5827	DB500	unix_ns	1784761423865999872	ns	store
c5-timing-event-v1	C5	all	a0da007ba3404f589a007ba340bf5827	DB510	unix_ns	1784761423876000000	ns	store
c5-timing-event-v1	C5	all	7b755ec69c1f43f3b55ec69c1fb3f3c5	DB500	unix_ns	1784761423988000000	ns	store
c5-timing-event-v1	C5	all	7b755ec69c1f43f3b55ec69c1fb3f3c5	DB510	unix_ns	1784761424004000000	ns	store
c5-timing-event-v1	C5	all	aabbf3c3da024961bbf3c3da027961a6	DB500	unix_ns	1784761424013999872	ns	store
c5-timing-event-v1	C5	all	aabbf3c3da024961bbf3c3da027961a6	DB510	unix_ns	1784761424024000000	ns	store
c5-timing-event-v1	C5	all	61629dc12b4841dba29dc12b4821dbf7	DB500	unix_ns	1784761424135000064	ns	store
c5-timing-event-v1	C5	all	61629dc12b4841dba29dc12b4821dbf7	DB510	unix_ns	1784761424144000000	ns	store
c5-timing-event-v1	C5	all	c3a16e87669c4185a16e87669cb18555	DB500	unix_ns	1784761424345999872	ns	store
c5-timing-event-v1	C5	all	c3a16e87669c4185a16e87669cb18555	DB510	unix_ns	1784761424352000000	ns	store
c5-timing-event-v1	C5	all	6d93d909c15a44f893d909c15ab4f8ae	DB500	unix_ns	1784761424364999936	ns	store
c5-timing-event-v1	C5	all	6d93d909c15a44f893d909c15ab4f8ae	DB510	unix_ns	1784761424377000192	ns	store
c5-timing-event-v1	C5	all	bded535726cc4b17ad535726ccfb17f5	DB500	unix_ns	1784761424415000064	ns	store
c5-timing-event-v1	C5	all	bded535726cc4b17ad535726ccfb17f5	DB510	unix_ns	1784761424426000128	ns	store
c5-timing-event-v1	C5	all	94b36d6399d0492bb36d6399d0292b95	DB500	unix_ns	1784761424686000128	ns	store
c5-timing-event-v1	C5	all	94b36d6399d0492bb36d6399d0292b95	DB510	unix_ns	1784761424706000128	ns	store
c5-timing-event-v1	C5	all	fea18adc9d664c81a18adc9d66cc811e	DB500	unix_ns	1784761424686000128	ns	store
c5-timing-event-v1	C5	all	fea18adc9d664c81a18adc9d66cc811e	DB510	unix_ns	1784761424708000000	ns	store
c5-timing-event-v1	C5	all	4d540493babf4538940493babfa538d7	DB500	unix_ns	1784761424708000000	ns	store
c5-timing-event-v1	C5	all	4d540493babf4538940493babfa538d7	DB510	unix_ns	1784761424726000128	ns	store
c5-timing-event-v1	C5	all	d6d0ff28b003459090ff28b003e59005	DB500	unix_ns	1784761424980000000	ns	store
c5-timing-event-v1	C5	all	d6d0ff28b003459090ff28b003e59005	DB510	unix_ns	1784761424992000000	ns	store
c5-timing-event-v1	C5	all	89d9cc83895f483399cc83895fe833ec	DB500	unix_ns	1784761425233999872	ns	store
c5-timing-event-v1	C5	all	89d9cc83895f483399cc83895fe833ec	DB510	unix_ns	1784761425244000000	ns	store
c5-timing-event-v1	C5	all	40b7d959487e4798b7d959487e579867	DB500	unix_ns	1784761425257999872	ns	store
c5-timing-event-v1	C5	all	40b7d959487e4798b7d959487e579867	DB510	unix_ns	1784761425287000064	ns	store
c5-timing-event-v1	C5	all	e8dc60de14b949049c60de14b969040b	DB500	unix_ns	1784761425266000128	ns	store
c5-timing-event-v1	C5	all	e8dc60de14b949049c60de14b969040b	DB510	unix_ns	1784761425283000064	ns	store
c5-timing-event-v1	C5	all	7f2324aaa8a34d43a324aaa8a3dd4343	DB500	unix_ns	1784761425519000064	ns	store
c5-timing-event-v1	C5	all	7f2324aaa8a34d43a324aaa8a3dd4343	DB510	unix_ns	1784761425535000064	ns	store
c5-timing-event-v1	C5	all	ad3fb9de5aaa4aaabfb9de5aaafaaafc	DB500	unix_ns	1784761425553999872	ns	store
c5-timing-event-v1	C5	all	ad3fb9de5aaa4aaabfb9de5aaafaaafc	DB510	unix_ns	1784761425573999872	ns	store
c5-timing-event-v1	C5	all	9b3dbfd15c95497abdbfd15c95097a4b	DB500	unix_ns	1784761425763000064	ns	store
c5-timing-event-v1	C5	all	9b3dbfd15c95497abdbfd15c95097a4b	DB510	unix_ns	1784761425769999872	ns	store
c5-timing-event-v1	C5	all	e973dac5a62b465db3dac5a62bc65de7	DB500	unix_ns	1784761425997999872	ns	store
c5-timing-event-v1	C5	all	e973dac5a62b465db3dac5a62bc65de7	DB510	unix_ns	1784761426013999872	ns	store
c5-timing-event-v1	C5	all	b0c7c9e7239347be87c9e7239397be0b	DB500	unix_ns	1784761426104999936	ns	store
c5-timing-event-v1	C5	all	b0c7c9e7239347be87c9e7239397be0b	DB510	unix_ns	1784761426114000128	ns	store
c5-timing-event-v1	C5	all	db5756e8078a4bb19756e8078aebb1b9	DB500	unix_ns	1784761426114000128	ns	store
c5-timing-event-v1	C5	all	db5756e8078a4bb19756e8078aebb1b9	DB510	unix_ns	1784761426125999872	ns	store
c5-timing-event-v1	C5	all	3cfe102302e344f4be102302e324f457	DB500	unix_ns	1784761426280999936	ns	store
c5-timing-event-v1	C5	all	3cfe102302e344f4be102302e324f457	DB510	unix_ns	1784761426292999936	ns	store
c5-timing-event-v1	C5	all	903d249af56341ddbd249af56391dd2a	DB500	unix_ns	1784761426456999936	ns	store
c5-timing-event-v1	C5	all	903d249af56341ddbd249af56391dd2a	DB510	unix_ns	1784761426469000192	ns	store
c5-timing-event-v1	C5	all	25d93f3d8364450f993f3d8364050f7f	DB500	unix_ns	1784761426464999936	ns	store
c5-timing-event-v1	C5	all	25d93f3d8364450f993f3d8364050f7f	DB510	unix_ns	1784761426474999808	ns	store
c5-timing-event-v1	C5	all	8682dd34141443d482dd34141493d493	DB500	unix_ns	1784761426571000064	ns	store
c5-timing-event-v1	C5	all	8682dd34141443d482dd34141493d493	DB510	unix_ns	1784761426582000128	ns	store
c5-timing-event-v1	C5	all	bac59194842d4122859194842d812270	DB500	unix_ns	1784761426812000000	ns	store
c5-timing-event-v1	C5	all	bac59194842d4122859194842d812270	DB510	unix_ns	1784761426820000000	ns	store
c5-timing-event-v1	C5	all	c894e2c72f8446a394e2c72f84a6a3a2	DB500	unix_ns	1784761426818000128	ns	store
c5-timing-event-v1	C5	all	c894e2c72f8446a394e2c72f84a6a3a2	DB510	unix_ns	1784761426849999872	ns	store
c5-timing-event-v1	C5	all	3c603f087b9a4809a03f087b9a980919	DB500	unix_ns	1784761426865999872	ns	store
c5-timing-event-v1	C5	all	3c603f087b9a4809a03f087b9a980919	DB510	unix_ns	1784761426878000128	ns	store
c5-timing-event-v1	C5	all	1f69406c619e4c9ea9406c619e5c9e6c	DB500	unix_ns	1784761427086999808	ns	store
c5-timing-event-v1	C5	all	1f69406c619e4c9ea9406c619e5c9e6c	DB510	unix_ns	1784761427100000000	ns	store
c5-timing-event-v1	C5	all	8c86a5046395454986a504639595492f	DB500	unix_ns	1784761427315000064	ns	store
c5-timing-event-v1	C5	all	8c86a5046395454986a504639595492f	DB510	unix_ns	1784761427324999936	ns	store
c5-timing-event-v1	C5	all	468603c7dced40498603c7dced3049af	DB500	unix_ns	1784761427400000000	ns	store
c5-timing-event-v1	C5	all	468603c7dced40498603c7dced3049af	DB510	unix_ns	1784761427410000128	ns	store
c5-timing-event-v1	C5	all	97510924ca9b4f93910924ca9b2f93ad	DB500	unix_ns	1784761427448000000	ns	store
c5-timing-event-v1	C5	all	97510924ca9b4f93910924ca9b2f93ad	DB510	unix_ns	1784761427459000064	ns	store
c5-timing-event-v1	C5	all	aa0a8c1873bb494f8a8c1873bba94f6e	DB500	unix_ns	1784761427605999872	ns	store
c5-timing-event-v1	C5	all	aa0a8c1873bb494f8a8c1873bba94f6e	DB510	unix_ns	1784761427624000000	ns	store
c5-timing-event-v1	C5	all	82934e02931d4a34934e02931d5a34ec	DB500	unix_ns	1784761427753999872	ns	store
c5-timing-event-v1	C5	all	82934e02931d4a34934e02931d5a34ec	DB510	unix_ns	1784761427766000128	ns	store
c5-timing-event-v1	C5	all	dc04039ba263404784039ba26360479f	DB500	unix_ns	1784761427803000064	ns	store
c5-timing-event-v1	C5	all	dc04039ba263404784039ba26360479f	DB510	unix_ns	1784761427812999936	ns	store
c5-timing-event-v1	C5	all	03a8fb1a59634a56a8fb1a59630a56df	DB500	unix_ns	1784761427884999936	ns	store
c5-timing-event-v1	C5	all	03a8fb1a59634a56a8fb1a59630a56df	DB510	unix_ns	1784761427895000064	ns	store
c5-timing-event-v1	C5	all	f10c247d53ea4ca18c247d53eabca15c	DB500	unix_ns	1784761428085999872	ns	store
c5-timing-event-v1	C5	all	f10c247d53ea4ca18c247d53eabca15c	DB510	unix_ns	1784761428104999936	ns	store
c5-timing-event-v1	C5	all	495a3eec131344b09a3eec131344b0c9	DB500	unix_ns	1784761428152000000	ns	store
c5-timing-event-v1	C5	all	495a3eec131344b09a3eec131344b0c9	DB510	unix_ns	1784761428165999872	ns	store
c5-timing-event-v1	C5	all	ffbd673c618544cebd673c618534cef7	DB500	unix_ns	1784761428156000000	ns	store
c5-timing-event-v1	C5	all	ffbd673c618544cebd673c618534cef7	DB510	unix_ns	1784761428178999808	ns	store
c5-timing-event-v1	C5	all	505ffafc322c46709ffafc322cb67070	DB500	unix_ns	1784761428381999872	ns	store
c5-timing-event-v1	C5	all	505ffafc322c46709ffafc322cb67070	DB510	unix_ns	1784761428407000064	ns	store
c5-timing-event-v1	C5	all	0d7c25003d9544b7bc25003d9534b7f5	DB500	unix_ns	1784761428437999872	ns	store
c5-timing-event-v1	C5	all	0d7c25003d9544b7bc25003d9534b7f5	DB510	unix_ns	1784761428448000000	ns	store
c5-timing-event-v1	C5	all	9e26b9e47d344e60a6b9e47d342e60fa	DB500	unix_ns	1784761428700999936	ns	store
c5-timing-event-v1	C5	all	9e26b9e47d344e60a6b9e47d342e60fa	DB510	unix_ns	1784761428721999872	ns	store
c5-timing-event-v1	C5	all	2a01f2b1bfd7400881f2b1bfd730083f	DB500	unix_ns	1784761428712999936	ns	store
c5-timing-event-v1	C5	all	2a01f2b1bfd7400881f2b1bfd730083f	DB510	unix_ns	1784761428732999936	ns	store
c5-timing-event-v1	C5	all	fb70e801e3f04360b0e801e3f0136080	DB500	unix_ns	1784761428737999872	ns	store
c5-timing-event-v1	C5	all	fb70e801e3f04360b0e801e3f0136080	DB510	unix_ns	1784761428757999872	ns	store
c5-timing-event-v1	C5	all	825a135047a34e3d9a135047a3ee3da2	DB500	unix_ns	1784761429012000000	ns	store
c5-timing-event-v1	C5	all	825a135047a34e3d9a135047a3ee3da2	DB510	unix_ns	1784761429020000000	ns	store
c5-timing-event-v1	C5	all	5a0d9490711c4a068d9490711c6a0656	DB500	unix_ns	1784761429027000064	ns	store
c5-timing-event-v1	C5	all	5a0d9490711c4a068d9490711c6a0656	DB510	unix_ns	1784761429061000192	ns	store
c5-timing-event-v1	C5	all	a661cba132fc4b6ea1cba132fc1b6e9b	DB500	unix_ns	1784761429250999808	ns	store
c5-timing-event-v1	C5	all	a661cba132fc4b6ea1cba132fc1b6e9b	DB510	unix_ns	1784761429263000064	ns	store
c5-timing-event-v1	C5	all	c6035394858b4695835394858bf695e6	DB500	unix_ns	1784761429300000000	ns	store
c5-timing-event-v1	C5	all	c6035394858b4695835394858bf695e6	DB510	unix_ns	1784761429315000064	ns	store
c5-timing-event-v1	C5	all	bc82b633ec17424882b633ec17b2480e	DB500	unix_ns	1784761429380999936	ns	store
c5-timing-event-v1	C5	all	bc82b633ec17424882b633ec17b2480e	DB510	unix_ns	1784761429390000128	ns	store
c5-timing-event-v1	C5	all	5fa687e785214b38a687e785211b3890	DB500	unix_ns	1784761429545000192	ns	store
c5-timing-event-v1	C5	all	5fa687e785214b38a687e785211b3890	DB510	unix_ns	1784761429556000000	ns	store
c5-timing-event-v1	C5	all	6ecadd58af6044498add58af60d44948	DB500	unix_ns	1784761429653000192	ns	store
c5-timing-event-v1	C5	all	6ecadd58af6044498add58af60d44948	DB510	unix_ns	1784761429661999872	ns	store
c5-timing-event-v1	C5	all	623ab0c270644ebdbab0c27064febd9f	DB500	unix_ns	1784761429917999872	ns	store
c5-timing-event-v1	C5	all	623ab0c270644ebdbab0c27064febd9f	DB510	unix_ns	1784761429928000000	ns	store
c5-timing-event-v1	C5	all	1d4727fed3e74e1a8727fed3e75e1ad9	DB500	unix_ns	1784761429936000000	ns	store
c5-timing-event-v1	C5	all	1d4727fed3e74e1a8727fed3e75e1ad9	DB510	unix_ns	1784761429946000128	ns	store
c5-timing-event-v1	C5	all	6d422934acb0470c822934acb0970c82	DB500	unix_ns	1784761430000999936	ns	store
c5-timing-event-v1	C5	all	6d422934acb0470c822934acb0970c82	DB510	unix_ns	1784761430010999808	ns	store
c5-timing-event-v1	C5	all	b9c4a17fb54240e284a17fb54220e244	DB500	unix_ns	1784761430206000128	ns	store
c5-timing-event-v1	C5	all	b9c4a17fb54240e284a17fb54220e244	DB510	unix_ns	1784761430216000000	ns	store
c5-timing-event-v1	C5	all	87ab5deaa84e4369ab5deaa84e636948	DB500	unix_ns	1784761430280000000	ns	store
c5-timing-event-v1	C5	all	87ab5deaa84e4369ab5deaa84e636948	DB510	unix_ns	1784761430288999936	ns	store
c5-timing-event-v1	C5	all	9a1fb82d69f04c7a9fb82d69f0fc7aa3	DB500	unix_ns	1784761430361999872	ns	store
c5-timing-event-v1	C5	all	9a1fb82d69f04c7a9fb82d69f0fc7aa3	DB510	unix_ns	1784761430369999872	ns	store
c5-timing-event-v1	C5	all	58f03ac08be34788b03ac08be3e788c2	DB500	unix_ns	1784761430492000000	ns	store
c5-timing-event-v1	C5	all	58f03ac08be34788b03ac08be3e788c2	DB510	unix_ns	1784761430500999936	ns	store
c5-timing-event-v1	C5	all	dddb238c534446c09b238c534446c067	DB500	unix_ns	1784761430612999936	ns	store
c5-timing-event-v1	C5	all	dddb238c534446c09b238c534446c067	DB510	unix_ns	1784761430624000000	ns	store
c5-timing-event-v1	C5	all	2d6abe529a494c71aabe529a49dc717b	DB500	unix_ns	1784761430727000064	ns	store
c5-timing-event-v1	C5	all	2d6abe529a494c71aabe529a49dc717b	DB510	unix_ns	1784761430740999936	ns	store
c5-timing-event-v1	C5	all	ca6693baee714d93a693baee713d9399	DB500	unix_ns	1784761430766000128	ns	store
c5-timing-event-v1	C5	all	ca6693baee714d93a693baee713d9399	DB510	unix_ns	1784761430780000000	ns	store
c5-timing-event-v1	C5	all	d1dbcfdfe21b42c19bcfdfe21ba2c1c0	DB500	unix_ns	1784761430944999936	ns	store
c5-timing-event-v1	C5	all	d1dbcfdfe21b42c19bcfdfe21ba2c1c0	DB510	unix_ns	1784761430968000000	ns	store
c5-timing-event-v1	C5	all	9b53e09b33934b2d93e09b3393bb2d2f	DB500	unix_ns	1784761431219000064	ns	store
c5-timing-event-v1	C5	all	9b53e09b33934b2d93e09b3393bb2d2f	DB510	unix_ns	1784761431228000000	ns	store
c5-timing-event-v1	C5	all	f8c580ca95ed42158580ca95ed62151d	DB500	unix_ns	1784761431264000000	ns	store
c5-timing-event-v1	C5	all	f8c580ca95ed42158580ca95ed62151d	DB510	unix_ns	1784761431275000064	ns	store
c5-timing-event-v1	C5	all	5fb1ab59220f4de2b1ab59220f2de2e4	DB500	unix_ns	1784761431489000192	ns	store
c5-timing-event-v1	C5	all	5fb1ab59220f4de2b1ab59220f2de2e4	DB510	unix_ns	1784761431508000000	ns	store
c5-timing-event-v1	C5	all	350344f74d5d45b28344f74d5dd5b200	DB500	unix_ns	1784761431492000000	ns	store
c5-timing-event-v1	C5	all	350344f74d5d45b28344f74d5dd5b200	DB510	unix_ns	1784761431512000000	ns	store
c5-timing-event-v1	C5	all	d528778e45ed4515a8778e45edf5151d	DB500	unix_ns	1784761431594000128	ns	store
c5-timing-event-v1	C5	all	d528778e45ed4515a8778e45edf5151d	DB510	unix_ns	1784761431605999872	ns	store
c5-timing-event-v1	C5	all	615844c4556b440a9844c4556b040a42	DB500	unix_ns	1784761431768000000	ns	store
c5-timing-event-v1	C5	all	615844c4556b440a9844c4556b040a42	DB510	unix_ns	1784761431776000000	ns	store
c5-timing-event-v1	C5	all	622ac979d2064122aac979d2065122d5	DB500	unix_ns	1784761431917999872	ns	store
c5-timing-event-v1	C5	all	622ac979d2064122aac979d2065122d5	DB510	unix_ns	1784761431936000000	ns	store
c5-timing-event-v1	C5	all	2ae5207dea784fb8a5207dea786fb877	DB500	unix_ns	1784761431952000000	ns	store
c5-timing-event-v1	C5	all	2ae5207dea784fb8a5207dea786fb877	DB510	unix_ns	1784761431959000064	ns	store
c5-timing-event-v1	C5	all	0230ad90ea294076b0ad90ea29907670	DB500	unix_ns	1784761432048999936	ns	store
c5-timing-event-v1	C5	all	0230ad90ea294076b0ad90ea29907670	DB510	unix_ns	1784761432065999872	ns	store
c5-timing-event-v1	C5	all	0751ed6322284ba891ed6322284ba80d	DB500	unix_ns	1784761432220999936	ns	store
c5-timing-event-v1	C5	all	0751ed6322284ba891ed6322284ba80d	DB510	unix_ns	1784761432232000000	ns	store
c5-timing-event-v1	C5	all	65edc1a203d1498eadc1a203d1498e8a	DB500	unix_ns	1784761432416999936	ns	store
c5-timing-event-v1	C5	all	65edc1a203d1498eadc1a203d1498e8a	DB510	unix_ns	1784761432424999936	ns	store
c5-timing-event-v1	C5	all	83beed7d847e4f95beed7d847e2f958f	DB500	unix_ns	1784761432539000064	ns	store
c5-timing-event-v1	C5	all	83beed7d847e4f95beed7d847e2f958f	DB510	unix_ns	1784761432546999808	ns	store
c5-timing-event-v1	C5	all	8229b1f131294de5a9b1f13129fde545	DB500	unix_ns	1784761432598000128	ns	store
c5-timing-event-v1	C5	all	8229b1f131294de5a9b1f13129fde545	DB510	unix_ns	1784761432608000000	ns	store
c5-timing-event-v1	C5	all	2fd8176776764e5498176776761e54ef	DB500	unix_ns	1784761432692000000	ns	store
c5-timing-event-v1	C5	all	2fd8176776764e5498176776761e54ef	DB510	unix_ns	1784761432708000000	ns	store
c5-timing-event-v1	C5	all	75a0128325f14007a0128325f1400746	DB500	unix_ns	1784761432864999936	ns	store
c5-timing-event-v1	C5	all	75a0128325f14007a0128325f1400746	DB510	unix_ns	1784761432884000000	ns	store
c5-timing-event-v1	C5	all	876d71c0f9dc4ff2ad71c0f9dcfff271	DB500	unix_ns	1784761432924999936	ns	store
c5-timing-event-v1	C5	all	876d71c0f9dc4ff2ad71c0f9dcfff271	DB510	unix_ns	1784761432948999936	ns	store
c5-timing-event-v1	C5	all	3cd43a403e5145cb943a403e5105cbfc	DB500	unix_ns	1784761433168000000	ns	store
c5-timing-event-v1	C5	all	3cd43a403e5145cb943a403e5105cbfc	DB510	unix_ns	1784761433180999936	ns	store
c5-timing-event-v1	C5	all	b59160766ac64c8b9160766ac6bc8bdb	DB500	unix_ns	1784761433201999872	ns	store
c5-timing-event-v1	C5	all	b59160766ac64c8b9160766ac6bc8bdb	DB510	unix_ns	1784761433211000064	ns	store
c5-timing-event-v1	C5	all	83c52a0dfdc946b2852a0dfdc9f6b26d	DB500	unix_ns	1784761433431000064	ns	store
c5-timing-event-v1	C5	all	83c52a0dfdc946b2852a0dfdc9f6b26d	DB510	unix_ns	1784761433440000000	ns	store
c5-timing-event-v1	C5	all	17e38d1b1c6a4d46a38d1b1c6a2d46af	DB500	unix_ns	1784761433536000000	ns	store
c5-timing-event-v1	C5	all	17e38d1b1c6a4d46a38d1b1c6a2d46af	DB510	unix_ns	1784761433544000000	ns	store
c5-timing-event-v1	C5	all	e7dc26bd7aa54fa89c26bd7aa58fa8f0	DB500	unix_ns	1784761433560000000	ns	store
c5-timing-event-v1	C5	all	e7dc26bd7aa54fa89c26bd7aa58fa8f0	DB510	unix_ns	1784761433588999936	ns	store
c5-timing-event-v1	C5	all	f2256be4295940d6a56be42959c0d600	DB500	unix_ns	1784761433712999936	ns	store
c5-timing-event-v1	C5	all	f2256be4295940d6a56be42959c0d600	DB510	unix_ns	1784761433723000064	ns	store
c5-timing-event-v1	C5	all	7df3b45b4ce44e48b3b45b4ce4de488a	DB500	unix_ns	1784761433820000000	ns	store
c5-timing-event-v1	C5	all	7df3b45b4ce44e48b3b45b4ce4de488a	DB510	unix_ns	1784761433831000064	ns	store
c5-timing-event-v1	C5	all	4132474f42f5401fb2474f42f5c01f9a	DB500	unix_ns	1784761434053999872	ns	store
c5-timing-event-v1	C5	all	4132474f42f5401fb2474f42f5c01f9a	DB510	unix_ns	1784761434069999872	ns	store
c5-timing-event-v1	C5	all	aa19415827d94a9b99415827d96a9baa	DB500	unix_ns	1784761434131000064	ns	store
c5-timing-event-v1	C5	all	aa19415827d94a9b99415827d96a9baa	DB510	unix_ns	1784761434138000128	ns	store
c5-timing-event-v1	C5	all	b921447ae9dc4359a1447ae9dc6359e3	DB500	unix_ns	1784761434233999872	ns	store
c5-timing-event-v1	C5	all	b921447ae9dc4359a1447ae9dc6359e3	DB510	unix_ns	1784761434244000000	ns	store
c5-timing-event-v1	C5	all	f66581c41d9b4e58a581c41d9bfe58f4	DB500	unix_ns	1784761434403000064	ns	store
c5-timing-event-v1	C5	all	f66581c41d9b4e58a581c41d9bfe58f4	DB510	unix_ns	1784761434413000192	ns	store
c5-timing-event-v1	C5	all	9d078e7978784db2878e7978785db2f7	DB500	unix_ns	1784761434556000000	ns	store
c5-timing-event-v1	C5	all	9d078e7978784db2878e7978785db2f7	DB510	unix_ns	1784761434568999936	ns	store
c5-timing-event-v1	C5	all	cc9f9a99d3d64b4c9f9a99d3d6bb4c52	DB500	unix_ns	1784761434601999872	ns	store
c5-timing-event-v1	C5	all	cc9f9a99d3d64b4c9f9a99d3d6bb4c52	DB510	unix_ns	1784761434611000064	ns	store
c5-timing-event-v1	C5	all	ac73a37450894c8ab3a37450892c8a64	DB500	unix_ns	1784761434675000064	ns	store
c5-timing-event-v1	C5	all	ac73a37450894c8ab3a37450892c8a64	DB510	unix_ns	1784761434693000192	ns	store
c5-timing-event-v1	C5	all	af6becda9eae445dabecda9eae645df7	DB500	unix_ns	1784761434885999872	ns	store
c5-timing-event-v1	C5	all	af6becda9eae445dabecda9eae645df7	DB510	unix_ns	1784761434900000000	ns	store
c5-timing-event-v1	C5	all	2977acb1645e490db7acb1645e690d2c	DB500	unix_ns	1784761434937999872	ns	store
c5-timing-event-v1	C5	all	2977acb1645e490db7acb1645e690d2c	DB510	unix_ns	1784761434948000000	ns	store
c5-timing-event-v1	C5	all	bd4188c0e43b4f628188c0e43bbf62a7	DB500	unix_ns	1784761435157999872	ns	store
c5-timing-event-v1	C5	all	bd4188c0e43b4f628188c0e43bbf62a7	DB510	unix_ns	1784761435174000128	ns	store
c5-timing-event-v1	C5	all	9d8e7bf539e64b7b8e7bf539e60b7b7c	DB500	unix_ns	1784761435221999872	ns	store
c5-timing-event-v1	C5	all	9d8e7bf539e64b7b8e7bf539e60b7b7c	DB510	unix_ns	1784761435234999808	ns	store
c5-timing-event-v1	C5	all	b22ff226f73f4684aff226f73f76843b	DB500	unix_ns	1784761435424000000	ns	store
c5-timing-event-v1	C5	all	b22ff226f73f4684aff226f73f76843b	DB510	unix_ns	1784761435432000000	ns	store
c5-timing-event-v1	C5	all	acd7a4830d1e405597a4830d1e4055fd	DB500	unix_ns	1784761435440000000	ns	store
c5-timing-event-v1	C5	all	acd7a4830d1e405597a4830d1e4055fd	DB510	unix_ns	1784761435453999872	ns	store
c5-timing-event-v1	C5	all	246b4a4627204bfaab4a4627205bfa53	DB500	unix_ns	1784761435549999872	ns	store
c5-timing-event-v1	C5	all	246b4a4627204bfaab4a4627205bfa53	DB510	unix_ns	1784761435561000192	ns	store
c5-timing-event-v1	C5	all	6e45c9e370e64c7485c9e370e6dc7477	DB500	unix_ns	1784761435711000064	ns	store
c5-timing-event-v1	C5	all	6e45c9e370e64c7485c9e370e6dc7477	DB510	unix_ns	1784761435716999936	ns	store
c5-timing-event-v1	C5	all	687d5fec3c594245bd5fec3c5942459b	DB500	unix_ns	1784761435783000064	ns	store
c5-timing-event-v1	C5	all	687d5fec3c594245bd5fec3c5942459b	DB510	unix_ns	1784761435790999808	ns	store
c5-timing-event-v1	C5	all	1093731e2f214b6e93731e2f21db6ef2	DB500	unix_ns	1784761435895000064	ns	store
c5-timing-event-v1	C5	all	1093731e2f214b6e93731e2f21db6ef2	DB510	unix_ns	1784761435907000064	ns	store
c5-timing-event-v1	C5	all	7601688073444e7b8168807344fe7bc1	DB500	unix_ns	1784761436017999872	ns	store
c5-timing-event-v1	C5	all	7601688073444e7b8168807344fe7bc1	DB510	unix_ns	1784761436033999872	ns	store
c5-timing-event-v1	C5	all	879c00e61c5a4a859c00e61c5aba8549	DB500	unix_ns	1784761436092000000	ns	store
c5-timing-event-v1	C5	all	879c00e61c5a4a859c00e61c5aba8549	DB510	unix_ns	1784761436109999872	ns	store
c5-timing-event-v1	C5	all	533286b9bd0b4672b286b9bd0b26721a	DB500	unix_ns	1784761436220000000	ns	store
c5-timing-event-v1	C5	all	533286b9bd0b4672b286b9bd0b26721a	DB510	unix_ns	1784761436231000064	ns	store
c5-timing-event-v1	C5	all	7e8e7cbb581c478e8e7cbb581c378e2a	DB500	unix_ns	1784761436494999808	ns	store
c5-timing-event-v1	C5	all	7e8e7cbb581c478e8e7cbb581c378e2a	DB510	unix_ns	1784761436504000000	ns	store
c5-timing-event-v1	C5	all	e0847de91238468c847de91238f68cbe	DB500	unix_ns	1784761436601000192	ns	store
c5-timing-event-v1	C5	all	e0847de91238468c847de91238f68cbe	DB510	unix_ns	1784761436608000000	ns	store
c5-timing-event-v1	C5	all	05909894a4674f7f909894a4677f7fdf	DB500	unix_ns	1784761436746000128	ns	store
c5-timing-event-v1	C5	all	05909894a4674f7f909894a4677f7fdf	DB510	unix_ns	1784761436759000064	ns	store
c5-timing-event-v1	C5	all	8986cd0445c046b086cd0445c0a6b0a8	DB500	unix_ns	1784761436766000128	ns	store
c5-timing-event-v1	C5	all	8986cd0445c046b086cd0445c0a6b0a8	DB510	unix_ns	1784761436776000000	ns	store
c5-timing-event-v1	C5	all	c36ef22b963540c8aef22b9635a0c8e1	DB500	unix_ns	1784761436931000064	ns	store
c5-timing-event-v1	C5	all	c36ef22b963540c8aef22b9635a0c8e1	DB510	unix_ns	1784761436937999872	ns	store
c5-timing-event-v1	C5	all	97c7438dc76e4d7b87438dc76ead7b31	DB500	unix_ns	1784761437043000064	ns	store
c5-timing-event-v1	C5	all	97c7438dc76e4d7b87438dc76ead7b31	DB510	unix_ns	1784761437051000064	ns	store
c5-timing-event-v1	C5	all	d0fa4321a5134890ba4321a513489008	DB500	unix_ns	1784761437117000192	ns	store
c5-timing-event-v1	C5	all	d0fa4321a5134890ba4321a513489008	DB510	unix_ns	1784761437125999872	ns	store
c5-timing-event-v1	C5	all	1d436e2fa9aa40e8836e2fa9aa10e807	DB500	unix_ns	1784761437264000000	ns	store
c5-timing-event-v1	C5	all	1d436e2fa9aa40e8836e2fa9aa10e807	DB510	unix_ns	1784761437273999872	ns	store
c5-timing-event-v1	C5	all	2fec9e172cf34d0bac9e172cf33d0b98	DB500	unix_ns	1784761437315000064	ns	store
c5-timing-event-v1	C5	all	2fec9e172cf34d0bac9e172cf33d0b98	DB510	unix_ns	1784761437324000000	ns	store
c5-timing-event-v1	C5	all	cfa1dd4051b54857a1dd4051b5485789	DB500	unix_ns	1784761437421999872	ns	store
c5-timing-event-v1	C5	all	cfa1dd4051b54857a1dd4051b5485789	DB510	unix_ns	1784761437431000064	ns	store
c5-timing-event-v1	C5	all	5fa214f7569f4785a214f7569f5785ad	DB500	unix_ns	1784761437592999936	ns	store
c5-timing-event-v1	C5	all	5fa214f7569f4785a214f7569f5785ad	DB510	unix_ns	1784761437604000000	ns	store
c5-timing-event-v1	C5	all	02a0da168eb04f11a0da168eb06f116f	DB500	unix_ns	1784761437750999808	ns	store
c5-timing-event-v1	C5	all	02a0da168eb04f11a0da168eb06f116f	DB510	unix_ns	1784761437757999872	ns	store
c5-timing-event-v1	C5	all	625ccc473fe641c19ccc473fe691c16a	DB500	unix_ns	1784761437826999808	ns	store
c5-timing-event-v1	C5	all	625ccc473fe641c19ccc473fe691c16a	DB510	unix_ns	1784761437836999936	ns	store
c5-timing-event-v1	C5	all	83230190fa4f4a9ba30190fa4ffa9b42	DB500	unix_ns	1784761437864999936	ns	store
c5-timing-event-v1	C5	all	83230190fa4f4a9ba30190fa4ffa9b42	DB510	unix_ns	1784761437880000000	ns	store
c5-timing-event-v1	C5	all	1af7c0177c8b425cb7c0177c8b425c17	DB500	unix_ns	1784761438148999936	ns	store
c5-timing-event-v1	C5	all	1af7c0177c8b425cb7c0177c8b425c17	DB510	unix_ns	1784761438160000000	ns	store
c5-timing-event-v1	C5	all	7348016e15254bfb88016e15259bfb53	DB500	unix_ns	1784761438163000064	ns	store
c5-timing-event-v1	C5	all	7348016e15254bfb88016e15259bfb53	DB510	unix_ns	1784761438178999808	ns	store
c5-timing-event-v1	C5	all	572295c958f84ba6a295c958f88ba610	DB500	unix_ns	1784761438280999936	ns	store
c5-timing-event-v1	C5	all	572295c958f84ba6a295c958f88ba610	DB510	unix_ns	1784761438292999936	ns	store
c5-timing-event-v1	C5	all	348a18873d83487a8a18873d83a87ab1	DB500	unix_ns	1784761438428999936	ns	store
c5-timing-event-v1	C5	all	348a18873d83487a8a18873d83a87ab1	DB510	unix_ns	1784761438440000000	ns	store
c5-timing-event-v1	C5	all	758c878acdc74e1e8c878acdc79e1e7c	DB500	unix_ns	1784761438483000064	ns	store
c5-timing-event-v1	C5	all	758c878acdc74e1e8c878acdc79e1e7c	DB510	unix_ns	1784761438494999808	ns	store
c5-timing-event-v1	C5	all	1f605304dfa44210a05304dfa49210ec	DB500	unix_ns	1784761438759000064	ns	store
c5-timing-event-v1	C5	all	1f605304dfa44210a05304dfa49210ec	DB510	unix_ns	1784761438765000192	ns	store
c5-timing-event-v1	C5	all	a91798f9373a4eff9798f9373aceffae	DB500	unix_ns	1784761438940999936	ns	store
c5-timing-event-v1	C5	all	a91798f9373a4eff9798f9373aceffae	DB510	unix_ns	1784761438951000064	ns	store
c5-timing-event-v1	C5	all	097378d6e50a4a75b378d6e50a6a752b	DB500	unix_ns	1784761439020000000	ns	store
c5-timing-event-v1	C5	all	097378d6e50a4a75b378d6e50a6a752b	DB510	unix_ns	1784761439028000000	ns	store
c5-timing-event-v1	C5	all	b651a8fb187e469491a8fb187ee69404	DB500	unix_ns	1784761439035000064	ns	store
c5-timing-event-v1	C5	all	b651a8fb187e469491a8fb187ee69404	DB510	unix_ns	1784761439046999808	ns	store
c5-timing-event-v1	C5	all	c4bc09943b3348e3bc09943b33f8e369	DB500	unix_ns	1784761439272000000	ns	store
c5-timing-event-v1	C5	all	c4bc09943b3348e3bc09943b33f8e369	DB510	unix_ns	1784761439283000064	ns	store
c5-timing-event-v1	C5	all	f9f5c0afebb34b1db5c0afebb36b1dd6	DB500	unix_ns	1784761439309999872	ns	store
c5-timing-event-v1	C5	all	f9f5c0afebb34b1db5c0afebb36b1dd6	DB510	unix_ns	1784761439334000128	ns	store
c5-timing-event-v1	C5	all	0c6bdcc3788e4e65abdcc3788ebe655a	DB500	unix_ns	1784761439392999936	ns	store
c5-timing-event-v1	C5	all	0c6bdcc3788e4e65abdcc3788ebe655a	DB510	unix_ns	1784761439398999808	ns	store
c5-timing-event-v1	C5	all	263715437e48433cb715437e48833cf9	DB500	unix_ns	1784761439581000192	ns	store
c5-timing-event-v1	C5	all	263715437e48433cb715437e48833cf9	DB510	unix_ns	1784761439588999936	ns	store
c5-timing-event-v1	C5	all	6b3dbc261fad4f2bbdbc261faddf2b67	DB500	unix_ns	1784761439688000000	ns	store
c5-timing-event-v1	C5	all	6b3dbc261fad4f2bbdbc261faddf2b67	DB510	unix_ns	1784761439696999936	ns	store
c5-timing-event-v1	C5	all	9092ad40e359441592ad40e3591415cc	DB500	unix_ns	1784761439729000192	ns	store
c5-timing-event-v1	C5	all	9092ad40e359441592ad40e3591415cc	DB510	unix_ns	1784761439736999936	ns	store
c5-timing-event-v1	C5	all	7e3d8fc1b4924f33bd8fc1b4924f3392	DB500	unix_ns	1784761439864999936	ns	store
c5-timing-event-v1	C5	all	7e3d8fc1b4924f33bd8fc1b4924f3392	DB510	unix_ns	1784761439875000064	ns	store
c5-timing-event-v1	C5	all	0e2506b6bcff40a8a506b6bcff00a819	DB500	unix_ns	1784761440019000064	ns	store
c5-timing-event-v1	C5	all	0e2506b6bcff40a8a506b6bcff00a819	DB510	unix_ns	1784761440032999936	ns	store
c5-timing-event-v1	C5	all	6c42918b00bb459082918b00bba5906b	DB500	unix_ns	1784761440101000192	ns	store
c5-timing-event-v1	C5	all	6c42918b00bb459082918b00bba5906b	DB510	unix_ns	1784761440107000064	ns	store
c5-timing-event-v1	C5	all	fcf214a5f08b4c14b214a5f08b5c14de	DB500	unix_ns	1784761440137000192	ns	store
c5-timing-event-v1	C5	all	fcf214a5f08b4c14b214a5f08b5c14de	DB510	unix_ns	1784761440151000064	ns	store
c5-timing-event-v1	C5	all	fbd87a22e56e4e04987a22e56e3e0428	DB500	unix_ns	1784761440359000064	ns	store
c5-timing-event-v1	C5	all	fbd87a22e56e4e04987a22e56e3e0428	DB510	unix_ns	1784761440368999936	ns	store
c5-timing-event-v1	C5	all	c1cb6e507ff649a68b6e507ff6d9a69e	DB500	unix_ns	1784761440405999872	ns	store
c5-timing-event-v1	C5	all	c1cb6e507ff649a68b6e507ff6d9a69e	DB510	unix_ns	1784761440416000000	ns	store
c5-timing-event-v1	C5	all	a51e826a3a3b4fc29e826a3a3bafc20d	DB500	unix_ns	1784761440436000000	ns	store
c5-timing-event-v1	C5	all	a51e826a3a3b4fc29e826a3a3bafc20d	DB510	unix_ns	1784761440451000064	ns	store
c5-timing-event-v1	C5	all	f33f8e32d98647d8bf8e32d98677d897	DB500	unix_ns	1784761440676999936	ns	store
c5-timing-event-v1	C5	all	f33f8e32d98647d8bf8e32d98677d897	DB510	unix_ns	1784761440698999808	ns	store
c5-timing-event-v1	C5	all	a9dd2c1810794e619d2c181079ee61a3	DB500	unix_ns	1784761440681999872	ns	store
c5-timing-event-v1	C5	all	a9dd2c1810794e619d2c181079ee61a3	DB510	unix_ns	1784761440697999872	ns	store
c5-timing-event-v1	C5	all	5fcb802f596f4d278b802f596f4d27ae	DB500	unix_ns	1784761440766000128	ns	store
c5-timing-event-v1	C5	all	5fcb802f596f4d278b802f596f4d27ae	DB510	unix_ns	1784761440780999936	ns	store
c5-timing-event-v1	C5	all	cb3f1edc00d048eabf1edc00d0a8eac6	DB500	unix_ns	1784761441168000000	ns	store
c5-timing-event-v1	C5	all	cb3f1edc00d048eabf1edc00d0a8eac6	DB510	unix_ns	1784761441175000064	ns	store
c5-timing-event-v1	C5	all	67fa675f6935444eba675f6935944e5d	DB500	unix_ns	1784761441250999808	ns	store
c5-timing-event-v1	C5	all	67fa675f6935444eba675f6935944e5d	DB510	unix_ns	1784761441260000000	ns	store
c5-timing-event-v1	C5	all	a5bcb9898c6a4bc6bcb9898c6a2bc698	DB500	unix_ns	1784761441324999936	ns	store
c5-timing-event-v1	C5	all	a5bcb9898c6a4bc6bcb9898c6a2bc698	DB510	unix_ns	1784761441336999936	ns	store
c5-timing-event-v1	C5	all	77e7f983997f4737a7f983997f873764	DB500	unix_ns	1784761441444999936	ns	store
c5-timing-event-v1	C5	all	77e7f983997f4737a7f983997f873764	DB510	unix_ns	1784761441454999808	ns	store
c5-timing-event-v1	C5	all	dc6232a8294f4ea3a232a8294f0ea3b2	DB500	unix_ns	1784761441599000064	ns	store
c5-timing-event-v1	C5	all	dc6232a8294f4ea3a232a8294f0ea3b2	DB510	unix_ns	1784761441608999936	ns	store
c5-timing-event-v1	C5	all	593cad10faac4db4bcad10faacddb427	DB500	unix_ns	1784761441720000000	ns	store
c5-timing-event-v1	C5	all	593cad10faac4db4bcad10faacddb427	DB510	unix_ns	1784761441731000064	ns	store
c5-timing-event-v1	C5	all	1f4beee00414487f8beee00414b87f59	DB500	unix_ns	1784761441878000128	ns	store
c5-timing-event-v1	C5	all	1f4beee00414487f8beee00414b87f59	DB510	unix_ns	1784761441882999808	ns	store
c5-timing-event-v1	C5	all	d19764a43a324d9e9764a43a322d9e78	DB500	unix_ns	1784761441948000000	ns	store
c5-timing-event-v1	C5	all	d19764a43a324d9e9764a43a322d9e78	DB510	unix_ns	1784761441964000000	ns	store
c5-timing-event-v1	C5	all	364baed20dc042c18baed20dc002c173	DB500	unix_ns	1784761441996000000	ns	store
c5-timing-event-v1	C5	all	364baed20dc042c18baed20dc002c173	DB510	unix_ns	1784761442012000000	ns	store
c5-timing-event-v1	C5	all	5d0250edadf240238250edadf20023e1	DB500	unix_ns	1784761442164000000	ns	store
c5-timing-event-v1	C5	all	5d0250edadf240238250edadf20023e1	DB510	unix_ns	1784761442176000000	ns	store
c5-timing-event-v1	C5	all	224ba1d725d640898ba1d725d6808978	DB500	unix_ns	1784761442276000000	ns	store
c5-timing-event-v1	C5	all	224ba1d725d640898ba1d725d6808978	DB510	unix_ns	1784761442287000064	ns	store
c5-timing-event-v1	C5	all	4c5ddcc129424c3d9ddcc12942fc3d94	DB500	unix_ns	1784761442496000000	ns	store
c5-timing-event-v1	C5	all	4c5ddcc129424c3d9ddcc12942fc3d94	DB510	unix_ns	1784761442507000064	ns	store
c5-timing-event-v1	C5	all	5f84c27834f0421284c27834f0021209	DB500	unix_ns	1784761442533999872	ns	store
c5-timing-event-v1	C5	all	5f84c27834f0421284c27834f0021209	DB510	unix_ns	1784761442552000000	ns	store
c5-timing-event-v1	C5	all	d1d2c2e120d04d4692c2e120d0ed4663	DB500	unix_ns	1784761442546000128	ns	store
c5-timing-event-v1	C5	all	d1d2c2e120d04d4692c2e120d0ed4663	DB510	unix_ns	1784761442560000000	ns	store
c5-timing-event-v1	C5	all	5fa01cee58e04cb6a01cee58e03cb6f0	DB500	unix_ns	1784761442824999936	ns	store
c5-timing-event-v1	C5	all	5fa01cee58e04cb6a01cee58e03cb6f0	DB510	unix_ns	1784761442832999936	ns	store
c5-timing-event-v1	C5	all	df45e5815c8c46ed85e5815c8cb6ed9f	DB500	unix_ns	1784761442842999808	ns	store
c5-timing-event-v1	C5	all	df45e5815c8c46ed85e5815c8cb6ed9f	DB510	unix_ns	1784761442851000064	ns	store
c5-timing-event-v1	C5	all	5af578e5a87c4c9ab578e5a87ccc9adb	DB500	unix_ns	1784761442911000064	ns	store
c5-timing-event-v1	C5	all	5af578e5a87c4c9ab578e5a87ccc9adb	DB510	unix_ns	1784761442917999872	ns	store
c5-timing-event-v1	C5	all	7334a11682674a2db4a11682672a2d7a	DB500	unix_ns	1784761443116000000	ns	store
c5-timing-event-v1	C5	all	7334a11682674a2db4a11682672a2d7a	DB510	unix_ns	1784761443138000128	ns	store
c5-timing-event-v1	C5	all	f085975e2050466785975e205056670f	DB500	unix_ns	1784761443192000000	ns	store
c5-timing-event-v1	C5	all	f085975e2050466785975e205056670f	DB510	unix_ns	1784761443200999936	ns	store
c5-timing-event-v1	C5	all	2a78ef060c8d4fc1b8ef060c8d1fc13d	DB500	unix_ns	1784761443242000128	ns	store
c5-timing-event-v1	C5	all	2a78ef060c8d4fc1b8ef060c8d1fc13d	DB510	unix_ns	1784761443265000192	ns	store
c5-timing-event-v1	C5	all	586a4935245749ccaa4935245719cc7f	DB500	unix_ns	1784761443474999808	ns	store
c5-timing-event-v1	C5	all	586a4935245749ccaa4935245719cc7f	DB510	unix_ns	1784761443496000000	ns	store
c5-timing-event-v1	C5	all	f397c60eb37a452d97c60eb37a552d04	DB500	unix_ns	1784761443602999808	ns	store
c5-timing-event-v1	C5	all	f397c60eb37a452d97c60eb37a552d04	DB510	unix_ns	1784761443614000128	ns	store
c5-timing-event-v1	C5	all	3bf9f69fca5a4316b9f69fca5a131661	DB500	unix_ns	1784761443726000128	ns	store
c5-timing-event-v1	C5	all	3bf9f69fca5a4316b9f69fca5a131661	DB510	unix_ns	1784761443736000000	ns	store
c5-timing-event-v1	C5	all	f7dd7ada4ad944799d7ada4ad97479e2	DB500	unix_ns	1784761443905999872	ns	store
c5-timing-event-v1	C5	all	f7dd7ada4ad944799d7ada4ad97479e2	DB510	unix_ns	1784761443921999872	ns	store
c5-timing-event-v1	C5	all	ab139fb72ba14716939fb72ba1571644	DB500	unix_ns	1784761444007000064	ns	store
c5-timing-event-v1	C5	all	ab139fb72ba14716939fb72ba1571644	DB510	unix_ns	1784761444024000000	ns	store
c5-timing-event-v1	C5	all	0b23dadd143c41b6a3dadd143c61b6c0	DB500	unix_ns	1784761444042000128	ns	store
c5-timing-event-v1	C5	all	0b23dadd143c41b6a3dadd143c61b6c0	DB510	unix_ns	1784761444062000128	ns	store
c5-timing-event-v1	C5	all	4962a5311a514330a2a5311a5183301d	DB500	unix_ns	1784761444252999936	ns	store
c5-timing-event-v1	C5	all	4962a5311a514330a2a5311a5183301d	DB510	unix_ns	1784761444268000000	ns	store
c5-timing-event-v1	C5	all	b55fa37c2d774af69fa37c2d77baf6dc	DB500	unix_ns	1784761444296000000	ns	store
c5-timing-event-v1	C5	all	b55fa37c2d774af69fa37c2d77baf6dc	DB510	unix_ns	1784761444312000000	ns	store
c5-timing-event-v1	C5	all	c3346f6204fe4e5db46f6204fede5dbf	DB500	unix_ns	1784761444400000000	ns	store
c5-timing-event-v1	C5	all	c3346f6204fe4e5db46f6204fede5dbf	DB510	unix_ns	1784761444408999936	ns	store
c5-timing-event-v1	C5	all	a16a5810b89448e5aa5810b89498e5fe	DB500	unix_ns	1784761444562000128	ns	store
c5-timing-event-v1	C5	all	a16a5810b89448e5aa5810b89498e5fe	DB510	unix_ns	1784761444569999872	ns	store
c5-timing-event-v1	C5	all	ba1c6f3044534f0b9c6f304453ff0b91	DB500	unix_ns	1784761444779000064	ns	store
c5-timing-event-v1	C5	all	ba1c6f3044534f0b9c6f304453ff0b91	DB510	unix_ns	1784761444788999936	ns	store
c5-timing-event-v1	C5	all	2eb0636d5c5248b3b0636d5c52b8b36a	DB500	unix_ns	1784761444880000000	ns	store
c5-timing-event-v1	C5	all	2eb0636d5c5248b3b0636d5c52b8b36a	DB510	unix_ns	1784761444885999872	ns	store
c5-timing-event-v1	C5	all	baf9eba6eea04f40b9eba6eea08f4003	DB500	unix_ns	1784761444940000000	ns	store
c5-timing-event-v1	C5	all	baf9eba6eea04f40b9eba6eea08f4003	DB510	unix_ns	1784761444954999808	ns	store
c5-timing-event-v1	C5	all	d73055139b974d5bb055139b977d5b59	DB500	unix_ns	1784761445060000000	ns	store
c5-timing-event-v1	C5	all	d73055139b974d5bb055139b977d5b59	DB510	unix_ns	1784761445071000064	ns	store
c5-timing-event-v1	C5	all	fbd8fbcf1f61497498fbcf1f61c974f9	DB500	unix_ns	1784761445201999872	ns	store
c5-timing-event-v1	C5	all	fbd8fbcf1f61497498fbcf1f61c974f9	DB510	unix_ns	1784761445219000064	ns	store
c5-timing-event-v1	C5	all	46b6635244b34d76b6635244b39d7620	DB500	unix_ns	1784761445288999936	ns	store
c5-timing-event-v1	C5	all	46b6635244b34d76b6635244b39d7620	DB510	unix_ns	1784761445306999808	ns	store
c5-timing-event-v1	C5	all	be5ca52bb962448a9ca52bb962148aab	DB500	unix_ns	1784761445336000000	ns	store
c5-timing-event-v1	C5	all	be5ca52bb962448a9ca52bb962148aab	DB510	unix_ns	1784761445349999872	ns	store
c5-timing-event-v1	C5	all	8959759414ae4b8899759414aedb8872	DB500	unix_ns	1784761445614000128	ns	store
c5-timing-event-v1	C5	all	8959759414ae4b8899759414aedb8872	DB510	unix_ns	1784761445624000000	ns	store
c5-timing-event-v1	C5	all	6071614bd7494951b1614bd7492951f0	DB500	unix_ns	1784761445744000000	ns	store
c5-timing-event-v1	C5	all	6071614bd7494951b1614bd7492951f0	DB510	unix_ns	1784761445752999936	ns	store
c5-timing-event-v1	C5	all	cff17c663a074f4bb17c663a075f4b15	DB500	unix_ns	1784761445819000064	ns	store
c5-timing-event-v1	C5	all	cff17c663a074f4bb17c663a075f4b15	DB510	unix_ns	1784761445829999872	ns	store
c5-timing-event-v1	C5	all	6fb431388df94e64b431388df9ce6480	DB500	unix_ns	1784761445890000128	ns	store
c5-timing-event-v1	C5	all	6fb431388df94e64b431388df9ce6480	DB510	unix_ns	1784761445898000128	ns	store
c5-timing-event-v1	C5	all	e208f1e8d9e6464688f1e8d9e6a646a6	DB500	unix_ns	1784761446072999936	ns	store
c5-timing-event-v1	C5	all	e208f1e8d9e6464688f1e8d9e6a646a6	DB510	unix_ns	1784761446082000128	ns	store
c5-timing-event-v1	C5	all	d63bb5d33bc74776bbb5d33bc7b77622	DB500	unix_ns	1784761446164000000	ns	store
c5-timing-event-v1	C5	all	d63bb5d33bc74776bbb5d33bc7b77622	DB510	unix_ns	1784761446176999936	ns	store
c5-timing-event-v1	C5	all	79392598d68247a3b92598d68247a3cf	DB500	unix_ns	1784761446165999872	ns	store
c5-timing-event-v1	C5	all	79392598d68247a3b92598d68247a3cf	DB510	unix_ns	1784761446176000000	ns	store
c5-timing-event-v1	C5	all	b1c17015a3814f45817015a3817f456c	DB500	unix_ns	1784761446361999872	ns	store
c5-timing-event-v1	C5	all	b1c17015a3814f45817015a3817f456c	DB510	unix_ns	1784761446372000000	ns	store
c5-timing-event-v1	C5	all	ebef093866764343af09386676e343c5	DB500	unix_ns	1784761446440000000	ns	store
c5-timing-event-v1	C5	all	ebef093866764343af09386676e343c5	DB510	unix_ns	1784761446448000000	ns	store
c5-timing-event-v1	C5	all	7ed7248a70c94e8997248a70c9de89b0	DB500	unix_ns	1784761446655000064	ns	store
c5-timing-event-v1	C5	all	7ed7248a70c94e8997248a70c9de89b0	DB510	unix_ns	1784761446660999936	ns	store
c5-timing-event-v1	C5	all	fab9b4d248fa48d0b9b4d248fa18d0ff	DB500	unix_ns	1784761446714999808	ns	store
c5-timing-event-v1	C5	all	fab9b4d248fa48d0b9b4d248fa18d0ff	DB510	unix_ns	1784761446721999872	ns	store
c5-timing-event-v1	C5	all	fd3d0445f2214a28bd0445f221ca2825	DB500	unix_ns	1784761446890000128	ns	store
c5-timing-event-v1	C5	all	fd3d0445f2214a28bd0445f221ca2825	DB510	unix_ns	1784761446900999936	ns	store
c5-timing-event-v1	C5	all	3c18c5b383994d4398c5b38399cd43e8	DB500	unix_ns	1784761446994999808	ns	store
c5-timing-event-v1	C5	all	3c18c5b383994d4398c5b38399cd43e8	DB510	unix_ns	1784761447008000000	ns	store
c5-timing-event-v1	C5	all	5d5ba8485f2b4d7b9ba8485f2b7d7b2e	DB500	unix_ns	1784761447002000128	ns	store
c5-timing-event-v1	C5	all	5d5ba8485f2b4d7b9ba8485f2b7d7b2e	DB510	unix_ns	1784761447016000000	ns	store
c5-timing-event-v1	C5	all	ea6fb48f2c0640acafb48f2c0660ac27	DB500	unix_ns	1784761447220000000	ns	store
c5-timing-event-v1	C5	all	ea6fb48f2c0640acafb48f2c0660ac27	DB510	unix_ns	1784761447236000000	ns	store
c5-timing-event-v1	C5	all	0c30e5dcc0d4484cb0e5dcc0d4784c42	DB500	unix_ns	1784761447289999872	ns	store
c5-timing-event-v1	C5	all	0c30e5dcc0d4484cb0e5dcc0d4784c42	DB510	unix_ns	1784761447298000128	ns	store
c5-timing-event-v1	C5	all	ba04d8f5bb984db284d8f5bb98ddb21d	DB500	unix_ns	1784761447381999872	ns	store
c5-timing-event-v1	C5	all	ba04d8f5bb984db284d8f5bb98ddb21d	DB510	unix_ns	1784761447392000000	ns	store
c5-timing-event-v1	C5	all	2d2b1efc476943a4ab1efc4769b3a427	DB500	unix_ns	1784761447536000000	ns	store
c5-timing-event-v1	C5	all	2d2b1efc476943a4ab1efc4769b3a427	DB510	unix_ns	1784761447548000000	ns	store
c5-timing-event-v1	C5	all	e47ab25ffe0340b9bab25ffe03f0b9b6	DB500	unix_ns	1784761447561000192	ns	store
c5-timing-event-v1	C5	all	e47ab25ffe0340b9bab25ffe03f0b9b6	DB510	unix_ns	1784761447588999936	ns	store
c5-timing-event-v1	C5	all	baaae3998e6a458eaae3998e6a558ef9	DB500	unix_ns	1784761447711000064	ns	store
c5-timing-event-v1	C5	all	baaae3998e6a458eaae3998e6a558ef9	DB510	unix_ns	1784761447726000128	ns	store
c5-timing-event-v1	C5	all	ed8d629fa85847da8d629fa85837daba	DB500	unix_ns	1784761447824000000	ns	store
c5-timing-event-v1	C5	all	ed8d629fa85847da8d629fa85837daba	DB510	unix_ns	1784761447831000064	ns	store
c5-timing-event-v1	C5	all	ed206e80bb4a4740a06e80bb4ad7401c	DB500	unix_ns	1784761447903000064	ns	store
c5-timing-event-v1	C5	all	ed206e80bb4a4740a06e80bb4ad7401c	DB510	unix_ns	1784761447907000064	ns	store
c5-timing-event-v1	C5	all	4b18bd849ff7475698bd849ff7b75641	DB500	unix_ns	1784761448046999808	ns	store
c5-timing-event-v1	C5	all	4b18bd849ff7475698bd849ff7b75641	DB510	unix_ns	1784761448053999872	ns	store
c5-timing-event-v1	C5	all	4ec6dae00eec418186dae00eecd181c9	DB500	unix_ns	1784761448098000128	ns	store
c5-timing-event-v1	C5	all	4ec6dae00eec418186dae00eecd181c9	DB510	unix_ns	1784761448102999808	ns	store
c5-timing-event-v1	C5	all	e6eee3fd86234cc1aee3fd86239cc1f6	DB500	unix_ns	1784761448221999872	ns	store
c5-timing-event-v1	C5	all	e6eee3fd86234cc1aee3fd86239cc1f6	DB510	unix_ns	1784761448230000128	ns	store
c5-timing-event-v1	C5	all	4628406eaac34e23a8406eaac3ce2368	DB500	unix_ns	1784761448368999936	ns	store
c5-timing-event-v1	C5	all	4628406eaac34e23a8406eaac3ce2368	DB510	unix_ns	1784761448379000064	ns	store
c5-timing-event-v1	C5	all	debeb2c705c647b2beb2c705c697b22f	DB500	unix_ns	1784761448375000064	ns	store
c5-timing-event-v1	C5	all	debeb2c705c647b2beb2c705c697b22f	DB510	unix_ns	1784761448388000000	ns	store
c5-timing-event-v1	C5	all	07f3a581d8a1491bb3a581d8a1891bec	DB500	unix_ns	1784761448556000000	ns	store
c5-timing-event-v1	C5	all	07f3a581d8a1491bb3a581d8a1891bec	DB510	unix_ns	1784761448568999936	ns	store
c5-timing-event-v1	C5	all	c2072c7d61934d1d872c7d61937d1dc9	DB500	unix_ns	1784761448650000128	ns	store
c5-timing-event-v1	C5	all	c2072c7d61934d1d872c7d61937d1dc9	DB510	unix_ns	1784761448664000000	ns	store
c5-timing-event-v1	C5	all	93e051d15f8b4c9ea051d15f8b9c9edc	DB500	unix_ns	1784761448733999872	ns	store
c5-timing-event-v1	C5	all	93e051d15f8b4c9ea051d15f8b9c9edc	DB510	unix_ns	1784761448752000000	ns	store
c5-timing-event-v1	C5	all	d47daf1d47ce495ebdaf1d47ce695ec6	DB500	unix_ns	1784761448887000064	ns	store
c5-timing-event-v1	C5	all	d47daf1d47ce495ebdaf1d47ce695ec6	DB510	unix_ns	1784761448894000128	ns	store
c5-timing-event-v1	C5	all	f6f26d3f02324cf7b26d3f02327cf74f	DB500	unix_ns	1784761448936000000	ns	store
c5-timing-event-v1	C5	all	f6f26d3f02324cf7b26d3f02327cf74f	DB510	unix_ns	1784761448944999936	ns	store
c5-timing-event-v1	C5	all	4c7b7a12287c4a09bb7a12287cba090c	DB500	unix_ns	1784761449069999872	ns	store
c5-timing-event-v1	C5	all	4c7b7a12287c4a09bb7a12287cba090c	DB510	unix_ns	1784761449084999936	ns	store
c5-timing-event-v1	C5	all	17679ad9107b4f1da79ad9107b4f1dc4	DB500	unix_ns	1784761449194999808	ns	store
c5-timing-event-v1	C5	all	17679ad9107b4f1da79ad9107b4f1dc4	DB510	unix_ns	1784761449204999936	ns	store
c5-timing-event-v1	C5	all	1f371959e43e4a3eb71959e43e3a3e44	DB500	unix_ns	1784761449207000064	ns	store
c5-timing-event-v1	C5	all	1f371959e43e4a3eb71959e43e3a3e44	DB510	unix_ns	1784761449220000000	ns	store
c5-timing-event-v1	C5	all	6c7d4e63ce73478abd4e63ce73b78a37	DB500	unix_ns	1784761449556000000	ns	store
c5-timing-event-v1	C5	all	6c7d4e63ce73478abd4e63ce73b78a37	DB510	unix_ns	1784761449564999936	ns	store
c5-timing-event-v1	C5	all	4f9da623f75a45d49da623f75a55d499	DB500	unix_ns	1784761449743000064	ns	store
c5-timing-event-v1	C5	all	4f9da623f75a45d49da623f75a55d499	DB510	unix_ns	1784761449755000064	ns	store
c5-timing-event-v1	C5	all	0bf02d5ccf16463bb02d5ccf16163be8	DB500	unix_ns	1784761449808000000	ns	store
c5-timing-event-v1	C5	all	0bf02d5ccf16463bb02d5ccf16163be8	DB510	unix_ns	1784761449815000064	ns	store
c5-timing-event-v1	C5	all	3883981ea0b44e4b83981ea0b41e4b5a	DB500	unix_ns	1784761449829999872	ns	store
c5-timing-event-v1	C5	all	3883981ea0b44e4b83981ea0b41e4b5a	DB510	unix_ns	1784761449845999872	ns	store
c5-timing-event-v1	C5	all	7503ed806b8646af83ed806b8646afaf	DB500	unix_ns	1784761450068999936	ns	store
c5-timing-event-v1	C5	all	7503ed806b8646af83ed806b8646afaf	DB510	unix_ns	1784761450076000000	ns	store
c5-timing-event-v1	C5	all	3d0079dc6c4542498079dc6c45b24945	DB500	unix_ns	1784761450081000192	ns	store
c5-timing-event-v1	C5	all	3d0079dc6c4542498079dc6c45b24945	DB510	unix_ns	1784761450088000000	ns	store
c5-timing-event-v1	C5	all	346536bab9c64590a536bab9c6c5908f	DB500	unix_ns	1784761450164999936	ns	store
c5-timing-event-v1	C5	all	346536bab9c64590a536bab9c6c5908f	DB510	unix_ns	1784761450177999872	ns	store
c5-timing-event-v1	C5	all	9197947f35a2477d97947f35a2b77d74	DB500	unix_ns	1784761450360000000	ns	store
c5-timing-event-v1	C5	all	9197947f35a2477d97947f35a2b77d74	DB510	unix_ns	1784761450371000064	ns	store
