stage	node	container_short_id	container_hostname	name	classification	image	image_id	memory_limit_bytes	running	oom_killed	state
after-terminal-drain	host_131215316a	d3c169f07afd	d3c169f07afd	wsk00_33_prewarm_asyncs1	idle_stem	host_9a77e341a3:5000/acsc/openwhisk-runtime:e3-hw-20260614	sha256:d17a373c069ca396c33387930b763a1f1df8018c07daa17e26b8186ce2bd310c	268435456	true	false	running
after-terminal-drain	host_131215316a	cf4884db22ce	cf4884db22ce	wsk00_32_prewarm_asyncs1	idle_stem	host_9a77e341a3:5000/acsc/openwhisk-runtime:e3-hw-20260614	sha256:d17a373c069ca396c33387930b763a1f1df8018c07daa17e26b8186ce2bd310c	268435456	true	false	running
after-terminal-drain	host_131215316a	26e248e0f36d	26e248e0f36d	wsk00_31_prewarm_asyncs1	idle_stem	host_9a77e341a3:5000/acsc/openwhisk-runtime:e3-hw-20260614	sha256:d17a373c069ca396c33387930b763a1f1df8018c07daa17e26b8186ce2bd310c	268435456	true	false	running
after-terminal-drain	host_131215316a	1a9d11500d7f	1a9d11500d7f	wsk00_30_prewarm_asyncs1	idle_stem	host_9a77e341a3:5000/acsc/openwhisk-runtime:e3-hw-20260614	sha256:d17a373c069ca396c33387930b763a1f1df8018c07daa17e26b8186ce2bd310c	268435456	true	false	running
after-terminal-drain	host_131215316a	82dc3adc5e7a	82dc3adc5e7a	wsk00_29_prewarm_asyncs1	action_bound	host_9a77e341a3:5000/acsc/openwhisk-runtime:e3-hw-20260614	sha256:d17a373c069ca396c33387930b763a1f1df8018c07daa17e26b8186ce2bd310c	268435456	true	false	paused
after-terminal-drain	host_131215316a	92ec8159b5bf	92ec8159b5bf	wsk00_28_prewarm_asyncs1	action_bound	host_9a77e341a3:5000/acsc/openwhisk-runtime:e3-hw-20260614	sha256:d17a373c069ca396c33387930b763a1f1df8018c07daa17e26b8186ce2bd310c	268435456	true	false	paused
after-terminal-drain	host_131215316a	6628d1868b93	6628d1868b93	wsk00_27_prewarm_asyncs1	action_bound	host_9a77e341a3:5000/acsc/openwhisk-runtime:e3-hw-20260614	sha256:d17a373c069ca396c33387930b763a1f1df8018c07daa17e26b8186ce2bd310c	268435456	true	false	paused
after-terminal-drain	host_131215316a	b8dc9843d446	b8dc9843d446	wsk00_26_prewarm_asyncs1	action_bound	host_9a77e341a3:5000/acsc/openwhisk-runtime:e3-hw-20260614	sha256:d17a373c069ca396c33387930b763a1f1df8018c07daa17e26b8186ce2bd310c	268435456	true	false	paused
after-terminal-drain	host_8f92d23d2a	9e787cb5c83c	9e787cb5c83c	wsk11_33_prewarm_asyncs1	idle_stem	host_9a77e341a3:5000/acsc/openwhisk-runtime:e3-hw-20260614	sha256:d17a373c069ca396c33387930b763a1f1df8018c07daa17e26b8186ce2bd310c	268435456	true	false	running
after-terminal-drain	host_8f92d23d2a	b001ff7d4fd1	b001ff7d4fd1	wsk11_32_prewarm_asyncs1	idle_stem	host_9a77e341a3:5000/acsc/openwhisk-runtime:e3-hw-20260614	sha256:d17a373c069ca396c33387930b763a1f1df8018c07daa17e26b8186ce2bd310c	268435456	true	false	running
after-terminal-drain	host_8f92d23d2a	dc258ac4f331	dc258ac4f331	wsk11_31_prewarm_asyncs1	idle_stem	host_9a77e341a3:5000/acsc/openwhisk-runtime:e3-hw-20260614	sha256:d17a373c069ca396c33387930b763a1f1df8018c07daa17e26b8186ce2bd310c	268435456	true	false	running
after-terminal-drain	host_8f92d23d2a	18cc6e5b155f	18cc6e5b155f	wsk11_30_prewarm_asyncs1	idle_stem	host_9a77e341a3:5000/acsc/openwhisk-runtime:e3-hw-20260614	sha256:d17a373c069ca396c33387930b763a1f1df8018c07daa17e26b8186ce2bd310c	268435456	true	false	running
after-terminal-drain	host_8f92d23d2a	da2bf9b257cc	da2bf9b257cc	wsk11_29_prewarm_asyncs1	action_bound	host_9a77e341a3:5000/acsc/openwhisk-runtime:e3-hw-20260614	sha256:d17a373c069ca396c33387930b763a1f1df8018c07daa17e26b8186ce2bd310c	268435456	true	false	paused
after-terminal-drain	host_8f92d23d2a	7a8af41916a6	7a8af41916a6	wsk11_28_prewarm_asyncs1	action_bound	host_9a77e341a3:5000/acsc/openwhisk-runtime:e3-hw-20260614	sha256:d17a373c069ca396c33387930b763a1f1df8018c07daa17e26b8186ce2bd310c	268435456	true	false	paused
after-terminal-drain	host_8f92d23d2a	a09a7d9f8bda	a09a7d9f8bda	wsk11_27_prewarm_asyncs1	action_bound	host_9a77e341a3:5000/acsc/openwhisk-runtime:e3-hw-20260614	sha256:d17a373c069ca396c33387930b763a1f1df8018c07daa17e26b8186ce2bd310c	268435456	true	false	paused
after-terminal-drain	host_8f92d23d2a	6270dead0bec	6270dead0bec	wsk11_26_prewarm_asyncs1	action_bound	host_9a77e341a3:5000/acsc/openwhisk-runtime:e3-hw-20260614	sha256:d17a373c069ca396c33387930b763a1f1df8018c07daa17e26b8186ce2bd310c	268435456	true	false	paused
after-terminal-drain	host_20da272088	e426a8c9cb4e	e426a8c9cb4e	wsk22_33_prewarm_asyncs1	idle_stem	host_9a77e341a3:5000/acsc/openwhisk-runtime:e3-hw-20260614	sha256:d17a373c069ca396c33387930b763a1f1df8018c07daa17e26b8186ce2bd310c	268435456	true	false	running
after-terminal-drain	host_20da272088	1edc230eb773	1edc230eb773	wsk22_32_prewarm_asyncs1	idle_stem	host_9a77e341a3:5000/acsc/openwhisk-runtime:e3-hw-20260614	sha256:d17a373c069ca396c33387930b763a1f1df8018c07daa17e26b8186ce2bd310c	268435456	true	false	running
after-terminal-drain	host_20da272088	cb1914e27583	cb1914e27583	wsk22_31_prewarm_asyncs1	idle_stem	host_9a77e341a3:5000/acsc/openwhisk-runtime:e3-hw-20260614	sha256:d17a373c069ca396c33387930b763a1f1df8018c07daa17e26b8186ce2bd310c	268435456	true	false	running
after-terminal-drain	host_20da272088	6b45506fca1a	6b45506fca1a	wsk22_30_prewarm_asyncs1	idle_stem	host_9a77e341a3:5000/acsc/openwhisk-runtime:e3-hw-20260614	sha256:d17a373c069ca396c33387930b763a1f1df8018c07daa17e26b8186ce2bd310c	268435456	true	false	running
after-terminal-drain	host_20da272088	9a1a2890faa2	9a1a2890faa2	wsk22_29_prewarm_asyncs1	action_bound	host_9a77e341a3:5000/acsc/openwhisk-runtime:e3-hw-20260614	sha256:d17a373c069ca396c33387930b763a1f1df8018c07daa17e26b8186ce2bd310c	268435456	true	false	paused
after-terminal-drain	host_20da272088	e801052479a6	e801052479a6	wsk22_27_prewarm_asyncs1	action_bound	host_9a77e341a3:5000/acsc/openwhisk-runtime:e3-hw-20260614	sha256:d17a373c069ca396c33387930b763a1f1df8018c07daa17e26b8186ce2bd310c	268435456	true	false	paused
after-terminal-drain	host_20da272088	d87ac9fad111	d87ac9fad111	wsk22_28_prewarm_asyncs1	action_bound	host_9a77e341a3:5000/acsc/openwhisk-runtime:e3-hw-20260614	sha256:d17a373c069ca396c33387930b763a1f1df8018c07daa17e26b8186ce2bd310c	268435456	true	false	paused
after-terminal-drain	host_20da272088	88f5fca1f1cc	88f5fca1f1cc	wsk22_26_prewarm_asyncs1	action_bound	host_9a77e341a3:5000/acsc/openwhisk-runtime:e3-hw-20260614	sha256:d17a373c069ca396c33387930b763a1f1df8018c07daa17e26b8186ce2bd310c	268435456	true	false	paused
