profile	phase	size_bytes	ordinal	logical_request_id	request_attempt_id	activation_attempt	activation_id	client_start_unix_ns	client_end_unix_ns	http_status	outcome	retry_disposition	failure_summary
reusable-concurrency	measured	1024	1	1	1	1	1b60a6a0f3914723a0a6a0f391172348	1784788158660997597	1784788159226596802	200	blocking_activation_received	not_applicable	
reusable-concurrency	measured	1024	2	2	1	1	513896727be64c0bb896727be6ec0b33	1784788158671983920	1784788159265977669	200	blocking_activation_received	not_applicable	
reusable-concurrency	measured	1024	3	3	1	1	b77268feca84436fb268feca84236f38	1784788158673825141	1784788159283519396	200	blocking_activation_received	not_applicable	
reusable-concurrency	measured	1024	4	4	1	1	ba10c582545e46af90c582545e66af14	1784788159254498997	1784788159800773579	200	blocking_activation_received	not_applicable	
reusable-concurrency	measured	1024	5	5	1	1	8c75df1f270f436cb5df1f270f536ca5	1784788159322066080	1784788159870779504	200	blocking_activation_received	not_applicable	
reusable-concurrency	measured	1024	6	6	1	1	577e9f0b4eb6449dbe9f0b4eb6a49dee	1784788159514949250	1784788160098168442	200	blocking_activation_received	not_applicable	
reusable-concurrency	measured	1024	7	7	1	1	3e9031e9f3444f2b9031e9f3441f2bc1	1784788159811475136	1784788160249089530	200	blocking_activation_received	not_applicable	
reusable-concurrency	measured	1024	8	8	1	1	f12148b1ee174b1ca148b1ee179b1cbe	1784788159880827572	1784788160446142629	200	blocking_activation_received	not_applicable	
reusable-concurrency	measured	1024	9	9	1	1	c0ce1454c1d442af8e1454c1d4f2aff7	1784788160115130865	1784788160701167436	200	blocking_activation_received	not_applicable	
reusable-concurrency	measured	1024	10	10	1	1	31de56e9ce3d49e39e56e9ce3d69e37f	1784788160260889280	1784788160837067164	200	blocking_activation_received	not_applicable	
reusable-concurrency	measured	1024	11	11	1	1	46a2f9af98ad42e2a2f9af98ad92e25c	1784788160465665035	1784788161065799222	200	blocking_activation_received	not_applicable	
reusable-concurrency	measured	1024	12	12	1	1	3c83840f4726459c83840f4726159c9e	1784788160717786547	1784788161302008395	200	blocking_activation_received	not_applicable	
reusable-concurrency	measured	1024	13	13	1	1	ce8d14de6c87464a8d14de6c87f64a15	1784788160851524680	1784788161377073089	200	blocking_activation_received	not_applicable	
reusable-concurrency	measured	1024	14	14	1	1	3bc824bea71f41ef8824bea71f51efa2	1784788161078331732	1784788161534236653	200	blocking_activation_received	not_applicable	
reusable-concurrency	measured	1024	15	15	1	1	74f09db707d740e5b09db707d7e0e5c2	1784788161403067420	1784788162000072179	200	blocking_activation_received	not_applicable	
reusable-concurrency	measured	1024	16	16	1	1	edafa8d21e7b439bafa8d21e7b039bd0	1784788161550068908	1784788162131794348	200	blocking_activation_received	not_applicable	
reusable-concurrency	measured	1024	17	17	1	1	01e19b36b8e74355a19b36b8e77355eb	1784788161563354134	1784788162159172977	200	blocking_activation_received	not_applicable	
reusable-concurrency	measured	1024	18	18	1	1	4eb02bbeea564afeb02bbeea567afea0	1784788162027905742	1784788162608905894	200	blocking_activation_received	not_applicable	
reusable-concurrency	measured	1024	19	19	1	1	1fd9a5edaa5c472c99a5edaa5ce72ce8	1784788162146617969	1784788162761119078	200	blocking_activation_received	not_applicable	
reusable-concurrency	measured	1024	20	20	1	1	0b9080b8f4e344889080b8f4e3b48884	1784788162171905078	1784788162735721730	200	blocking_activation_received	not_applicable	
reusable-concurrency	measured	1024	21	21	1	1	47888eb133dc4365888eb133dc636534	1784788162830287070	1784788163414378909	200	blocking_activation_received	not_applicable	
reusable-concurrency	measured	1024	22	22	1	1	627e498be5f14323be498be5f19323ac	1784788162970713522	1784788163639898010	200	blocking_activation_received	not_applicable	
reusable-concurrency	measured	1024	23	23	1	1	aaf6613bfc8c4f82b6613bfc8ccf8258	1784788163013516438	1784788163731167343	200	blocking_activation_received	not_applicable	
reusable-concurrency	measured	1024	24	24	1	1	d90ba62d9996408e8ba62d9996f08e38	1784788163428514280	1784788163853715511	200	blocking_activation_received	not_applicable	
reusable-concurrency	measured	1024	25	25	1	1	94ed6fb34be041dfad6fb34be0c1df19	1784788163665282389	1784788164249164188	200	blocking_activation_received	not_applicable	
reusable-concurrency	measured	1024	26	26	1	1	baf0c694b66e45d9b0c694b66e35d959	1784788163740855585	1784788164314695107	200	blocking_activation_received	not_applicable	
reusable-concurrency	measured	1024	27	27	1	1	dd28dc2019f84855a8dc2019f8d8555c	1784788163863146542	1784788164406111093	200	blocking_activation_received	not_applicable	
reusable-concurrency	measured	1024	28	28	1	1	171c635c970f42f89c635c970f42f856	1784788164259488684	1784788164823527102	200	blocking_activation_received	not_applicable	
reusable-concurrency	measured	1024	29	29	1	1	31dc3906b5aa4d679c3906b5aa2d6759	1784788164325092103	1784788164895224560	200	blocking_activation_received	not_applicable	
reusable-concurrency	measured	1024	30	30	1	1	2b49ebac258c426d89ebac258ca26db5	1784788164637259421	1784788165195962734	200	blocking_activation_received	not_applicable	
reusable-concurrency	measured	1024	31	31	1	1	ad4239c1b7524e648239c1b752ee6480	1784788164907171061	1784788165444571053	200	blocking_activation_received	not_applicable	
reusable-concurrency	measured	1024	32	32	1	1	8d1a0a4bd66942e19a0a4bd669a2e120	1784788165050769761	1784788165600191482	200	blocking_activation_received	not_applicable	
reusable-concurrency	measured	1024	33	33	1	1	7e7cd34b80fe44efbcd34b80fe64efbc	1784788165209819689	1784788165685917760	200	blocking_activation_received	not_applicable	
reusable-concurrency	measured	1024	34	34	1	1	148611d6022b4fa68611d6022b7fa654	1784788165672737909	1784788166285418168	200	blocking_activation_received	not_applicable	
reusable-concurrency	measured	1024	35	35	1	1	03dfd39fb39442169fd39fb394e216ef	1784788165818571162	1784788166382946838	200	blocking_activation_received	not_applicable	
reusable-concurrency	measured	1024	36	36	1	1	6cca6eb81ee640ee8a6eb81ee6e0eedb	1784788165928300931	1784788166509483624	200	blocking_activation_received	not_applicable	
reusable-concurrency	measured	1024	37	37	1	1	5cbda28b655e4873bda28b655e9873aa	1784788166298688511	1784788166851815160	200	blocking_activation_received	not_applicable	
reusable-concurrency	measured	1024	38	38	1	1	2b77b1f07c0749e2b7b1f07c0719e283	1784788166394935358	1784788166964753780	200	blocking_activation_received	not_applicable	
reusable-concurrency	measured	1024	39	39	1	1	3fd491a1071041d29491a10710e1d2d5	1784788166523883947	1784788167117898981	200	blocking_activation_received	not_applicable	
reusable-concurrency	measured	1024	40	40	1	1	2dc0c5cdef40466580c5cdef40b66537	1784788166865183828	1784788167431765181	200	blocking_activation_received	not_applicable	
reusable-concurrency	measured	1024	41	41	1	1	c20431409b6e46878431409b6e868787	1784788166975493973	1784788167532041473	200	blocking_activation_received	not_applicable	
reusable-concurrency	measured	1024	42	42	1	1	24d4ae68d385483894ae68d385c8383b	1784788167136861522	1784788167735673744	200	blocking_activation_received	not_applicable	
reusable-concurrency	measured	1024	43	43	1	1	06b4c43bae124bacb4c43bae126bacfd	1784788167452723903	1784788167990706119	200	blocking_activation_received	not_applicable	
reusable-concurrency	measured	1024	44	44	1	1	fedd5e0343e244279d5e0343e25427c5	1784788167547366738	1784788168135678423	200	blocking_activation_received	not_applicable	
reusable-concurrency	measured	1024	45	45	1	1	a16733cc4e3a4a9fa733cc4e3a3a9fe8	1784788167763069496	1784788168353398307	200	blocking_activation_received	not_applicable	
reusable-concurrency	measured	1024	46	46	1	1	878795e9263d43288795e9263d332826	1784788168010116515	1784788168590711258	200	blocking_activation_received	not_applicable	
reusable-concurrency	measured	1024	47	47	1	1	40dfff74d08b44f09fff74d08b24f0d8	1784788168166173129	1784788168683160504	200	blocking_activation_received	not_applicable	
reusable-concurrency	measured	1024	48	48	1	1	a99f4518411646449f45184116d64444	1784788168362906752	1784788168821420533	200	blocking_activation_received	not_applicable	
reusable-concurrency	measured	1024	49	49	1	1	9a74de051d5b4834b4de051d5b7834ed	1784788168694351974	1784788169323740078	200	blocking_activation_received	not_applicable	
reusable-concurrency	measured	1024	50	50	1	1	58d671c06c6043979671c06c605397d8	1784788168830363021	1784788169404155427	200	blocking_activation_received	not_applicable	
reusable-concurrency	measured	1024	51	51	1	1	397742f71b174934b742f71b174934e1	1784788168859201201	1784788169437306888	200	blocking_activation_received	not_applicable	
reusable-concurrency	measured	1024	52	52	1	1	13baf2632a2f47a9baf2632a2ff7a956	1784788169335528364	1784788169867633068	200	blocking_activation_received	not_applicable	
reusable-concurrency	measured	1024	53	53	1	1	cf901b3333b34ece901b3333b38eced4	1784788169634949303	1784788170216913520	200	blocking_activation_received	not_applicable	
reusable-concurrency	measured	1024	54	54	1	1	b3b26bc71a9b4da3b26bc71a9bbda3f3	1784788169671315142	1784788170270697586	200	blocking_activation_received	not_applicable	
reusable-concurrency	measured	1024	55	55	1	1	4a9c5020a52f42989c5020a52f9298ae	1784788169880614049	1784788170454650413	200	blocking_activation_received	not_applicable	
reusable-concurrency	measured	1024	56	56	1	1	2fb530296c3d4e16b530296c3d7e160a	1784788170241335574	1784788170781972323	200	blocking_activation_received	not_applicable	
reusable-concurrency	measured	1024	57	57	1	1	d0863374302741bf863374302711bf2e	1784788170288225597	1784788170825702817	200	blocking_activation_received	not_applicable	
reusable-concurrency	measured	1024	58	58	1	1	8a7f1c2f099e40c8bf1c2f099e80c853	1784788170466077308	1784788171039450956	200	blocking_activation_received	not_applicable	
reusable-concurrency	measured	1024	59	59	1	1	274d72ef47e84e048d72ef47e82e048d	1784788170798756855	1784788171348302437	200	blocking_activation_received	not_applicable	
reusable-concurrency	measured	1024	60	60	1	1	e3612d9da60946b4a12d9da609b6b422	1784788170838377689	1784788171421026008	200	blocking_activation_received	not_applicable	
reusable-concurrency	measured	1024	61	61	1	1	a3ddbf70d48848329dbf70d4883832cb	1784788171060020880	1784788171523778728	200	blocking_activation_received	not_applicable	
reusable-concurrency	measured	1024	62	62	1	1	2aafa84ebec94b3dafa84ebec93b3dde	1784788171535096858	1784788171996667207	200	blocking_activation_received	not_applicable	
reusable-concurrency	measured	1024	63	63	1	1	ec2bd419438640b8abd419438680b891	1784788171579761246	1784788172137354129	200	blocking_activation_received	not_applicable	
reusable-concurrency	measured	1024	64	64	1	1	6c48aaf926eb415a88aaf926eb515afa	1784788171641837487	1784788172206297199	200	blocking_activation_received	not_applicable	
reusable-concurrency	measured	1024	65	65	1	1	e6f14d7a1f214214b14d7a1f2192143c	1784788172170583784	1784788172720584875	200	blocking_activation_received	not_applicable	
reusable-concurrency	measured	1024	66	66	1	1	4e766ecc48224e63b66ecc4822ae6304	1784788172221675092	1784788172783628949	200	blocking_activation_received	not_applicable	
reusable-concurrency	measured	1024	67	67	1	1	0ff2ae1810bb48fdb2ae1810bbb8fd79	1784788172259008814	1784788172828861028	200	blocking_activation_received	not_applicable	
reusable-concurrency	measured	1024	68	68	1	1	dae1388badea42f4a1388badeaf2f4f3	1784788172742138626	1784788173286602408	200	blocking_activation_received	not_applicable	
reusable-concurrency	measured	1024	69	69	1	1	dfc69d828739499a869d828739499aea	1784788172796335184	1784788173363592157	200	blocking_activation_received	not_applicable	
reusable-concurrency	measured	1024	70	70	1	1	6fd87295afc14776987295afc1277625	1784788172852983258	1784788173440653700	200	blocking_activation_received	not_applicable	
reusable-concurrency	measured	1024	71	71	1	1	8ec95c32865240eb895c32865230eb83	1784788173299048680	1784788173880550843	200	blocking_activation_received	not_applicable	
reusable-concurrency	measured	1024	72	72	1	1	8e869e0f4bde4b1a869e0f4bde0b1afe	1784788173381072389	1784788173939962235	200	blocking_activation_received	not_applicable	
reusable-concurrency	measured	1024	73	73	1	1	def3aa07a1d54758b3aa07a1d5375862	1784788173453857953	1784788174026295473	200	blocking_activation_received	not_applicable	
reusable-concurrency	measured	1024	74	74	1	1	658e55079d3b4eae8e55079d3baeaecc	1784788173893398142	1784788174420843471	200	blocking_activation_received	not_applicable	
reusable-concurrency	measured	1024	75	75	1	1	0317e626f79a4a8d97e626f79a1a8d2a	1784788173967446090	1784788174537024072	200	blocking_activation_received	not_applicable	
reusable-concurrency	measured	1024	76	76	1	1	de019e409de342d4819e409de3c2d493	1784788174036389611	1784788174635782401	200	blocking_activation_received	not_applicable	
reusable-concurrency	measured	1024	77	77	1	1	cb9fc2e7508a468b9fc2e7508a068bf3	1784788174432403998	1784788174982791107	200	blocking_activation_received	not_applicable	
reusable-concurrency	measured	1024	78	78	1	1	b6636c61b9c64adda36c61b9c6faddab	1784788174550707504	1784788175072323460	200	blocking_activation_received	not_applicable	
reusable-concurrency	measured	1024	79	79	1	1	0f18d831b2b94d4d98d831b2b98d4d04	1784788174647916188	1784788175304570592	200	blocking_activation_received	not_applicable	
reusable-concurrency	measured	1024	80	80	1	1	3d87bdfc5b724e7e87bdfc5b72be7efe	1784788174995217299	1784788175577622721	200	blocking_activation_received	not_applicable	
reusable-concurrency	measured	1024	81	81	1	1	62f7f16b87d7422db7f16b87d7722d87	1784788175092066164	1784788175654605761	200	blocking_activation_received	not_applicable	
reusable-concurrency	measured	1024	82	82	1	1	5acafeb42fc444288afeb42fc4942888	1784788175528686996	1784788176118549621	200	blocking_activation_received	not_applicable	
reusable-concurrency	measured	1024	83	83	1	1	920fe0427a1d4c788fe0427a1d8c78e6	1784788175590614276	1784788176159259809	200	blocking_activation_received	not_applicable	
reusable-concurrency	measured	1024	84	84	1	1	b39b67d4cf5948ae9b67d4cf5928ae20	1784788175665490603	1784788176241713183	200	blocking_activation_received	not_applicable	
reusable-concurrency	measured	1024	85	85	1	1	262e43c22b9e4966ae43c22b9e896683	1784788176148549239	1784788176681635807	200	blocking_activation_received	not_applicable	
reusable-concurrency	measured	1024	86	86	1	1	bcb81262b34f4df4b81262b34f9df485	1784788176398556706	1784788176963477060	200	blocking_activation_received	not_applicable	
reusable-concurrency	measured	1024	87	87	1	1	9f9859fab58b45fc9859fab58bd5fce6	1784788176468994907	1784788177023330947	200	blocking_activation_received	not_applicable	
reusable-concurrency	measured	1024	88	88	1	1	553d46b1c8e44f09bd46b1c8e4bf0960	1784788176705264823	1784788177232121240	200	blocking_activation_received	not_applicable	
reusable-concurrency	measured	1024	89	89	1	1	9eb50a5d15564ef6b50a5d1556def642	1784788176973507339	1784788177597094141	200	blocking_activation_received	not_applicable	
reusable-concurrency	measured	1024	90	90	1	1	71ef784c725b4f07af784c725bbf07ca	1784788177038567337	1784788177557048258	200	blocking_activation_received	not_applicable	
reusable-concurrency	measured	1024	91	91	1	1	ecf3c7b9298b45a8b3c7b9298bd5a889	1784788177241774434	1784788177761931151	200	blocking_activation_received	not_applicable	
reusable-concurrency	measured	1024	92	92	1	1	06c36ead2d1f4d34836ead2d1f7d345b	1784788177571313401	1784788178142917055	200	blocking_activation_received	not_applicable	
reusable-concurrency	measured	1024	93	93	1	1	33eae875be684c9faae875be687c9f36	1784788177617563663	1784788178190707407	200	blocking_activation_received	not_applicable	
reusable-concurrency	measured	1024	94	94	1	1	de65d1307e4a426ba5d1307e4a126b06	1784788177982902507	1784788178505605773	200	blocking_activation_received	not_applicable	
reusable-concurrency	measured	1024	95	95	1	1	9a082283114b4485882283114be485b4	1784788178161859651	1784788178786876063	200	blocking_activation_received	not_applicable	
reusable-concurrency	measured	1024	96	96	1	1	ce9f244e0ff541ef9f244e0ff5e1ef52	1784788178212412001	1784788178807527956	200	blocking_activation_received	not_applicable	
reusable-concurrency	measured	1024	97	97	1	1	847b0a1ec64e40adbb0a1ec64e30ad8e	1784788178514101936	1784788179055537129	200	blocking_activation_received	not_applicable	
reusable-concurrency	measured	1024	98	98	1	1	147c9145d6b447e4bc9145d6b4b7e48c	1784788178797273028	1784788179399651862	200	blocking_activation_received	not_applicable	
reusable-concurrency	measured	1024	99	99	1	1	e63a00ee3ae8435eba00ee3ae8835ef1	1784788179037914518	1784788179628186595	200	blocking_activation_received	not_applicable	
reusable-concurrency	measured	1024	100	100	1	1	f664548c19b14c4da4548c19b1ec4db9	1784788179088159996	1784788179557595569	200	blocking_activation_received	not_applicable	
reusable-concurrency	measured	1024	101	101	1	1	32252a9e8fd74fdba52a9e8fd7cfdbb6	1784788179585975151	1784788180170214412	200	blocking_activation_received	not_applicable	
reusable-concurrency	measured	1024	102	102	1	1	d72255ca10494dd3a255ca1049edd363	1784788179663744514	1784788180215710713	200	blocking_activation_received	not_applicable	
reusable-concurrency	measured	1024	103	103	1	1	5b191b5701ca46db991b5701ca26db3e	1784788179664496057	1784788180267645206	200	blocking_activation_received	not_applicable	
reusable-concurrency	measured	1024	104	104	1	1	dfe71cb2a361496da71cb2a361196dfc	1784788180185124301	1784788180778691550	200	blocking_activation_received	not_applicable	
reusable-concurrency	measured	1024	105	105	1	1	999a953d181f4a0b9a953d181f0a0b13	1784788180237008131	1784788180810600619	200	blocking_activation_received	not_applicable	
reusable-concurrency	measured	1024	106	106	1	1	f137ef39ed0346a4b7ef39ed0306a443	1784788180295330454	1784788180883397493	200	blocking_activation_received	not_applicable	
reusable-concurrency	measured	1024	107	107	1	1	1e834d8cbd84401e834d8cbd84d01e93	1784788180790294124	1784788181347048543	200	blocking_activation_received	not_applicable	
reusable-concurrency	measured	1024	108	108	1	1	ef9af3a3711541719af3a37115417110	1784788180852221121	1784788181433174180	200	blocking_activation_received	not_applicable	
reusable-concurrency	measured	1024	109	109	1	1	72bc56a3d3de447fbc56a3d3ded47fcf	1784788180907187335	1784788181506659151	200	blocking_activation_received	not_applicable	
reusable-concurrency	measured	1024	110	110	1	1	674272d99d2544718272d99d25c471f4	1784788181573827095	1784788182070479341	200	blocking_activation_received	not_applicable	
reusable-concurrency	measured	1024	111	111	1	1	4b4193dcfdbe491e8193dcfdbec91e6b	1784788181658983249	1784788182240218991	200	blocking_activation_received	not_applicable	
reusable-concurrency	measured	1024	112	112	1	1	569e72dcea5043a89e72dcea50c3a814	1784788181731058912	1784788182295794841	200	blocking_activation_received	not_applicable	
reusable-concurrency	measured	1024	113	113	1	1	8d65361b1a9a4e2aa5361b1a9a5e2ac3	1784788182082504548	1784788182621770621	200	blocking_activation_received	not_applicable	
reusable-concurrency	measured	1024	114	114	1	1	bc9145e5c14a43ab9145e5c14aa3ab89	1784788182250003677	1784788182823720311	200	blocking_activation_received	not_applicable	
reusable-concurrency	measured	1024	115	115	1	1	67d3040a3c4940d293040a3c4960d26b	1784788182323448397	1784788182882712805	200	blocking_activation_received	not_applicable	
reusable-concurrency	measured	1024	116	116	1	1	7356bd92623e469396bd92623e4693c1	1784788182847182150	1784788183381526991	200	blocking_activation_received	not_applicable	
reusable-concurrency	measured	1024	117	117	1	1	2ca7d0536a3540e3a7d0536a3530e3b7	1784788182899644660	1784788183451634066	200	blocking_activation_received	not_applicable	
reusable-concurrency	measured	1024	118	118	1	1	e591a2c3aaca4df891a2c3aacaadf868	1784788183041745841	1784788183597919932	200	blocking_activation_received	not_applicable	
reusable-concurrency	measured	1024	119	119	1	1	700f6bf1daaa4c248f6bf1daaa0c2459	1784788183395296678	1784788183925433836	200	blocking_activation_received	not_applicable	
reusable-concurrency	measured	1024	120	120	1	1	39957d6060d54af5957d6060d52af555	1784788183468610402	1784788184066367853	200	blocking_activation_received	not_applicable	
reusable-concurrency	measured	1024	121	121	1	1	c11eebac5a0a4df99eebac5a0a8df953	1784788183609127696	1784788184177157804	200	blocking_activation_received	not_applicable	
reusable-concurrency	measured	1024	122	122	1	1	da3095d272374c3ab095d272377c3aca	1784788184079610158	1784788184659209664	200	blocking_activation_received	not_applicable	
reusable-concurrency	measured	1024	123	123	1	1	9af0dcc139f540ccb0dcc139f520cc8f	1784788184146495770	1784788184691152397	200	blocking_activation_received	not_applicable	
reusable-concurrency	measured	1024	124	124	1	1	b7f48365cdfe40e9b48365cdfec0e91d	1784788184442708542	1784788185012778411	200	blocking_activation_received	not_applicable	
reusable-concurrency	measured	1024	125	125	1	1	c78f4150e58447ef8f4150e584e7ef6e	1784788184878920166	1784788185419220372	200	blocking_activation_received	not_applicable	
reusable-concurrency	measured	1024	126	126	1	1	7e3b0c111b8f4b32bb0c111b8fbb3200	1784788184929240092	1784788185488656153	200	blocking_activation_received	not_applicable	
reusable-concurrency	measured	1024	127	127	1	1	0743169f8dc8481283169f8dc8f812b3	1784788185242169649	1784788185781802444	200	blocking_activation_received	not_applicable	
reusable-concurrency	measured	1024	128	128	1	1	def71e792f054cc4b71e792f051cc4f1	1784788185644384518	1784788186186925137	200	blocking_activation_received	not_applicable	
reusable-concurrency	measured	1024	129	129	1	1	76b81e6c9d0a41f2b81e6c9d0a21f2bc	1784788185716327672	1784788186273186901	200	blocking_activation_received	not_applicable	
reusable-concurrency	measured	1024	130	130	1	1	fdae342b749848b8ae342b7498c8b8ca	1784788185791643507	1784788186358837333	200	blocking_activation_received	not_applicable	
reusable-concurrency	measured	1024	131	131	1	1	5eb9f823f2c34a00b9f823f2c35a00ca	1784788186206140535	1784788186570898365	200	blocking_activation_received	not_applicable	
reusable-concurrency	measured	1024	132	132	1	1	00f9f776551d4b6eb9f776551d1b6e22	1784788186292784388	1784788186850737919	200	blocking_activation_received	not_applicable	
reusable-concurrency	measured	1024	133	133	1	1	989d2abdbaa940b19d2abdbaa900b121	1784788186372972315	1784788186925016577	200	blocking_activation_received	not_applicable	
reusable-concurrency	measured	1024	134	134	1	1	a96c428300304633ac4283003056335b	1784788186584539329	1784788187119564796	200	blocking_activation_received	not_applicable	
reusable-concurrency	measured	1024	135	135	1	1	f0b90e1bb43f4dd2b90e1bb43fcdd21f	1784788186869652569	1784788187433482535	200	blocking_activation_received	not_applicable	
reusable-concurrency	measured	1024	136	136	1	1	cc9eb2b0108a4d7b9eb2b0108aad7b9f	1784788187136195518	1784788187659709029	200	blocking_activation_received	not_applicable	
reusable-concurrency	measured	1024	137	137	1	1	ec033e3b7eb744cc833e3b7eb7d4ccd8	1784788187181802915	1784788187740202677	200	blocking_activation_received	not_applicable	
reusable-concurrency	measured	1024	138	138	1	1	2fc3532b9a884ae883532b9a88dae8de	1784788187445880486	1784788188016573027	200	blocking_activation_received	not_applicable	
reusable-concurrency	measured	1024	139	139	1	1	9ceef7a932e44448aef7a932e4b448c4	1784788187675415128	1784788188235185281	200	blocking_activation_received	not_applicable	
reusable-concurrency	measured	1024	140	140	1	1	ed3bbe6b636c4840bbbe6b636cc840cb	1784788187764924904	1784788188383621402	200	blocking_activation_received	not_applicable	
reusable-concurrency	measured	1024	141	141	1	1	77a0e1226fd846d3a0e1226fd896d3da	1784788188033083908	1784788188600293407	200	blocking_activation_received	not_applicable	
reusable-concurrency	measured	1024	142	142	1	1	37110935019f465d910935019f465dc0	1784788188244591443	1784788188771341704	200	blocking_activation_received	not_applicable	
reusable-concurrency	measured	1024	143	143	1	1	b998512dddf6404598512dddf6704596	1784788188616948649	1784788189218079432	200	blocking_activation_received	not_applicable	
reusable-concurrency	measured	1024	144	144	1	1	1aec873c1bb84c48ac873c1bb83c485a	1784788188662666429	1784788189263171112	200	blocking_activation_received	not_applicable	
reusable-concurrency	measured	1024	145	145	1	1	40b088b1edcd4a67b088b1edcd9a677b	1784788188999681689	1784788189539392744	200	blocking_activation_received	not_applicable	
reusable-concurrency	measured	1024	146	146	1	1	b8d160ee14c841099160ee14c841095f	1784788189235394451	1784788189864991254	200	blocking_activation_received	not_applicable	
reusable-concurrency	measured	1024	147	147	1	1	d7c686913b864b458686913b86cb45c2	1784788189303073178	1784788189932713710	200	blocking_activation_received	not_applicable	
reusable-concurrency	measured	1024	148	148	1	1	bfc9169de883467689169de883767651	1784788189766943586	1784788190348177342	200	blocking_activation_received	not_applicable	
reusable-concurrency	measured	1024	149	149	1	1	b768f2539772432da8f2539772f32d99	1784788189876882703	1784788190406358859	200	blocking_activation_received	not_applicable	
reusable-concurrency	measured	1024	150	150	1	1	7c735321a5fe4b91b35321a5fe4b913d	1784788189945388745	1784788190445547308	200	blocking_activation_received	not_applicable	
reusable-concurrency	measured	1024	151	151	1	1	829443c1d2f249e29443c1d2f279e280	1784788190369489280	1784788190926327480	200	blocking_activation_received	not_applicable	
reusable-concurrency	measured	1024	152	152	1	1	e0e6f3e9b12d49ffa6f3e9b12d49ff0e	1784788190427166427	1784788190966795208	200	blocking_activation_received	not_applicable	
reusable-concurrency	measured	1024	153	153	1	1	cbc694d79cbe413b8694d79cbe113bda	1784788190480316475	1784788191086030651	200	blocking_activation_received	not_applicable	
reusable-concurrency	measured	1024	154	154	1	1	3b785e2b36d34b31b85e2b36d36b3147	1784788191159619183	1784788191724206142	200	blocking_activation_received	not_applicable	
reusable-concurrency	measured	1024	155	155	1	1	05e81af6ba3742fca81af6ba37f2fc1c	1784788191254212547	1784788191822071861	200	blocking_activation_received	not_applicable	
reusable-concurrency	measured	1024	156	156	1	1	835166f123c8478b9166f123c8e78bc2	1784788191344353048	1784788191903280758	200	blocking_activation_received	not_applicable	
reusable-concurrency	measured	1024	157	157	1	1	84dc792618de404d9c792618dea04d21	1784788191736040034	1784788192255387223	200	blocking_activation_received	not_applicable	
reusable-concurrency	measured	1024	158	158	1	1	c32e10e17b7f446cae10e17b7f646c68	1784788192042832274	1784788192587642781	200	blocking_activation_received	not_applicable	
reusable-concurrency	measured	1024	159	159	1	1	44e36c2e6b974d7aa36c2e6b97cd7a78	1784788192127300470	1784788192684721799	200	blocking_activation_received	not_applicable	
reusable-concurrency	measured	1024	160	160	1	1	61e9633261d1478da9633261d1178dcd	1784788192478730163	1784788193043904410	200	blocking_activation_received	not_applicable	
reusable-concurrency	measured	1024	161	161	1	1	489832c8604745419832c86047054175	1784788192697330976	1784788193285268032	200	blocking_activation_received	not_applicable	
reusable-concurrency	measured	1024	162	162	1	1	d16148523c06489ca148523c06489c0b	1784788192824967656	1784788193386002548	200	blocking_activation_received	not_applicable	
reusable-concurrency	measured	1024	163	163	1	1	7905bf449303415785bf4493037157c9	1784788193058262573	1784788193633821092	200	blocking_activation_received	not_applicable	
reusable-concurrency	measured	1024	164	164	1	1	13f1a5b80ae841f8b1a5b80ae881f8b4	1784788193298554633	1784788193880492309	200	blocking_activation_received	not_applicable	
reusable-concurrency	measured	1024	165	165	1	1	5366f99f515345e3a6f99f515365e37e	1784788193400888606	1784788193991676162	200	blocking_activation_received	not_applicable	
reusable-concurrency	measured	1024	166	166	1	1	d0402b34c86547d6802b34c86547d692	1784788193853575689	1784788194418325854	200	blocking_activation_received	not_applicable	
reusable-concurrency	measured	1024	167	167	1	1	aefb700179ad4de8bb700179ad4de86c	1784788194010272214	1784788194649157148	200	blocking_activation_received	not_applicable	
reusable-concurrency	measured	1024	168	168	1	1	84a90c76ded24b1aa90c76ded28b1a10	1784788194147445840	1784788194699931000	200	blocking_activation_received	not_applicable	
reusable-concurrency	measured	1024	169	169	1	1	150f918287f2470e8f918287f2270e29	1784788194431897606	1784788195044130613	200	blocking_activation_received	not_applicable	
reusable-concurrency	measured	1024	170	170	1	1	83feb31ba9e8447cbeb31ba9e8647c8f	1784788194664964785	1784788195327099924	200	blocking_activation_received	not_applicable	
reusable-concurrency	measured	1024	171	171	1	1	fe9e17aa35b044f29e17aa35b024f243	1784788194747127811	1784788195329017756	200	blocking_activation_received	not_applicable	
reusable-concurrency	measured	1024	172	172	1	1	cc0c5c9626d54de98c5c9626d50de90e	1784788195275292176	1784788195826932304	200	blocking_activation_received	not_applicable	
reusable-concurrency	measured	1024	173	173	1	1	fdbfba7f8b944270bfba7f8b94e27054	1784788195395137460	1784788196015009870	200	blocking_activation_received	not_applicable	
reusable-concurrency	measured	1024	174	174	1	1	1ee8d98348d34c8aa8d98348d3ec8af9	1784788195650591774	1784788196231678819	200	blocking_activation_received	not_applicable	
reusable-concurrency	measured	1024	175	175	1	1	cb6a01f4b249457caa01f4b249957c3a	1784788196028058892	1784788196554628397	200	blocking_activation_received	not_applicable	
reusable-concurrency	measured	1024	176	176	1	1	206151eb18d44f79a151eb18d40f795c	1784788196076686463	1784788196682503309	200	blocking_activation_received	not_applicable	
reusable-concurrency	measured	1024	177	177	1	1	027afb6141684ba4bafb6141686ba47e	1784788196255551601	1784788196834979643	200	blocking_activation_received	not_applicable	
reusable-concurrency	measured	1024	178	178	1	1	f00ed00589474e8d8ed00589472e8d16	1784788196783625490	1784788197320902202	200	blocking_activation_received	not_applicable	
reusable-concurrency	measured	1024	179	179	1	1	7e196606312145979966063121559711	1784788196862692601	1784788197437614578	200	blocking_activation_received	not_applicable	
reusable-concurrency	measured	1024	180	180	1	1	31875a3535ab4bc2875a3535ab1bc285	1784788196925788548	1784788197558003313	200	blocking_activation_received	not_applicable	
reusable-concurrency	measured	1024	181	181	1	1	c3cb3fcb9a744ff48b3fcb9a747ff4d2	1784788197551381391	1784788198015428454	200	blocking_activation_received	not_applicable	
reusable-concurrency	measured	1024	182	182	1	1	e6c66205807d43b2866205807d13b2dc	1784788197663680584	1784788198236947316	200	blocking_activation_received	not_applicable	
reusable-concurrency	measured	1024	183	183	1	1	ae724b3986aa48adb24b3986aae8ad23	1784788197805289782	1784788198368332505	200	blocking_activation_received	not_applicable	
reusable-concurrency	measured	1024	184	184	1	1	3e6eabdd382e4425aeabdd382e942549	1784788198029169865	1784788198563049452	200	blocking_activation_received	not_applicable	
reusable-concurrency	measured	1024	185	185	1	1	cd1190a2ba4b40709190a2ba4b407004	1784788198246937175	1784788198830312122	200	blocking_activation_received	not_applicable	
reusable-concurrency	measured	1024	186	186	1	1	a6434e1373e44de0834e1373e4bde04c	1784788198379105109	1784788198954060552	200	blocking_activation_received	not_applicable	
reusable-concurrency	measured	1024	187	187	1	1	810e938a7f584e148e938a7f58ee142f	1784788198574088731	1784788199106261266	200	blocking_activation_received	not_applicable	
reusable-concurrency	measured	1024	188	188	1	1	ac9792bb9a1b4c9a9792bb9a1b6c9afe	1784788198843532489	1784788199467666077	200	blocking_activation_received	not_applicable	
reusable-concurrency	measured	1024	189	189	1	1	bc8bc70c6ea54d348bc70c6ea59d342a	1784788198969717525	1784788199551852272	200	blocking_activation_received	not_applicable	
reusable-concurrency	measured	1024	190	190	1	1	22821b16cbff4795821b16cbff679573	1784788199116796605	1784788199652986449	200	blocking_activation_received	not_applicable	
reusable-concurrency	measured	1024	191	191	1	1	30b767ce391b4780b767ce391ba7800a	1784788199573767725	1784788200183929666	200	blocking_activation_received	not_applicable	
reusable-concurrency	measured	1024	192	192	1	1	3b64ef71d95941d6a4ef71d95941d6f5	1784788199701664206	1784788200270152671	200	blocking_activation_received	not_applicable	
reusable-concurrency	measured	1024	193	193	1	1	cb1960f7aeb5427b9960f7aeb5d27b8f	1784788199886876632	1784788200488711314	200	blocking_activation_received	not_applicable	
reusable-concurrency	measured	1024	194	194	1	1	e4db8af365bd4a449b8af365bdfa446b	1784788200193886181	1784788200748612962	200	blocking_activation_received	not_applicable	
reusable-concurrency	measured	1024	195	195	1	1	bf9b6af4448044459b6af44480e44585	1784788200284604152	1784788200833194706	200	blocking_activation_received	not_applicable	
reusable-concurrency	measured	1024	196	196	1	1	963ce6ca513c459ebce6ca513c759e4d	1784788200712806388	1784788201287472765	200	blocking_activation_received	not_applicable	
reusable-concurrency	measured	1024	197	197	1	1	e3ffd2e3018f4987bfd2e3018f698725	1784788200801931752	1784788201428111710	200	blocking_activation_received	not_applicable	
reusable-concurrency	measured	1024	198	198	1	1	eb9fa0b209fe48719fa0b209feb8719c	1784788200870257918	1784788201395136847	200	blocking_activation_received	not_applicable	
reusable-concurrency	measured	1024	199	199	1	1	d171930a26424b7fb1930a26420b7f89	1784788201299814583	1784788201884284956	200	blocking_activation_received	not_applicable	
reusable-concurrency	measured	1024	200	200	1	1	69f0215fcfa24b97b0215fcfa27b97d4	1784788201620390433	1784788202141354795	200	blocking_activation_received	not_applicable	
reusable-concurrency	measured	1024	201	201	1	1	33b34d0d922c4759b34d0d922c37590c	1784788201679437824	1784788202247269899	200	blocking_activation_received	not_applicable	
reusable-concurrency	measured	1024	202	202	1	1	ca2f98480ac247d8af98480ac217d80c	1784788201903692649	1784788202485317788	200	blocking_activation_received	not_applicable	
reusable-concurrency	measured	1024	203	203	1	1	52d0cf379b3948d590cf379b3958d511	1784788202364282389	1784788202894744824	200	blocking_activation_received	not_applicable	
reusable-concurrency	measured	1024	204	204	1	1	e406a3c4477b4e7d86a3c4477bde7d42	1784788202465603201	1784788203090137261	200	blocking_activation_received	not_applicable	
reusable-concurrency	measured	1024	205	205	1	1	d090eb951bef4ce390eb951bef7ce383	1784788202540289778	1784788203152870028	200	blocking_activation_received	not_applicable	
reusable-concurrency	measured	1024	206	206	1	1	c88092c5e7a34aa18092c5e7a37aa170	1784788202908079854	1784788203480982564	200	blocking_activation_received	not_applicable	
reusable-concurrency	measured	1024	207	207	1	1	2b5950677ac046319950677ac0d631af	1784788203101424521	1784788203712377904	200	blocking_activation_received	not_applicable	
reusable-concurrency	measured	1024	208	208	1	1	1b6fff809eed4ceaafff809eed0ceaeb	1784788203229870189	1784788203817550066	200	blocking_activation_received	not_applicable	
reusable-concurrency	measured	1024	209	209	1	1	24052592e00b4221852592e00bb221a5	1784788203705666961	1784788204254577880	200	blocking_activation_received	not_applicable	
reusable-concurrency	measured	1024	210	210	1	1	9e86d8025b27464186d8025b27a6418c	1784788203774321634	1784788204337952937	200	blocking_activation_received	not_applicable	
reusable-concurrency	measured	1024	211	211	1	1	94cbe2f933b4405c8be2f933b4005c7d	1784788203853463216	1784788204448649348	200	blocking_activation_received	not_applicable	
reusable-concurrency	measured	1024	212	212	1	1	881136e914664dc79136e914665dc725	1784788204273047197	1784788204801564822	200	blocking_activation_received	not_applicable	
reusable-concurrency	measured	1024	213	213	1	1	08c26a13e22b4065826a13e22bf065d0	1784788204383479813	1784788205006353283	200	blocking_activation_received	not_applicable	
reusable-concurrency	measured	1024	214	214	1	1	0c9372301c08499a9372301c08699a78	1784788204464649154	1784788204946836913	200	blocking_activation_received	not_applicable	
reusable-concurrency	measured	1024	215	215	1	1	2068e4aebe494120a8e4aebe49a12052	1784788205031957589	1784788205569903779	200	blocking_activation_received	not_applicable	
reusable-concurrency	measured	1024	216	216	1	1	5f024f749a72497f824f749a72497fc9	1784788205165467156	1784788205720504672	200	blocking_activation_received	not_applicable	
reusable-concurrency	measured	1024	217	217	1	1	4245638f9b874e2885638f9b87be2876	1784788205241102501	1784788205794404796	200	blocking_activation_received	not_applicable	
reusable-concurrency	measured	1024	218	218	1	1	1b5a82e9ba734e1b9a82e9ba731e1b95	1784788205736261144	1784788206316863130	200	blocking_activation_received	not_applicable	
reusable-concurrency	measured	1024	219	219	1	1	5f81e4eb51c74a5981e4eb51c71a5988	1784788205814484854	1784788206375783772	200	blocking_activation_received	not_applicable	
reusable-concurrency	measured	1024	220	220	1	1	fa5f0fbc53494df99f0fbc53492df9f2	1784788205814921798	1784788206395711983	200	blocking_activation_received	not_applicable	
reusable-concurrency	measured	1024	221	221	1	1	956f0eb7d0de4465af0eb7d0ded465b2	1784788206403009162	1784788206951118086	200	blocking_activation_received	not_applicable	
reusable-concurrency	measured	1024	222	222	1	1	6dabcedcd8c042d1abcedcd8c002d16f	1784788206543797344	1784788207030836211	200	blocking_activation_received	not_applicable	
reusable-concurrency	measured	1024	223	223	1	1	d1dfda9c90fa49a79fda9c90fa19a736	1784788206641336594	1784788207238217031	200	blocking_activation_received	not_applicable	
reusable-concurrency	measured	1024	224	224	1	1	046eb55351c04c27aeb55351c02c2700	1784788206969325813	1784788207566480524	200	blocking_activation_received	not_applicable	
reusable-concurrency	measured	1024	225	225	1	1	3cb475b698f5452fb475b698f5452f32	1784788207066036878	1784788207643836654	200	blocking_activation_received	not_applicable	
reusable-concurrency	measured	1024	226	226	1	1	f3c8bcd9c31b4bc588bcd9c31b5bc54c	1784788207252888449	1784788207726051908	200	blocking_activation_received	not_applicable	
reusable-concurrency	measured	1024	227	227	1	1	3282ce3dea6a46cf82ce3dea6a86cf67	1784788207578375391	1784788208097871278	200	blocking_activation_received	not_applicable	
reusable-concurrency	measured	1024	228	228	1	1	76454783c2df4bc2854783c2dfdbc258	1784788207661841498	1784788208193438305	200	blocking_activation_received	not_applicable	
reusable-concurrency	measured	1024	229	229	1	1	7050d6f09a99451290d6f09a999512b3	1784788207964759503	1784788208617269135	200	blocking_activation_received	not_applicable	
reusable-concurrency	measured	1024	230	230	1	1	af7698af51f74135b698af51f7113515	1784788208112291883	1784788208654100535	200	blocking_activation_received	not_applicable	
reusable-concurrency	measured	1024	231	231	1	1	eb3c64f681d94d3bbc64f681d9ed3bc5	1784788208218770570	1784788208756627829	200	blocking_activation_received	not_applicable	
reusable-concurrency	measured	1024	232	232	1	1	98c43e78b26f444c843e78b26fb44c2c	1784788208636909651	1784788209192139131	200	blocking_activation_received	not_applicable	
reusable-concurrency	measured	1024	233	233	1	1	669cdf5fd9a942569cdf5fd9a9325676	1784788208781536944	1784788209332995963	200	blocking_activation_received	not_applicable	
reusable-concurrency	measured	1024	234	234	1	1	da0dd4d329ce42658dd4d329cef26542	1784788209013871821	1784788209603752031	200	blocking_activation_received	not_applicable	
reusable-concurrency	measured	1024	235	235	1	1	2f7e96dc0e4e4a23be96dc0e4e5a2335	1784788209218448428	1784788209769366317	200	blocking_activation_received	not_applicable	
reusable-concurrency	measured	1024	236	236	1	1	8f9bbedcc7934ba39bbedcc7932ba3b7	1784788209354283933	1784788209913737294	200	blocking_activation_received	not_applicable	
reusable-concurrency	measured	1024	237	237	1	1	eeeeeb9aa5674786aeeb9aa567778675	1784788209613272979	1784788210326643293	200	blocking_activation_received	not_applicable	
reusable-concurrency	measured	1024	238	238	1	1	addf4966bb5d49079f4966bb5d590766	1784788209785349650	1784788210360253577	200	blocking_activation_received	not_applicable	
reusable-concurrency	measured	1024	239	239	1	1	65fbda38eb0a4f11bbda38eb0a1f11fd	1784788209933412096	1784788210620440732	200	blocking_activation_received	not_applicable	
reusable-concurrency	measured	1024	240	240	1	1	6777ebe429854795b7ebe429853795ab	1784788210345861683	1784788210797260816	200	blocking_activation_received	not_applicable	
reusable-concurrency	measured	1024	241	241	1	1	8e860220ba9846b0860220ba9806b0f6	1784788210442002918	1784788211039421173	200	blocking_activation_received	not_applicable	
reusable-concurrency	measured	1024	242	242	1	1	29967fa653424211967fa65342021188	1784788210629386781	1784788211166493606	200	blocking_activation_received	not_applicable	
reusable-concurrency	measured	1024	243	243	1	1	4a51cd6691fa482a91cd6691faf82a65	1784788210807448235	1784788211386177700	200	blocking_activation_received	not_applicable	
reusable-concurrency	measured	1024	244	244	1	1	a97aed5cdc0c4440baed5cdc0c3440f3	1784788211050005891	1784788211634711776	200	blocking_activation_received	not_applicable	
reusable-concurrency	measured	1024	245	245	1	1	63a51f82037d483aa51f82037d183ad9	1784788211174972771	1784788211759417491	200	blocking_activation_received	not_applicable	
reusable-concurrency	measured	1024	246	246	1	1	93f9dbe24e164819b9dbe24e1688196f	1784788211607340632	1784788212136061850	200	blocking_activation_received	not_applicable	
reusable-concurrency	measured	1024	247	247	1	1	545e8e9bcb7a40f49e8e9bcb7a80f406	1784788211691604642	1784788212271078564	200	blocking_activation_received	not_applicable	
reusable-concurrency	measured	1024	248	248	1	1	f6e8f850b87748eba8f850b87778eb14	1784788211778672300	1784788212365944216	200	blocking_activation_received	not_applicable	
reusable-concurrency	measured	1024	249	249	1	1	062e149d3cf14e66ae149d3cf1de6683	1784788212156570815	1784788212641987848	200	blocking_activation_received	not_applicable	
reusable-concurrency	measured	1024	250	250	1	1	ef5fbba3127642109fbba3127642102e	1784788212282408292	1784788212885761855	200	blocking_activation_received	not_applicable	
reusable-concurrency	measured	1024	251	251	1	1	868f5ddd12d4421e8f5ddd12d4e21e56	1784788212383119945	1784788212973836572	200	blocking_activation_received	not_applicable	
reusable-concurrency	measured	1024	252	252	1	1	e25a6980abcf45069a6980abcf35067d	1784788212657424874	1784788213181968846	200	blocking_activation_received	not_applicable	
reusable-concurrency	measured	1024	253	253	1	1	166279202512420fa279202512820fe4	1784788212901706249	1784788213511040180	200	blocking_activation_received	not_applicable	
reusable-concurrency	measured	1024	254	254	1	1	1451cf96ac15413991cf96ac154139a7	1784788213018375267	1784788213631610607	200	blocking_activation_received	not_applicable	
reusable-concurrency	measured	1024	255	255	1	1	6d3b7b9566a64c1dbb7b9566a67c1d1c	1784788213197728248	1784788213728506894	200	blocking_activation_received	not_applicable	
reusable-concurrency	measured	1024	256	256	1	1	b5532a77e9944fe3932a77e9940fe3d5	1784788213521063029	1784788214102205898	200	blocking_activation_received	not_applicable	
reusable-concurrency	measured	1024	257	257	1	1	2e7a9771c3e14339ba9771c3e1433972	1784788213641595493	1784788214222096057	200	blocking_activation_received	not_applicable	
reusable-concurrency	measured	1024	258	258	1	1	db0586eb6e814f928586eb6e819f9253	1784788213736896005	1784788214241893634	200	blocking_activation_received	not_applicable	
reusable-concurrency	measured	1024	259	259	1	1	427bdf16cccf412abbdf16cccf912a0e	1784788214114659860	1784788214634580380	200	blocking_activation_received	not_applicable	
reusable-concurrency	measured	1024	260	260	1	1	772e3a5357d74a4eae3a5357d79a4e8c	1784788214234449880	1784788214838914596	200	blocking_activation_received	not_applicable	
reusable-concurrency	measured	1024	261	261	1	1	82a8b6e9973947cda8b6e9973947cdf3	1784788214487275705	1784788215088535621	200	blocking_activation_received	not_applicable	
reusable-concurrency	measured	1024	262	262	1	1	21c12de59bb74214812de59bb7121486	1784788214645769004	1784788215230932069	200	blocking_activation_received	not_applicable	
reusable-concurrency	measured	1024	263	263	1	1	716669d9b8d8485fa669d9b8d8685fe1	1784788214856014374	1784788215326418047	200	blocking_activation_received	not_applicable	
reusable-concurrency	measured	1024	264	264	1	1	b99332cb8367403d9332cb8367703d15	1784788215101698349	1784788215740056812	200	blocking_activation_received	not_applicable	
reusable-concurrency	measured	1024	265	265	1	1	9dabf7b94f3a45f9abf7b94f3a95f99d	1784788215253032769	1784788215856129304	200	blocking_activation_received	not_applicable	
reusable-concurrency	measured	1024	266	266	1	1	ff5e938034774a6d9e938034777a6d8b	1784788215339488850	1784788215876167851	200	blocking_activation_received	not_applicable	
reusable-concurrency	measured	1024	267	267	1	1	978b85df6fd240aa8b85df6fd240aa91	1784788215755744067	1784788216359785133	200	blocking_activation_received	not_applicable	
reusable-concurrency	measured	1024	268	268	1	1	2ad1bc9012924b7791bc9012920b77c8	1784788215903261036	1784788216455211545	200	blocking_activation_received	not_applicable	
reusable-concurrency	measured	1024	269	269	1	1	32fd6d1cb9ef471bbd6d1cb9ef371b90	1784788216092356239	1784788216641257147	200	blocking_activation_received	not_applicable	
reusable-concurrency	measured	1024	270	270	1	1	61f2b006a9674447b2b006a9673447a6	1784788216375589880	1784788216957501639	200	blocking_activation_received	not_applicable	
reusable-concurrency	measured	1024	271	271	1	1	8f5b856061f64ab69b856061f65ab66d	1784788216501270867	1784788217040451419	200	blocking_activation_received	not_applicable	
reusable-concurrency	measured	1024	272	272	1	1	e7ecbc049af145deacbc049af1e5de18	1784788216865125013	1784788217431502655	200	blocking_activation_received	not_applicable	
reusable-concurrency	measured	1024	273	273	1	1	85d5f29f0d3a447b95f29f0d3ad47bc5	1784788216967974152	1784788217517805161	200	blocking_activation_received	not_applicable	
reusable-concurrency	measured	1024	274	274	1	1	a83e591b68d44ebebe591b68d42ebe2a	1784788217073351986	1784788217685890218	200	blocking_activation_received	not_applicable	
reusable-concurrency	measured	1024	275	275	1	1	cf25bc384bef45eba5bc384bef25ebf9	1784788217656418761	1784788218202799046	200	blocking_activation_received	not_applicable	
reusable-concurrency	measured	1024	276	276	1	1	22284bf1ebf5446fa84bf1ebf5146f05	1784788217761088309	1784788218483500121	200	blocking_activation_received	not_applicable	
reusable-concurrency	measured	1024	277	277	1	1	24530449a4d64a76930449a4d6aa7636	1784788217762084035	1784788218316149285	200	blocking_activation_received	not_applicable	
reusable-concurrency	measured	1024	278	278	1	1	652492b667434e64a492b66743fe6441	1784788218213291336	1784788218754979750	200	blocking_activation_received	not_applicable	
reusable-concurrency	measured	1024	279	279	1	1	936a3a9f00194c63aa3a9f0019fc6357	1784788218547338605	1784788219082231065	200	blocking_activation_received	not_applicable	
reusable-concurrency	measured	1024	280	280	1	1	435cdeb88df648039cdeb88df6c8034b	1784788218703806711	1784788219247614484	200	blocking_activation_received	not_applicable	
reusable-concurrency	measured	1024	281	281	1	1	9f0a3a9cdd7d468b8a3a9cdd7d068b78	1784788218785947212	1784788219348714141	200	blocking_activation_received	not_applicable	
reusable-concurrency	measured	1024	282	282	1	1	8bdaf1820aad408a9af1820aadd08a54	1784788219091998783	1784788219629477164	200	blocking_activation_received	not_applicable	
reusable-concurrency	measured	1024	283	283	1	1	eae9b36ba1c048b5a9b36ba1c0d8b53f	1784788219273627661	1784788219823127175	200	blocking_activation_received	not_applicable	
reusable-concurrency	measured	1024	284	284	1	1	8f8fe7ce2f284c008fe7ce2f28fc005b	1784788219358952976	1784788219926741278	200	blocking_activation_received	not_applicable	
reusable-concurrency	measured	1024	285	285	1	1	c657fbb101724a6f97fbb10172ba6fec	1784788219644504756	1784788220187660534	200	blocking_activation_received	not_applicable	
reusable-concurrency	measured	1024	286	286	1	1	bb0c1a96d56b44038c1a96d56b040348	1784788220047569535	1784788220597307225	200	blocking_activation_received	not_applicable	
reusable-concurrency	measured	1024	287	287	1	1	7aa31de85a3f4777a31de85a3fa77774	1784788220148125962	1784788220704350419	200	blocking_activation_received	not_applicable	
reusable-concurrency	measured	1024	288	288	1	1	feba730817fa4e97ba730817fa8e9715	1784788220248758245	1784788220767149807	200	blocking_activation_received	not_applicable	
reusable-concurrency	measured	1024	289	289	1	1	05898f269ab34219898f269ab3c219b4	1784788220617117162	1784788221107591615	200	blocking_activation_received	not_applicable	
reusable-concurrency	measured	1024	290	290	1	1	0b9eeab8e93347899eeab8e933978929	1784788220721238537	1784788221424221795	200	blocking_activation_received	not_applicable	
reusable-concurrency	measured	1024	291	291	1	1	ce2083684e764b20a083684e761b20cb	1784788220999351196	1784788221528948308	200	blocking_activation_received	not_applicable	
reusable-concurrency	measured	1024	292	292	1	1	247ed5fa075f44edbed5fa075fa4ed6a	1784788221120824570	1784788221765972613	200	blocking_activation_received	not_applicable	
reusable-concurrency	measured	1024	293	293	1	1	cc1e7f6d2bea484d9e7f6d2bea084d66	1784788221647467604	1784788222187787035	200	blocking_activation_received	not_applicable	
reusable-concurrency	measured	1024	294	294	1	1	29e4096d3d9a41c8a4096d3d9a21c836	1784788221755061488	1784788222337015421	200	blocking_activation_received	not_applicable	
reusable-concurrency	measured	1024	295	295	1	1	7554d1317ceb47e594d1317ceb27e51e	1784788221840057041	1784788222429687998	200	blocking_activation_received	not_applicable	
reusable-concurrency	measured	1024	296	296	1	1	410bba48cea348418bba48cea3f84162	1784788222198137544	1784788222717953895	200	blocking_activation_received	not_applicable	
reusable-concurrency	measured	1024	297	297	1	1	621d8f0158e34e2a9d8f0158e3ee2ae0	1784788222352253463	1784788222995746708	200	blocking_activation_received	not_applicable	
reusable-concurrency	measured	1024	298	298	1	1	c01b6b4df2b340659b6b4df2b34065bf	1784788222462614820	1784788223085747215	200	blocking_activation_received	not_applicable	
reusable-concurrency	measured	1024	299	299	1	1	9b6f5971d66e450aaf5971d66ef50af5	1784788222950701723	1784788223542318852	200	blocking_activation_received	not_applicable	
reusable-concurrency	measured	1024	300	300	1	1	17e342dec76c4e5ba342dec76c3e5ba2	1784788223059845167	1784788223718068735	200	blocking_activation_received	not_applicable	
