source_round	source_collection	profile	artifact_size_bytes	fresh_group	lifecycle	warm_followup_index	logical_request_id	activation_id	action_fqen	action_revision	action_identity_sha256	terminal_success	activation_get_status	store_evidence_status	expected_rid	actual_rid	rid_status	decrypt_status	workload_status	request_payload_bytes	request_payload_sha256	payload_evidence_status	container_hostname	target_binding_id	scheduler_operation	scheduler_warmed	gateway_code_status	gateway_input_status	gateway_result_count	fresh_placement_eligible	warm_reuse_eligible	analysis_eligible	quality_reason	measurement_sequence	activation_attempt_count	queue_endpoint_prediction_retry_count	client_start_unix_ns	client_end_unix_ns	client_elapsed_ms	activation_duration_ms	raw_wasm_bytes	raw_wasm_sha256	code_envelope_bytes	code_envelope_payload_length	upload_elapsed_ms	c_out_bytes	ct_bytes	gateway_code_queue_wait_ns	gateway_code_service_ns	action_fetch_duration_ns	action_fetch_status	runtime_init_duration_ns	runtime_init_status	function_key_decap_duration_ns	cfunc_aes_gcm_duration_ns	wasm_load_duration_ns	wasm_instantiate_duration_ns	input_key_decap_duration_ns	input_aes_gcm_duration_ns	workload_core_duration_ns	output_kem_duration_ns	output_aes_gcm_duration_ns	outer_execution_duration_ns	target_code_decrypt_duration_cycles	target_code_decrypt_status	phase_evidence_status
374	374_c2-reusable-concurrency-16m-child-g001-g004	reusable-concurrency	16777216	1	fresh_first_use	0	s16777216-g001-fresh	f2fa68ec0f0b4fb3ba68ec0f0b0fb324	/guest/c2-reusable-16m-r374-g001-g004	0.0.1@1785077326622	e388fbf71c351e9efa71f91b01990aad5a20860a7973313aff040a46e64d90a9	true	200	present	64a6a5f8dd7868b37046aca436220a746ca71d0855b712fb5850415f98249c9f	64a6a5f8dd7868b37046aca436220a746ca71d0855b712fb5850415f98249c9f	match	ok	match	1024	34b059c2ead4f813a03fde62d32a81cd42dc6c6a8dbf9325c00af66eff16e38d	prepared_and_gateway_input_present	target-binding:84	84	CODE_INPUT	false	present	present	0	true	false	true	ok	1	2	1	1785077330222109410	1785077352338570687	22116.461277	1068	16777216	b1dc941544c55bbfd4f0474ce4233da7f19d101354f9a5c4eb9d2e871eb994c4	16777292	16777216	5450.162367	573	65	15983	63718883		unavailable_no_direct_event		unavailable_no_direct_event							50421623			50868900	138355595	direct_event_complete	partial_with_explicit_unavailable
374	374_c2-reusable-concurrency-16m-child-g001-g004	reusable-concurrency	16777216	1	warm_followup	1	s16777216-g001-warm1	1cfc22a273374808bc22a27337180803	/guest/c2-reusable-16m-r374-g001-g004	0.0.1@1785077326622	e388fbf71c351e9efa71f91b01990aad5a20860a7973313aff040a46e64d90a9	true	200	present	fdc045162fcfa58af3429f565a78a87098aa3684d45c90e1afe93f139407b2d9	fdc045162fcfa58af3429f565a78a87098aa3684d45c90e1afe93f139407b2d9	match	ok	match	1024	34b059c2ead4f813a03fde62d32a81cd42dc6c6a8dbf9325c00af66eff16e38d	prepared_and_gateway_input_present	target-binding:84	84	INPUT	true	not_expected	present	0	false	true	true	ok	2	1	0	1785077352405231292	1785077352576039392	170.8081	84	16777216	b1dc941544c55bbfd4f0474ce4233da7f19d101354f9a5c4eb9d2e871eb994c4	16777292	16777216	5450.162367	573	65				unavailable_no_direct_event		unavailable_no_direct_event							50120513			53427187		not_expected_warm	partial_with_explicit_unavailable
374	374_c2-reusable-concurrency-16m-child-g001-g004	reusable-concurrency	16777216	1	warm_followup	2	s16777216-g001-warm2	993c12474fa14625bc12474fa1162580	/guest/c2-reusable-16m-r374-g001-g004	0.0.1@1785077326622	e388fbf71c351e9efa71f91b01990aad5a20860a7973313aff040a46e64d90a9	true	200	present	4aecacdc2ef1af6bcb7970278b43639a0ac95579911c0a511e1ba2be1e5c9b7c	4aecacdc2ef1af6bcb7970278b43639a0ac95579911c0a511e1ba2be1e5c9b7c	match	ok	match	1024	34b059c2ead4f813a03fde62d32a81cd42dc6c6a8dbf9325c00af66eff16e38d	prepared_and_gateway_input_present	target-binding:84	84	INPUT	true	not_expected	present	0	false	true	true	ok	3	1	0	1785077352629892717	1785077352782715684	152.822967	84	16777216	b1dc941544c55bbfd4f0474ce4233da7f19d101354f9a5c4eb9d2e871eb994c4	16777292	16777216	5450.162367	573	65				unavailable_no_direct_event		unavailable_no_direct_event							50750195			51290325		not_expected_warm	partial_with_explicit_unavailable
374	374_c2-reusable-concurrency-16m-child-g001-g004	reusable-concurrency	16777216	1	warm_followup	3	s16777216-g001-warm3	8a4fdeaf09a04bc58fdeaf09a0dbc5cb	/guest/c2-reusable-16m-r374-g001-g004	0.0.1@1785077326622	e388fbf71c351e9efa71f91b01990aad5a20860a7973313aff040a46e64d90a9	true	200	present	57927943feb576ea63de81f6d8b2cfeeb8f68b8c940b59df90ab8dc2b77f8768	57927943feb576ea63de81f6d8b2cfeeb8f68b8c940b59df90ab8dc2b77f8768	match	ok	match	1024	34b059c2ead4f813a03fde62d32a81cd42dc6c6a8dbf9325c00af66eff16e38d	prepared_and_gateway_input_present	target-binding:84	84	INPUT	true	not_expected	present	0	false	true	true	ok	4	1	0	1785077353086079408	1785077353221513704	135.434296	91	16777216	b1dc941544c55bbfd4f0474ce4233da7f19d101354f9a5c4eb9d2e871eb994c4	16777292	16777216	5450.162367	573	65				unavailable_no_direct_event		unavailable_no_direct_event							50606764			51099085		not_expected_warm	partial_with_explicit_unavailable
374	374_c2-reusable-concurrency-16m-child-g001-g004	reusable-concurrency	16777216	1	warm_followup	4	s16777216-g001-warm4	2ae8423368654e6da842336865de6dd4	/guest/c2-reusable-16m-r374-g001-g004	0.0.1@1785077326622	e388fbf71c351e9efa71f91b01990aad5a20860a7973313aff040a46e64d90a9	true	200	present	b7661444af654068aa4fd6299ccca68d78e7290f9e2fdd431c475b676aa16431	b7661444af654068aa4fd6299ccca68d78e7290f9e2fdd431c475b676aa16431	match	ok	match	1024	34b059c2ead4f813a03fde62d32a81cd42dc6c6a8dbf9325c00af66eff16e38d	prepared_and_gateway_input_present	target-binding:84	84	INPUT	true	not_expected	present	0	false	true	true	ok	5	1	0	1785077353537420024	1785077353671234305	133.814281	90	16777216	b1dc941544c55bbfd4f0474ce4233da7f19d101354f9a5c4eb9d2e871eb994c4	16777292	16777216	5450.162367	573	65				unavailable_no_direct_event		unavailable_no_direct_event							50426266			50939297		not_expected_warm	partial_with_explicit_unavailable
374	374_c2-reusable-concurrency-16m-child-g001-g004	reusable-concurrency	16777216	1	warm_followup	5	s16777216-g001-warm5	8dcbc6b2a26544528bc6b2a265e452b3	/guest/c2-reusable-16m-r374-g001-g004	0.0.1@1785077326622	e388fbf71c351e9efa71f91b01990aad5a20860a7973313aff040a46e64d90a9	true	200	present	69a402e340309f531e8361b75fb227b10ba060fe6ddd7d0b88ca4f44146bf30f	69a402e340309f531e8361b75fb227b10ba060fe6ddd7d0b88ca4f44146bf30f	match	ok	match	1024	34b059c2ead4f813a03fde62d32a81cd42dc6c6a8dbf9325c00af66eff16e38d	prepared_and_gateway_input_present	target-binding:84	84	INPUT	true	not_expected	present	0	false	true	true	ok	6	1	0	1785077353709703731	1785077353837913942	128.210211	87	16777216	b1dc941544c55bbfd4f0474ce4233da7f19d101354f9a5c4eb9d2e871eb994c4	16777292	16777216	5450.162367	573	65				unavailable_no_direct_event		unavailable_no_direct_event							50136535			51726312		not_expected_warm	partial_with_explicit_unavailable
374	374_c2-reusable-concurrency-16m-child-g001-g004	reusable-concurrency	16777216	2	fresh_first_use	0	s16777216-g002-fresh	855ecc36c79a40279ecc36c79a702763	/guest/c2-reusable-16m-r374-g001-g004	0.0.2@1785077355282	e4721f9061604dcbb49d1660d6d3154b31a8be2a8a81a4cb53a1ca16e76d2fbf	true	200	present	6d2233a92b66f2b83f9f09b21b896aeb2c0d856d648cf389eff564caf627885c	6d2233a92b66f2b83f9f09b21b896aeb2c0d856d648cf389eff564caf627885c	match	ok	match	1024	34b059c2ead4f813a03fde62d32a81cd42dc6c6a8dbf9325c00af66eff16e38d	prepared_and_gateway_input_present	target-binding:133	133	CODE_INPUT	false	present	present	0	true	false	true	ok	7	1	0	1785077358525367809	1785077367361659162	8836.291353	1050	16777216	b1dc941544c55bbfd4f0474ce4233da7f19d101354f9a5c4eb9d2e871eb994c4	16777292	16777216	3562.037268	573	65	19731	66690282		unavailable_no_direct_event		unavailable_no_direct_event							50635100			51149733	134788628	direct_event_complete	partial_with_explicit_unavailable
374	374_c2-reusable-concurrency-16m-child-g001-g004	reusable-concurrency	16777216	2	warm_followup	1	s16777216-g002-warm1	29b09cf8ccdd4fb6b09cf8ccddcfb6a2	/guest/c2-reusable-16m-r374-g001-g004	0.0.2@1785077355282	e4721f9061604dcbb49d1660d6d3154b31a8be2a8a81a4cb53a1ca16e76d2fbf	true	200	present	022cc3debc2a18953777c7cc3079249266d2b34176a32315b166808bb22c7ce3	022cc3debc2a18953777c7cc3079249266d2b34176a32315b166808bb22c7ce3	match	ok	match	1024	34b059c2ead4f813a03fde62d32a81cd42dc6c6a8dbf9325c00af66eff16e38d	prepared_and_gateway_input_present	target-binding:133	133	INPUT	true	not_expected	present	0	false	true	true	ok	8	1	0	1785077367706833912	1785077367844023168	137.189256	95	16777216	b1dc941544c55bbfd4f0474ce4233da7f19d101354f9a5c4eb9d2e871eb994c4	16777292	16777216	3562.037268	573	65				unavailable_no_direct_event		unavailable_no_direct_event							50312074			50863074		not_expected_warm	partial_with_explicit_unavailable
374	374_c2-reusable-concurrency-16m-child-g001-g004	reusable-concurrency	16777216	2	warm_followup	2	s16777216-g002-warm2	b907cd20af2f454f87cd20af2fd54f52	/guest/c2-reusable-16m-r374-g001-g004	0.0.2@1785077355282	e4721f9061604dcbb49d1660d6d3154b31a8be2a8a81a4cb53a1ca16e76d2fbf	true	200	present	bfb75a02a0893b39a33719365beb1cce4b8e83e2811f52d36b58f37490179dbb	bfb75a02a0893b39a33719365beb1cce4b8e83e2811f52d36b58f37490179dbb	match	ok	match	1024	34b059c2ead4f813a03fde62d32a81cd42dc6c6a8dbf9325c00af66eff16e38d	prepared_and_gateway_input_present	target-binding:133	133	INPUT	true	not_expected	present	0	false	true	true	ok	9	1	0	1785077368142708119	1785077368278912647	136.204528	97	16777216	b1dc941544c55bbfd4f0474ce4233da7f19d101354f9a5c4eb9d2e871eb994c4	16777292	16777216	3562.037268	573	65				unavailable_no_direct_event		unavailable_no_direct_event							50858254			51408715		not_expected_warm	partial_with_explicit_unavailable
374	374_c2-reusable-concurrency-16m-child-g001-g004	reusable-concurrency	16777216	2	warm_followup	3	s16777216-g002-warm3	807d6d5b33634217bd6d5b33631217b4	/guest/c2-reusable-16m-r374-g001-g004	0.0.2@1785077355282	e4721f9061604dcbb49d1660d6d3154b31a8be2a8a81a4cb53a1ca16e76d2fbf	true	200	present	00bd0f98bb2dbce22f4d2f7e3bc162312900bf9726ed3886ac232962965e2fbd	00bd0f98bb2dbce22f4d2f7e3bc162312900bf9726ed3886ac232962965e2fbd	match	ok	match	1024	34b059c2ead4f813a03fde62d32a81cd42dc6c6a8dbf9325c00af66eff16e38d	prepared_and_gateway_input_present	target-binding:133	133	INPUT	true	not_expected	present	0	false	true	true	ok	10	1	0	1785077368564605605	1785077368696445513	131.839908	88	16777216	b1dc941544c55bbfd4f0474ce4233da7f19d101354f9a5c4eb9d2e871eb994c4	16777292	16777216	3562.037268	573	65				unavailable_no_direct_event		unavailable_no_direct_event							50403825			53120635		not_expected_warm	partial_with_explicit_unavailable
374	374_c2-reusable-concurrency-16m-child-g001-g004	reusable-concurrency	16777216	2	warm_followup	4	s16777216-g002-warm4	edf7e46c009f4a53b7e46c009f9a5320	/guest/c2-reusable-16m-r374-g001-g004	0.0.2@1785077355282	e4721f9061604dcbb49d1660d6d3154b31a8be2a8a81a4cb53a1ca16e76d2fbf	true	200	present	572b0c2d515d8ccea1100f1ed8579e0221a7c3eabce34e6e9d32cdaf527e8697	572b0c2d515d8ccea1100f1ed8579e0221a7c3eabce34e6e9d32cdaf527e8697	match	ok	match	1024	34b059c2ead4f813a03fde62d32a81cd42dc6c6a8dbf9325c00af66eff16e38d	prepared_and_gateway_input_present	target-binding:133	133	INPUT	true	not_expected	present	0	false	true	true	ok	11	1	0	1785077368984757028	1785077369115449896	130.692868	90	16777216	b1dc941544c55bbfd4f0474ce4233da7f19d101354f9a5c4eb9d2e871eb994c4	16777292	16777216	3562.037268	573	65				unavailable_no_direct_event		unavailable_no_direct_event							51673561			52208313		not_expected_warm	partial_with_explicit_unavailable
374	374_c2-reusable-concurrency-16m-child-g001-g004	reusable-concurrency	16777216	2	warm_followup	5	s16777216-g002-warm5	57e6fd8cb18d4abaa6fd8cb18dfabaca	/guest/c2-reusable-16m-r374-g001-g004	0.0.2@1785077355282	e4721f9061604dcbb49d1660d6d3154b31a8be2a8a81a4cb53a1ca16e76d2fbf	true	200	present	e158edf9b0ef78b9b5bde8f5189187163a0782dc5616f4c78885b9317219532b	e158edf9b0ef78b9b5bde8f5189187163a0782dc5616f4c78885b9317219532b	match	ok	match	1024	34b059c2ead4f813a03fde62d32a81cd42dc6c6a8dbf9325c00af66eff16e38d	prepared_and_gateway_input_present	target-binding:133	133	INPUT	true	not_expected	present	0	false	true	true	ok	12	1	0	1785077369146367181	1785077369275118507	128.751326	86	16777216	b1dc941544c55bbfd4f0474ce4233da7f19d101354f9a5c4eb9d2e871eb994c4	16777292	16777216	3562.037268	573	65				unavailable_no_direct_event		unavailable_no_direct_event							51709488			52208417		not_expected_warm	partial_with_explicit_unavailable
375	375_c2-reusable-concurrency-16m-child-g003-g003	reusable-concurrency	16777216	3	fresh_first_use	0	s16777216-g003-fresh	0c793e03529f4c58b93e03529f1c58aa	/guest/c2-reusable-16m-r375-g003-g003	0.0.1@1785085981864	89058ed5bd6f4e9ca9f955d4e74092dda59e44f646f90fd86a5e7b23e4fa6c89	true	200	present	c9ac6dba98c6ba1c6d0a4430c67aa9cfe9052b5aa5b23f9cdf33806155de2018	c9ac6dba98c6ba1c6d0a4430c67aa9cfe9052b5aa5b23f9cdf33806155de2018	match	ok	match	1024	34b059c2ead4f813a03fde62d32a81cd42dc6c6a8dbf9325c00af66eff16e38d	prepared_and_gateway_input_present	target-binding:173	173	CODE_INPUT	false	present	present	0	true	false	true	ok	1	2	1	1785085985318818549	1785086006977950145	21659.131596	1155	16777216	b1dc941544c55bbfd4f0474ce4233da7f19d101354f9a5c4eb9d2e871eb994c4	16777292	16777216	5613.883511	573	65	11429	67965163		unavailable_no_direct_event		unavailable_no_direct_event							51898372			53085383	133004173	direct_event_complete	partial_with_explicit_unavailable
375	375_c2-reusable-concurrency-16m-child-g003-g003	reusable-concurrency	16777216	3	warm_followup	1	s16777216-g003-warm1	e279b55d23b64064b9b55d23b6c06421	/guest/c2-reusable-16m-r375-g003-g003	0.0.1@1785085981864	89058ed5bd6f4e9ca9f955d4e74092dda59e44f646f90fd86a5e7b23e4fa6c89	true	200	present	8906e0176c9e5923780a3622b598387f30d0f0347991603afb171638305f21d1	8906e0176c9e5923780a3622b598387f30d0f0347991603afb171638305f21d1	match	ok	match	1024	34b059c2ead4f813a03fde62d32a81cd42dc6c6a8dbf9325c00af66eff16e38d	prepared_and_gateway_input_present	target-binding:173	173	INPUT	true	not_expected	present	0	false	true	true	ok	2	1	0	1785086007292797472	1785086007465930661	173.133189	85	16777216	b1dc941544c55bbfd4f0474ce4233da7f19d101354f9a5c4eb9d2e871eb994c4	16777292	16777216	5613.883511	573	65				unavailable_no_direct_event		unavailable_no_direct_event							50453483			52537211		not_expected_warm	partial_with_explicit_unavailable
375	375_c2-reusable-concurrency-16m-child-g003-g003	reusable-concurrency	16777216	3	warm_followup	2	s16777216-g003-warm2	6aa93cb3ba95488ba93cb3ba95388b84	/guest/c2-reusable-16m-r375-g003-g003	0.0.1@1785085981864	89058ed5bd6f4e9ca9f955d4e74092dda59e44f646f90fd86a5e7b23e4fa6c89	true	200	present	8aa2e8a3e6c5de7cb9f845cc4d452a13df9001017cfc179d36e27dd35ede3cd9	8aa2e8a3e6c5de7cb9f845cc4d452a13df9001017cfc179d36e27dd35ede3cd9	match	ok	match	1024	34b059c2ead4f813a03fde62d32a81cd42dc6c6a8dbf9325c00af66eff16e38d	prepared_and_gateway_input_present	target-binding:173	173	INPUT	true	not_expected	present	0	false	true	true	ok	3	1	0	1785086007499079721	1785086007631577296	132.497575	80	16777216	b1dc941544c55bbfd4f0474ce4233da7f19d101354f9a5c4eb9d2e871eb994c4	16777292	16777216	5613.883511	573	65				unavailable_no_direct_event		unavailable_no_direct_event							51884269			52454832		not_expected_warm	partial_with_explicit_unavailable
375	375_c2-reusable-concurrency-16m-child-g003-g003	reusable-concurrency	16777216	3	warm_followup	3	s16777216-g003-warm3	6fd2befd0355436592befd0355c365b4	/guest/c2-reusable-16m-r375-g003-g003	0.0.1@1785085981864	89058ed5bd6f4e9ca9f955d4e74092dda59e44f646f90fd86a5e7b23e4fa6c89	true	200	present	75a6872747f44f9432c1f7c27c8838d32726c13139ab54067f7047155c54b140	75a6872747f44f9432c1f7c27c8838d32726c13139ab54067f7047155c54b140	match	ok	match	1024	34b059c2ead4f813a03fde62d32a81cd42dc6c6a8dbf9325c00af66eff16e38d	prepared_and_gateway_input_present	target-binding:173	173	INPUT	true	not_expected	present	0	false	true	true	ok	4	1	0	1785086007945191465	1785086008095002633	149.811168	106	16777216	b1dc941544c55bbfd4f0474ce4233da7f19d101354f9a5c4eb9d2e871eb994c4	16777292	16777216	5613.883511	573	65				unavailable_no_direct_event		unavailable_no_direct_event							51121836			51620620		not_expected_warm	partial_with_explicit_unavailable
375	375_c2-reusable-concurrency-16m-child-g003-g003	reusable-concurrency	16777216	3	warm_followup	4	s16777216-g003-warm4	3154b4d7c4ca4df494b4d7c4caedf451	/guest/c2-reusable-16m-r375-g003-g003	0.0.1@1785085981864	89058ed5bd6f4e9ca9f955d4e74092dda59e44f646f90fd86a5e7b23e4fa6c89	true	200	present	fbdfa9ea581bfd8834706bbf5e22597d6933f6651b1b83aa84328e4fa9228eff	fbdfa9ea581bfd8834706bbf5e22597d6933f6651b1b83aa84328e4fa9228eff	match	ok	match	1024	34b059c2ead4f813a03fde62d32a81cd42dc6c6a8dbf9325c00af66eff16e38d	prepared_and_gateway_input_present	target-binding:173	173	INPUT	true	not_expected	present	0	false	true	true	ok	5	1	0	1785086008396402888	1785086008527718069	131.315181	81	16777216	b1dc941544c55bbfd4f0474ce4233da7f19d101354f9a5c4eb9d2e871eb994c4	16777292	16777216	5613.883511	573	65				unavailable_no_direct_event		unavailable_no_direct_event							50555801			51208089		not_expected_warm	partial_with_explicit_unavailable
375	375_c2-reusable-concurrency-16m-child-g003-g003	reusable-concurrency	16777216	3	warm_followup	5	s16777216-g003-warm5	0aa5032c89c345cea5032c89c3b5ced3	/guest/c2-reusable-16m-r375-g003-g003	0.0.1@1785085981864	89058ed5bd6f4e9ca9f955d4e74092dda59e44f646f90fd86a5e7b23e4fa6c89	true	200	present	a45f9180b70894bc65f32f00759ff6f020c92de566fe5090ff4e38c6909a3bb8	a45f9180b70894bc65f32f00759ff6f020c92de566fe5090ff4e38c6909a3bb8	match	ok	match	1024	34b059c2ead4f813a03fde62d32a81cd42dc6c6a8dbf9325c00af66eff16e38d	prepared_and_gateway_input_present	target-binding:173	173	INPUT	true	not_expected	present	0	false	true	true	ok	6	1	0	1785086008565107677	1785086008680703214	115.595537	71	16777216	b1dc941544c55bbfd4f0474ce4233da7f19d101354f9a5c4eb9d2e871eb994c4	16777292	16777216	5613.883511	573	65				unavailable_no_direct_event		unavailable_no_direct_event							51168585			52204532		not_expected_warm	partial_with_explicit_unavailable
376	376_c2-reusable-concurrency-16m-child-g004-g005	reusable-concurrency	16777216	4	fresh_first_use	0	s16777216-g004-fresh	039563f732b14a369563f732b1ca36d4	/guest/c2-reusable-16m-r376-g004-g005	0.0.1@1785090852973	88be02f393c3238c6627d957946b2208fb825cca5e8d6603e2bf26f4b04ea2e0	true	200	present	7df4c8f02f759ff96f39ea8f5720a5df16a7fb9a834f0b2e324e339adc7d317d	7df4c8f02f759ff96f39ea8f5720a5df16a7fb9a834f0b2e324e339adc7d317d	match	ok	match	1024	34b059c2ead4f813a03fde62d32a81cd42dc6c6a8dbf9325c00af66eff16e38d	prepared_and_gateway_input_present	target-binding:68	68	CODE_INPUT	false	present	present	0	true	false	true	ok	1	1	0	1785090856502255395	1785090866496509265	9994.25387	1096	16777216	b1dc941544c55bbfd4f0474ce4233da7f19d101354f9a5c4eb9d2e871eb994c4	16777292	16777216	5006.663971	573	65	12917	77173823		unavailable_no_direct_event		unavailable_no_direct_event							50169036			50624046	137201551	direct_event_complete	partial_with_explicit_unavailable
376	376_c2-reusable-concurrency-16m-child-g004-g005	reusable-concurrency	16777216	4	warm_followup	1	s16777216-g004-warm1	9b63f4c2669d4ab7a3f4c2669d2ab7f8	/guest/c2-reusable-16m-r376-g004-g005	0.0.1@1785090852973	88be02f393c3238c6627d957946b2208fb825cca5e8d6603e2bf26f4b04ea2e0	true	200	present	e6f3618376bd7bcac4330ffc2b954e47226dd748c97064a77b1c4202d3a5dd33	e6f3618376bd7bcac4330ffc2b954e47226dd748c97064a77b1c4202d3a5dd33	match	ok	match	1024	34b059c2ead4f813a03fde62d32a81cd42dc6c6a8dbf9325c00af66eff16e38d	prepared_and_gateway_input_present	target-binding:68	68	INPUT	true	not_expected	present	0	false	true	true	ok	2	1	0	1785090866577234594	1785090866795274906	218.040312	136	16777216	b1dc941544c55bbfd4f0474ce4233da7f19d101354f9a5c4eb9d2e871eb994c4	16777292	16777216	5006.663971	573	65				unavailable_no_direct_event		unavailable_no_direct_event							53818199			54719212		not_expected_warm	partial_with_explicit_unavailable
376	376_c2-reusable-concurrency-16m-child-g004-g005	reusable-concurrency	16777216	4	warm_followup	2	s16777216-g004-warm2	333e5e17c0704e85be5e17c0708e8545	/guest/c2-reusable-16m-r376-g004-g005	0.0.1@1785090852973	88be02f393c3238c6627d957946b2208fb825cca5e8d6603e2bf26f4b04ea2e0	true	200	present	e7023f1def47e8f2c88514df8951e19824bebb72a81df460c524e2fe1737a9c9	e7023f1def47e8f2c88514df8951e19824bebb72a81df460c524e2fe1737a9c9	match	ok	match	1024	34b059c2ead4f813a03fde62d32a81cd42dc6c6a8dbf9325c00af66eff16e38d	prepared_and_gateway_input_present	target-binding:68	68	INPUT	true	not_expected	present	0	false	true	true	ok	3	1	0	1785090866831355331	1785090866982502709	151.147378	101	16777216	b1dc941544c55bbfd4f0474ce4233da7f19d101354f9a5c4eb9d2e871eb994c4	16777292	16777216	5006.663971	573	65				unavailable_no_direct_event		unavailable_no_direct_event							50614848			51657666		not_expected_warm	partial_with_explicit_unavailable
376	376_c2-reusable-concurrency-16m-child-g004-g005	reusable-concurrency	16777216	4	warm_followup	3	s16777216-g004-warm3	a0ce2ef9ecc5418f8e2ef9ecc5418f9b	/guest/c2-reusable-16m-r376-g004-g005	0.0.1@1785090852973	88be02f393c3238c6627d957946b2208fb825cca5e8d6603e2bf26f4b04ea2e0	true	200	present	3a46898e8c201b9bfaada7bf22264addeb829901adbcf2609daa50b4f5f2f898	3a46898e8c201b9bfaada7bf22264addeb829901adbcf2609daa50b4f5f2f898	match	ok	match	1024	34b059c2ead4f813a03fde62d32a81cd42dc6c6a8dbf9325c00af66eff16e38d	prepared_and_gateway_input_present	target-binding:68	68	INPUT	true	not_expected	present	0	false	true	true	ok	4	1	0	1785090867027070563	1785090867185109373	158.03881	108	16777216	b1dc941544c55bbfd4f0474ce4233da7f19d101354f9a5c4eb9d2e871eb994c4	16777292	16777216	5006.663971	573	65				unavailable_no_direct_event		unavailable_no_direct_event							55913242			56519634		not_expected_warm	partial_with_explicit_unavailable
376	376_c2-reusable-concurrency-16m-child-g004-g005	reusable-concurrency	16777216	4	warm_followup	4	s16777216-g004-warm4	f32172ca98a64cfaa172ca98a6dcfa41	/guest/c2-reusable-16m-r376-g004-g005	0.0.1@1785090852973	88be02f393c3238c6627d957946b2208fb825cca5e8d6603e2bf26f4b04ea2e0	true	200	present	26414a029d5955640be8f95d0101009f93c848e610657fc5dc7a6daea6c2a9b5	26414a029d5955640be8f95d0101009f93c848e610657fc5dc7a6daea6c2a9b5	match	ok	match	1024	34b059c2ead4f813a03fde62d32a81cd42dc6c6a8dbf9325c00af66eff16e38d	prepared_and_gateway_input_present	target-binding:68	68	INPUT	true	not_expected	present	0	false	true	true	ok	5	1	0	1785090867481423213	1785090867606087896	124.664683	86	16777216	b1dc941544c55bbfd4f0474ce4233da7f19d101354f9a5c4eb9d2e871eb994c4	16777292	16777216	5006.663971	573	65				unavailable_no_direct_event		unavailable_no_direct_event							51998860			53150185		not_expected_warm	partial_with_explicit_unavailable
376	376_c2-reusable-concurrency-16m-child-g004-g005	reusable-concurrency	16777216	4	warm_followup	5	s16777216-g004-warm5	59fffa6afb734706bffa6afb730706dd	/guest/c2-reusable-16m-r376-g004-g005	0.0.1@1785090852973	88be02f393c3238c6627d957946b2208fb825cca5e8d6603e2bf26f4b04ea2e0	true	200	present	402d50fa2ab47ec4b7c050442346113220794325add9a3a1c0e57af3b3808dc5	402d50fa2ab47ec4b7c050442346113220794325add9a3a1c0e57af3b3808dc5	match	ok	match	1024	34b059c2ead4f813a03fde62d32a81cd42dc6c6a8dbf9325c00af66eff16e38d	prepared_and_gateway_input_present	target-binding:68	68	INPUT	true	not_expected	present	0	false	true	true	ok	6	1	0	1785090867639928319	1785090867767745298	127.816979	82	16777216	b1dc941544c55bbfd4f0474ce4233da7f19d101354f9a5c4eb9d2e871eb994c4	16777292	16777216	5006.663971	573	65				unavailable_no_direct_event		unavailable_no_direct_event							50711603			52796290		not_expected_warm	partial_with_explicit_unavailable
376	376_c2-reusable-concurrency-16m-child-g004-g005	reusable-concurrency	16777216	5	fresh_first_use	0	s16777216-g005-fresh	a8473d427de64e9b873d427de66e9b5c	/guest/c2-reusable-16m-r376-g004-g005	0.0.2@1785090869946	6651dc28bddc45c1fd99167fdb5a43679c8c522b43ed4b2c47a8ff5d26fc237c	true	200	present	824c666949390ffaa7679b116cf3614ec73f18b09ed88d6e2d65f28a781d34a5	824c666949390ffaa7679b116cf3614ec73f18b09ed88d6e2d65f28a781d34a5	match	ok	match	1024	34b059c2ead4f813a03fde62d32a81cd42dc6c6a8dbf9325c00af66eff16e38d	prepared_and_gateway_input_present	target-binding:160	160	CODE_INPUT	false	present	present	0	true	false	true	ok	7	1	0	1785090873017558256	1785090882441739755	9424.181499	992	16777216	b1dc941544c55bbfd4f0474ce4233da7f19d101354f9a5c4eb9d2e871eb994c4	16777292	16777216	3968.628148	573	65	10635	76169325		unavailable_no_direct_event		unavailable_no_direct_event							50657435			51153403	133578646	direct_event_complete	partial_with_explicit_unavailable
376	376_c2-reusable-concurrency-16m-child-g004-g005	reusable-concurrency	16777216	5	warm_followup	1	s16777216-g005-warm1	2d38dca28a8a497cb8dca28a8a797c29	/guest/c2-reusable-16m-r376-g004-g005	0.0.2@1785090869946	6651dc28bddc45c1fd99167fdb5a43679c8c522b43ed4b2c47a8ff5d26fc237c	true	200	present	37b783ecf354e96a6a24e4023272d2ca8132c631adaddedbe3820e58f14eda9a	37b783ecf354e96a6a24e4023272d2ca8132c631adaddedbe3820e58f14eda9a	match	ok	match	1024	34b059c2ead4f813a03fde62d32a81cd42dc6c6a8dbf9325c00af66eff16e38d	prepared_and_gateway_input_present	target-binding:160	160	INPUT	true	not_expected	present	0	false	true	true	ok	8	1	0	1785090882774469024	1785090882928944527	154.475503	107	16777216	b1dc941544c55bbfd4f0474ce4233da7f19d101354f9a5c4eb9d2e871eb994c4	16777292	16777216	3968.628148	573	65				unavailable_no_direct_event		unavailable_no_direct_event							50159515			55100674		not_expected_warm	partial_with_explicit_unavailable
376	376_c2-reusable-concurrency-16m-child-g004-g005	reusable-concurrency	16777216	5	warm_followup	2	s16777216-g005-warm2	d4b750a4726e41b2b750a4726e81b20b	/guest/c2-reusable-16m-r376-g004-g005	0.0.2@1785090869946	6651dc28bddc45c1fd99167fdb5a43679c8c522b43ed4b2c47a8ff5d26fc237c	true	200	present	597bafe8ef606c82690ddbb38ac74fbea018eae967331187a5c6947a59eb3602	597bafe8ef606c82690ddbb38ac74fbea018eae967331187a5c6947a59eb3602	match	ok	match	1024	34b059c2ead4f813a03fde62d32a81cd42dc6c6a8dbf9325c00af66eff16e38d	prepared_and_gateway_input_present	target-binding:160	160	INPUT	true	not_expected	present	0	false	true	true	ok	9	1	0	1785090882954975687	1785090883117423495	162.447808	93	16777216	b1dc941544c55bbfd4f0474ce4233da7f19d101354f9a5c4eb9d2e871eb994c4	16777292	16777216	3968.628148	573	65				unavailable_no_direct_event		unavailable_no_direct_event							51607103			52137338		not_expected_warm	partial_with_explicit_unavailable
376	376_c2-reusable-concurrency-16m-child-g004-g005	reusable-concurrency	16777216	5	warm_followup	3	s16777216-g005-warm3	d9e4c07a6fcb44e2a4c07a6fcba4e266	/guest/c2-reusable-16m-r376-g004-g005	0.0.2@1785090869946	6651dc28bddc45c1fd99167fdb5a43679c8c522b43ed4b2c47a8ff5d26fc237c	true	200	present	4059f87ce06cf9c5f69792e6e976acecc1fbc8b5c52eed6f6cab149f61e74e89	4059f87ce06cf9c5f69792e6e976acecc1fbc8b5c52eed6f6cab149f61e74e89	match	ok	match	1024	34b059c2ead4f813a03fde62d32a81cd42dc6c6a8dbf9325c00af66eff16e38d	prepared_and_gateway_input_present	target-binding:160	160	INPUT	true	not_expected	present	0	false	true	true	ok	10	1	0	1785090883140270710	1785090883268767343	128.496633	84	16777216	b1dc941544c55bbfd4f0474ce4233da7f19d101354f9a5c4eb9d2e871eb994c4	16777292	16777216	3968.628148	573	65				unavailable_no_direct_event		unavailable_no_direct_event							53167617			53686936		not_expected_warm	partial_with_explicit_unavailable
376	376_c2-reusable-concurrency-16m-child-g004-g005	reusable-concurrency	16777216	5	warm_followup	4	s16777216-g005-warm4	c25db99e388040159db99e3880f0153e	/guest/c2-reusable-16m-r376-g004-g005	0.0.2@1785090869946	6651dc28bddc45c1fd99167fdb5a43679c8c522b43ed4b2c47a8ff5d26fc237c	true	200	present	371203de5e51081f7fad0147e7b57e6240f4d61d1c4d12b88069bb35ed12fd97	371203de5e51081f7fad0147e7b57e6240f4d61d1c4d12b88069bb35ed12fd97	match	ok	match	1024	34b059c2ead4f813a03fde62d32a81cd42dc6c6a8dbf9325c00af66eff16e38d	prepared_and_gateway_input_present	target-binding:160	160	INPUT	true	not_expected	present	0	false	true	true	ok	11	1	0	1785090883297671928	1785090883408907644	111.235716	77	16777216	b1dc941544c55bbfd4f0474ce4233da7f19d101354f9a5c4eb9d2e871eb994c4	16777292	16777216	3968.628148	573	65				unavailable_no_direct_event		unavailable_no_direct_event							50106694			55686036		not_expected_warm	partial_with_explicit_unavailable
376	376_c2-reusable-concurrency-16m-child-g004-g005	reusable-concurrency	16777216	5	warm_followup	5	s16777216-g005-warm5	617fa3ad8b0a49b6bfa3ad8b0ab9b61a	/guest/c2-reusable-16m-r376-g004-g005	0.0.2@1785090869946	6651dc28bddc45c1fd99167fdb5a43679c8c522b43ed4b2c47a8ff5d26fc237c	true	200	present	89aa16078e14596c30ba627341bdbee990d460bfe899f512e0e8573721c7dbb5	89aa16078e14596c30ba627341bdbee990d460bfe899f512e0e8573721c7dbb5	match	ok	match	1024	34b059c2ead4f813a03fde62d32a81cd42dc6c6a8dbf9325c00af66eff16e38d	prepared_and_gateway_input_present	target-binding:160	160	INPUT	true	not_expected	present	0	false	true	true	ok	12	1	0	1785090883447099683	1785090883576562026	129.462343	74	16777216	b1dc941544c55bbfd4f0474ce4233da7f19d101354f9a5c4eb9d2e871eb994c4	16777292	16777216	3968.628148	573	65				unavailable_no_direct_event		unavailable_no_direct_event							50405892			50955975		not_expected_warm	partial_with_explicit_unavailable
377	377_c2-reusable-concurrency-16m-child-g006-g007	reusable-concurrency	16777216	6	fresh_first_use	0	s16777216-g006-fresh	40b206d5824041a7b206d58240e1a7be	/guest/c2-reusable-16m-r377-g006-g007	0.0.1@1785095597414	045dcec9849e69f2e3b07e3c42c6d36cede875d8d55620ddf23d240bf6238158	true	200	present	82b193003050aeaa17ad3f2906ea18db8a8e7cad1a9a47b09829cd8c95ccfedf	82b193003050aeaa17ad3f2906ea18db8a8e7cad1a9a47b09829cd8c95ccfedf	match	ok	match	1024	34b059c2ead4f813a03fde62d32a81cd42dc6c6a8dbf9325c00af66eff16e38d	prepared_and_gateway_input_present	target-binding:88	88	CODE_INPUT	false	present	present	0	true	false	true	ok	1	1	0	1785095601357497642	1785095618624853731	17267.356089	1046	16777216	b1dc941544c55bbfd4f0474ce4233da7f19d101354f9a5c4eb9d2e871eb994c4	16777292	16777216	5765.850498	573	65	15875	59667210		unavailable_no_direct_event		unavailable_no_direct_event							50171866			50622017	135204161	direct_event_complete	partial_with_explicit_unavailable
377	377_c2-reusable-concurrency-16m-child-g006-g007	reusable-concurrency	16777216	6	warm_followup	1	s16777216-g006-warm1	e4082c4edab049da882c4edab069dada	/guest/c2-reusable-16m-r377-g006-g007	0.0.1@1785095597414	045dcec9849e69f2e3b07e3c42c6d36cede875d8d55620ddf23d240bf6238158	true	200	present	aeb04d250b6b3f435d653bae5caf78a273f0cdb80c4dc2a9777d076fd54eb9da	aeb04d250b6b3f435d653bae5caf78a273f0cdb80c4dc2a9777d076fd54eb9da	match	ok	match	1024	34b059c2ead4f813a03fde62d32a81cd42dc6c6a8dbf9325c00af66eff16e38d	prepared_and_gateway_input_present	target-binding:88	88	INPUT	true	not_expected	present	0	false	true	true	ok	2	1	0	1785095618703023710	1785095618855461429	152.437719	79	16777216	b1dc941544c55bbfd4f0474ce4233da7f19d101354f9a5c4eb9d2e871eb994c4	16777292	16777216	5765.850498	573	65				unavailable_no_direct_event		unavailable_no_direct_event							50115066			52173665		not_expected_warm	partial_with_explicit_unavailable
377	377_c2-reusable-concurrency-16m-child-g006-g007	reusable-concurrency	16777216	6	warm_followup	2	s16777216-g006-warm2	ad516e8610484ed5916e861048bed570	/guest/c2-reusable-16m-r377-g006-g007	0.0.1@1785095597414	045dcec9849e69f2e3b07e3c42c6d36cede875d8d55620ddf23d240bf6238158	true	200	present	59fc2f4aecb5f940ea0898b2869687e08bd940365671d5325848838b349f755d	59fc2f4aecb5f940ea0898b2869687e08bd940365671d5325848838b349f755d	match	ok	match	1024	34b059c2ead4f813a03fde62d32a81cd42dc6c6a8dbf9325c00af66eff16e38d	prepared_and_gateway_input_present	target-binding:88	88	INPUT	true	not_expected	present	0	false	true	true	ok	3	1	0	1785095618897665822	1785095619052303243	154.637421	88	16777216	b1dc941544c55bbfd4f0474ce4233da7f19d101354f9a5c4eb9d2e871eb994c4	16777292	16777216	5765.850498	573	65				unavailable_no_direct_event		unavailable_no_direct_event							55504653			55986166		not_expected_warm	partial_with_explicit_unavailable
377	377_c2-reusable-concurrency-16m-child-g006-g007	reusable-concurrency	16777216	6	warm_followup	3	s16777216-g006-warm3	3d7d1c52cbc1437fbd1c52cbc1037f83	/guest/c2-reusable-16m-r377-g006-g007	0.0.1@1785095597414	045dcec9849e69f2e3b07e3c42c6d36cede875d8d55620ddf23d240bf6238158	true	200	present	c341b5ea020f22ba3c72fc79e5d165f7ccb5abe35c0abf6634ba1ebc264b1632	c341b5ea020f22ba3c72fc79e5d165f7ccb5abe35c0abf6634ba1ebc264b1632	match	ok	match	1024	34b059c2ead4f813a03fde62d32a81cd42dc6c6a8dbf9325c00af66eff16e38d	prepared_and_gateway_input_present	target-binding:88	88	INPUT	true	not_expected	present	0	false	true	true	ok	4	1	0	1785095619098562939	1785095619277469324	178.906385	116	16777216	b1dc941544c55bbfd4f0474ce4233da7f19d101354f9a5c4eb9d2e871eb994c4	16777292	16777216	5765.850498	573	65				unavailable_no_direct_event		unavailable_no_direct_event							51004752			54367117		not_expected_warm	partial_with_explicit_unavailable
377	377_c2-reusable-concurrency-16m-child-g006-g007	reusable-concurrency	16777216	6	warm_followup	4	s16777216-g006-warm4	8eddcbdf612644a79dcbdf6126c4a7ba	/guest/c2-reusable-16m-r377-g006-g007	0.0.1@1785095597414	045dcec9849e69f2e3b07e3c42c6d36cede875d8d55620ddf23d240bf6238158	true	200	present	d7d4ba31721043255a344600d9b5f906b244cefff7513934fc60009017f387a1	d7d4ba31721043255a344600d9b5f906b244cefff7513934fc60009017f387a1	match	ok	match	1024	34b059c2ead4f813a03fde62d32a81cd42dc6c6a8dbf9325c00af66eff16e38d	prepared_and_gateway_input_present	target-binding:88	88	INPUT	true	not_expected	present	0	false	true	true	ok	5	1	0	1785095619336027984	1785095619499856373	163.828389	92	16777216	b1dc941544c55bbfd4f0474ce4233da7f19d101354f9a5c4eb9d2e871eb994c4	16777292	16777216	5765.850498	573	65				unavailable_no_direct_event		unavailable_no_direct_event							50346092			53515897		not_expected_warm	partial_with_explicit_unavailable
377	377_c2-reusable-concurrency-16m-child-g006-g007	reusable-concurrency	16777216	6	warm_followup	5	s16777216-g006-warm5	b6a7fd4f0a984b4ba7fd4f0a984b4b70	/guest/c2-reusable-16m-r377-g006-g007	0.0.1@1785095597414	045dcec9849e69f2e3b07e3c42c6d36cede875d8d55620ddf23d240bf6238158	true	200	present	328a3c2142fd21fdc7b73e610ecade49077de8e5d011a4aa9ab4302792bba07b	328a3c2142fd21fdc7b73e610ecade49077de8e5d011a4aa9ab4302792bba07b	match	ok	match	1024	34b059c2ead4f813a03fde62d32a81cd42dc6c6a8dbf9325c00af66eff16e38d	prepared_and_gateway_input_present	target-binding:88	88	INPUT	true	not_expected	present	0	false	true	true	ok	6	1	0	1785095619531781200	1785095619670601439	138.820239	79	16777216	b1dc941544c55bbfd4f0474ce4233da7f19d101354f9a5c4eb9d2e871eb994c4	16777292	16777216	5765.850498	573	65				unavailable_no_direct_event		unavailable_no_direct_event							51031135			55826195		not_expected_warm	partial_with_explicit_unavailable
377	377_c2-reusable-concurrency-16m-child-g006-g007	reusable-concurrency	16777216	7	fresh_first_use	0	s16777216-g007-fresh	5205eaae454145b185eaae454115b140	/guest/c2-reusable-16m-r377-g006-g007	0.0.2@1785095621059	e83d9889e13aab9594401399d3d61029918c958a02fcb61ece5e0fb9a48bd51b	true	200	present	06a797bd614d01bdfc58a5141c6062e23011bf5cf7a9cf628375cd5608db3b1a	06a797bd614d01bdfc58a5141c6062e23011bf5cf7a9cf628375cd5608db3b1a	match	ok	match	1024	34b059c2ead4f813a03fde62d32a81cd42dc6c6a8dbf9325c00af66eff16e38d	prepared_and_gateway_input_present	target-binding:90	90	CODE_INPUT	false	present	present	0	true	false	true	ok	7	1	0	1785095624119641417	1785095631331944823	7212.303406	817	16777216	b1dc941544c55bbfd4f0474ce4233da7f19d101354f9a5c4eb9d2e871eb994c4	16777292	16777216	3470.223249	573	65	9985	65322951		unavailable_no_direct_event		unavailable_no_direct_event							51321461			51850218	141920620	direct_event_complete	partial_with_explicit_unavailable
377	377_c2-reusable-concurrency-16m-child-g006-g007	reusable-concurrency	16777216	7	warm_followup	1	s16777216-g007-warm1	396a8861924a4da1aa8861924a4da14d	/guest/c2-reusable-16m-r377-g006-g007	0.0.2@1785095621059	e83d9889e13aab9594401399d3d61029918c958a02fcb61ece5e0fb9a48bd51b	true	200	present	7efa083973a84d9d51f593ecf9b6ddc9c06e157acef56eac77c540fbc00cfdea	7efa083973a84d9d51f593ecf9b6ddc9c06e157acef56eac77c540fbc00cfdea	match	ok	match	1024	34b059c2ead4f813a03fde62d32a81cd42dc6c6a8dbf9325c00af66eff16e38d	prepared_and_gateway_input_present	target-binding:90	90	INPUT	true	not_expected	present	0	false	true	true	ok	8	1	0	1785095631379450816	1785095631545908557	166.457741	71	16777216	b1dc941544c55bbfd4f0474ce4233da7f19d101354f9a5c4eb9d2e871eb994c4	16777292	16777216	3470.223249	573	65				unavailable_no_direct_event		unavailable_no_direct_event							50765412			54734432		not_expected_warm	partial_with_explicit_unavailable
377	377_c2-reusable-concurrency-16m-child-g006-g007	reusable-concurrency	16777216	7	warm_followup	2	s16777216-g007-warm2	cf3975a47d0244e6b975a47d02a4e65d	/guest/c2-reusable-16m-r377-g006-g007	0.0.2@1785095621059	e83d9889e13aab9594401399d3d61029918c958a02fcb61ece5e0fb9a48bd51b	true	200	present	7220513fd02df0259773f8394f160b123a306bf879d9e5866206138f59bea2cb	7220513fd02df0259773f8394f160b123a306bf879d9e5866206138f59bea2cb	match	ok	match	1024	34b059c2ead4f813a03fde62d32a81cd42dc6c6a8dbf9325c00af66eff16e38d	prepared_and_gateway_input_present	target-binding:90	90	INPUT	true	not_expected	present	0	false	true	true	ok	9	1	0	1785095631565066570	1785095631731236200	166.16963	92	16777216	b1dc941544c55bbfd4f0474ce4233da7f19d101354f9a5c4eb9d2e871eb994c4	16777292	16777216	3470.223249	573	65				unavailable_no_direct_event		unavailable_no_direct_event							50116717			57085842		not_expected_warm	partial_with_explicit_unavailable
377	377_c2-reusable-concurrency-16m-child-g006-g007	reusable-concurrency	16777216	7	warm_followup	3	s16777216-g007-warm3	05c30fd2c5cd448b830fd2c5cda48b3a	/guest/c2-reusable-16m-r377-g006-g007	0.0.2@1785095621059	e83d9889e13aab9594401399d3d61029918c958a02fcb61ece5e0fb9a48bd51b	true	200	present	641c842a00d770cdd631ad6fad2777febb634d3e8f3b14c621411a8e0c8a8ae0	641c842a00d770cdd631ad6fad2777febb634d3e8f3b14c621411a8e0c8a8ae0	match	ok	match	1024	34b059c2ead4f813a03fde62d32a81cd42dc6c6a8dbf9325c00af66eff16e38d	prepared_and_gateway_input_present	target-binding:90	90	INPUT	true	not_expected	present	0	false	true	true	ok	10	1	0	1785095631763723555	1785095631926273639	162.550084	87	16777216	b1dc941544c55bbfd4f0474ce4233da7f19d101354f9a5c4eb9d2e871eb994c4	16777292	16777216	3470.223249	573	65				unavailable_no_direct_event		unavailable_no_direct_event							50239062			51125069		not_expected_warm	partial_with_explicit_unavailable
377	377_c2-reusable-concurrency-16m-child-g006-g007	reusable-concurrency	16777216	7	warm_followup	4	s16777216-g007-warm4	96f746be23744e7fb746be23749e7fbf	/guest/c2-reusable-16m-r377-g006-g007	0.0.2@1785095621059	e83d9889e13aab9594401399d3d61029918c958a02fcb61ece5e0fb9a48bd51b	true	200	present	25ec07ac5f7b7f24deff3108f4411f7a50973e0d2a0f98c163935e8eecd9f8cf	25ec07ac5f7b7f24deff3108f4411f7a50973e0d2a0f98c163935e8eecd9f8cf	match	ok	match	1024	34b059c2ead4f813a03fde62d32a81cd42dc6c6a8dbf9325c00af66eff16e38d	prepared_and_gateway_input_present	target-binding:90	90	INPUT	true	not_expected	present	0	false	true	true	ok	11	1	0	1785095631965923319	1785095632116691121	150.767802	73	16777216	b1dc941544c55bbfd4f0474ce4233da7f19d101354f9a5c4eb9d2e871eb994c4	16777292	16777216	3470.223249	573	65				unavailable_no_direct_event		unavailable_no_direct_event							50122659			52924617		not_expected_warm	partial_with_explicit_unavailable
377	377_c2-reusable-concurrency-16m-child-g006-g007	reusable-concurrency	16777216	7	warm_followup	5	s16777216-g007-warm5	b75f71097f734f659f71097f73ff6587	/guest/c2-reusable-16m-r377-g006-g007	0.0.2@1785095621059	e83d9889e13aab9594401399d3d61029918c958a02fcb61ece5e0fb9a48bd51b	true	200	present	6de2c503a5ef962e1c007c98eb1f154467048d7a25470b4ae43d60e5ed5a58cf	6de2c503a5ef962e1c007c98eb1f154467048d7a25470b4ae43d60e5ed5a58cf	match	ok	match	1024	34b059c2ead4f813a03fde62d32a81cd42dc6c6a8dbf9325c00af66eff16e38d	prepared_and_gateway_input_present	target-binding:90	90	INPUT	true	not_expected	present	0	false	true	true	ok	12	1	0	1785095632137721530	1785095632291561173	153.839643	84	16777216	b1dc941544c55bbfd4f0474ce4233da7f19d101354f9a5c4eb9d2e871eb994c4	16777292	16777216	3470.223249	573	65				unavailable_no_direct_event		unavailable_no_direct_event							50581485			51613558		not_expected_warm	partial_with_explicit_unavailable
378	378_c2-reusable-concurrency-16m-child-g008-g009	reusable-concurrency	16777216	8	fresh_first_use	0	s16777216-g008-fresh	afee2791684b4508ae2791684b4508c6	/guest/c2-reusable-16m-r378-g008-g009	0.0.1@1785101528033	41c3fe1ed12bc72097e1dd75081a4f5760038c7f37316d169d291d9a5253c680	true	200	present	5ffe1e274b02c593dae09ac72b98a88d92cbd69e4d4d890ba153b7e31c4f97f9	5ffe1e274b02c593dae09ac72b98a88d92cbd69e4d4d890ba153b7e31c4f97f9	match	ok	match	1024	34b059c2ead4f813a03fde62d32a81cd42dc6c6a8dbf9325c00af66eff16e38d	prepared_and_gateway_input_present	target-binding:78	78	CODE_INPUT	false	present	present	0	true	false	true	ok	1	1	0	1785101531571729749	1785101540819432401	9247.702652	1069	16777216	b1dc941544c55bbfd4f0474ce4233da7f19d101354f9a5c4eb9d2e871eb994c4	16777292	16777216	5730.520879	573	65	15410	71565025		unavailable_no_direct_event		unavailable_no_direct_event							51944454			52392322	101785195	direct_event_complete	partial_with_explicit_unavailable
378	378_c2-reusable-concurrency-16m-child-g008-g009	reusable-concurrency	16777216	8	warm_followup	1	s16777216-g008-warm1	d90048d134ad42ef8048d134ad22ef26	/guest/c2-reusable-16m-r378-g008-g009	0.0.1@1785101528033	41c3fe1ed12bc72097e1dd75081a4f5760038c7f37316d169d291d9a5253c680	true	200	present	64b764fe4c192afc8f13908ae996122604d740e9777a3270a9555ae7df80d7ba	64b764fe4c192afc8f13908ae996122604d740e9777a3270a9555ae7df80d7ba	match	ok	match	1024	34b059c2ead4f813a03fde62d32a81cd42dc6c6a8dbf9325c00af66eff16e38d	prepared_and_gateway_input_present	target-binding:78	78	INPUT	true	not_expected	present	0	false	true	true	ok	2	1	0	1785101540881951189	1785101541043215593	161.264404	99	16777216	b1dc941544c55bbfd4f0474ce4233da7f19d101354f9a5c4eb9d2e871eb994c4	16777292	16777216	5730.520879	573	65				unavailable_no_direct_event		unavailable_no_direct_event							50602853			52752067		not_expected_warm	partial_with_explicit_unavailable
378	378_c2-reusable-concurrency-16m-child-g008-g009	reusable-concurrency	16777216	8	warm_followup	2	s16777216-g008-warm2	1267c3d8baa3462ba7c3d8baa3e62b4c	/guest/c2-reusable-16m-r378-g008-g009	0.0.1@1785101528033	41c3fe1ed12bc72097e1dd75081a4f5760038c7f37316d169d291d9a5253c680	true	200	present	1395d8b729731b29fc4dabb6c227240f4c541987e8a79372c7f2af0ae6a33547	1395d8b729731b29fc4dabb6c227240f4c541987e8a79372c7f2af0ae6a33547	match	ok	match	1024	34b059c2ead4f813a03fde62d32a81cd42dc6c6a8dbf9325c00af66eff16e38d	prepared_and_gateway_input_present	target-binding:78	78	INPUT	true	not_expected	present	0	false	true	true	ok	3	1	0	1785101541084273009	1785101541237374460	153.101451	81	16777216	b1dc941544c55bbfd4f0474ce4233da7f19d101354f9a5c4eb9d2e871eb994c4	16777292	16777216	5730.520879	573	65				unavailable_no_direct_event		unavailable_no_direct_event							50120362			52756663		not_expected_warm	partial_with_explicit_unavailable
378	378_c2-reusable-concurrency-16m-child-g008-g009	reusable-concurrency	16777216	8	warm_followup	3	s16777216-g008-warm3	93c32c24fa3d4041832c24fa3d6041ef	/guest/c2-reusable-16m-r378-g008-g009	0.0.1@1785101528033	41c3fe1ed12bc72097e1dd75081a4f5760038c7f37316d169d291d9a5253c680	true	200	present	cde55312c66ea94ff61c0dc80eb581f5ee390fe5bae71ab6b62fa8a93df7242e	cde55312c66ea94ff61c0dc80eb581f5ee390fe5bae71ab6b62fa8a93df7242e	match	ok	match	1024	34b059c2ead4f813a03fde62d32a81cd42dc6c6a8dbf9325c00af66eff16e38d	prepared_and_gateway_input_present	target-binding:78	78	INPUT	true	not_expected	present	0	false	true	true	ok	4	1	0	1785101541268029077	1785101541405362724	137.333647	81	16777216	b1dc941544c55bbfd4f0474ce4233da7f19d101354f9a5c4eb9d2e871eb994c4	16777292	16777216	5730.520879	573	65				unavailable_no_direct_event		unavailable_no_direct_event							50968624			53710903		not_expected_warm	partial_with_explicit_unavailable
378	378_c2-reusable-concurrency-16m-child-g008-g009	reusable-concurrency	16777216	8	warm_followup	4	s16777216-g008-warm4	c0020b44e59848f2820b44e598e8f2e8	/guest/c2-reusable-16m-r378-g008-g009	0.0.1@1785101528033	41c3fe1ed12bc72097e1dd75081a4f5760038c7f37316d169d291d9a5253c680	true	200	present	7658e293e031be471515bebc7abc5111c161ca824be2a4946d561c6a80014770	7658e293e031be471515bebc7abc5111c161ca824be2a4946d561c6a80014770	match	ok	match	1024	34b059c2ead4f813a03fde62d32a81cd42dc6c6a8dbf9325c00af66eff16e38d	prepared_and_gateway_input_present	target-binding:78	78	INPUT	true	not_expected	present	0	false	true	true	ok	5	1	0	1785101541440934554	1785101541585934277	144.999723	78	16777216	b1dc941544c55bbfd4f0474ce4233da7f19d101354f9a5c4eb9d2e871eb994c4	16777292	16777216	5730.520879	573	65				unavailable_no_direct_event		unavailable_no_direct_event							50350177			51383664		not_expected_warm	partial_with_explicit_unavailable
378	378_c2-reusable-concurrency-16m-child-g008-g009	reusable-concurrency	16777216	8	warm_followup	5	s16777216-g008-warm5	4d42cf810ab040fc82cf810ab020fccf	/guest/c2-reusable-16m-r378-g008-g009	0.0.1@1785101528033	41c3fe1ed12bc72097e1dd75081a4f5760038c7f37316d169d291d9a5253c680	true	200	present	4a20d459e49933d8bb9a72066957fadcef90e5f69d813b3d7c617c1226e815ec	4a20d459e49933d8bb9a72066957fadcef90e5f69d813b3d7c617c1226e815ec	match	ok	match	1024	34b059c2ead4f813a03fde62d32a81cd42dc6c6a8dbf9325c00af66eff16e38d	prepared_and_gateway_input_present	target-binding:78	78	INPUT	true	not_expected	present	0	false	true	true	ok	6	1	0	1785101541609241209	1785101541742957906	133.716697	80	16777216	b1dc941544c55bbfd4f0474ce4233da7f19d101354f9a5c4eb9d2e871eb994c4	16777292	16777216	5730.520879	573	65				unavailable_no_direct_event		unavailable_no_direct_event							50118338			51899685		not_expected_warm	partial_with_explicit_unavailable
378	378_c2-reusable-concurrency-16m-child-g008-g009	reusable-concurrency	16777216	9	fresh_first_use	0	s16777216-g009-fresh	e805c65efdc14f4085c65efdc15f400f	/guest/c2-reusable-16m-r378-g008-g009	0.0.2@1785101543598	e7b98653acd97d20b22dc34278a769a8670c6d2a87409e18727ecc764d1a7cb6	true	200	present	b3a3542856364868d28df19a3ba176b51ddb1faf1b546b2ef5b24668cacf4824	b3a3542856364868d28df19a3ba176b51ddb1faf1b546b2ef5b24668cacf4824	match	ok	match	1024	34b059c2ead4f813a03fde62d32a81cd42dc6c6a8dbf9325c00af66eff16e38d	prepared_and_gateway_input_present	target-binding:69	69	CODE_INPUT	false	present	present	0	true	false	true	ok	7	1	0	1785101546553191471	1785101553694332756	7141.141285	902	16777216	b1dc941544c55bbfd4f0474ce4233da7f19d101354f9a5c4eb9d2e871eb994c4	16777292	16777216	4007.091248	573	65	13699	66006164		unavailable_no_direct_event		unavailable_no_direct_event							50309598			50749049	116490645	direct_event_complete	partial_with_explicit_unavailable
378	378_c2-reusable-concurrency-16m-child-g008-g009	reusable-concurrency	16777216	9	warm_followup	1	s16777216-g009-warm1	eb5bbda2a99c4f869bbda2a99c6f86ad	/guest/c2-reusable-16m-r378-g008-g009	0.0.2@1785101543598	e7b98653acd97d20b22dc34278a769a8670c6d2a87409e18727ecc764d1a7cb6	true	200	present	59e03fa74283501f252c5a769e858ae763597671af6ba1c25342d35586c25f27	59e03fa74283501f252c5a769e858ae763597671af6ba1c25342d35586c25f27	match	ok	match	1024	34b059c2ead4f813a03fde62d32a81cd42dc6c6a8dbf9325c00af66eff16e38d	prepared_and_gateway_input_present	target-binding:69	69	INPUT	true	not_expected	present	0	false	true	true	ok	8	1	0	1785101553738641341	1785101553882693749	144.052408	77	16777216	b1dc941544c55bbfd4f0474ce4233da7f19d101354f9a5c4eb9d2e871eb994c4	16777292	16777216	4007.091248	573	65				unavailable_no_direct_event		unavailable_no_direct_event							50784460			52039933		not_expected_warm	partial_with_explicit_unavailable
378	378_c2-reusable-concurrency-16m-child-g008-g009	reusable-concurrency	16777216	9	warm_followup	2	s16777216-g009-warm2	c8413f6bf7b74220813f6bf7b70220cf	/guest/c2-reusable-16m-r378-g008-g009	0.0.2@1785101543598	e7b98653acd97d20b22dc34278a769a8670c6d2a87409e18727ecc764d1a7cb6	true	200	present	29c63ac141f2547c593f797dd4d82c76f82e538ed1db26cb04a8b313a856706d	29c63ac141f2547c593f797dd4d82c76f82e538ed1db26cb04a8b313a856706d	match	ok	match	1024	34b059c2ead4f813a03fde62d32a81cd42dc6c6a8dbf9325c00af66eff16e38d	prepared_and_gateway_input_present	target-binding:69	69	INPUT	true	not_expected	present	0	false	true	true	ok	9	1	0	1785101553903952093	1785101554047148517	143.196424	100	16777216	b1dc941544c55bbfd4f0474ce4233da7f19d101354f9a5c4eb9d2e871eb994c4	16777292	16777216	4007.091248	573	65				unavailable_no_direct_event		unavailable_no_direct_event							56121743			56649927		not_expected_warm	partial_with_explicit_unavailable
378	378_c2-reusable-concurrency-16m-child-g008-g009	reusable-concurrency	16777216	9	warm_followup	3	s16777216-g009-warm3	fd14d2b02f34419b94d2b02f34219b20	/guest/c2-reusable-16m-r378-g008-g009	0.0.2@1785101543598	e7b98653acd97d20b22dc34278a769a8670c6d2a87409e18727ecc764d1a7cb6	true	200	present	e80c98a3e6c7e194b30c237d21aa19a3606574783f6621160eac55d4711e2ca0	e80c98a3e6c7e194b30c237d21aa19a3606574783f6621160eac55d4711e2ca0	match	ok	match	1024	34b059c2ead4f813a03fde62d32a81cd42dc6c6a8dbf9325c00af66eff16e38d	prepared_and_gateway_input_present	target-binding:69	69	INPUT	true	not_expected	present	0	false	true	true	ok	10	1	0	1785101554080282831	1785101554211520224	131.237393	90	16777216	b1dc941544c55bbfd4f0474ce4233da7f19d101354f9a5c4eb9d2e871eb994c4	16777292	16777216	4007.091248	573	65				unavailable_no_direct_event		unavailable_no_direct_event							50307879			51333815		not_expected_warm	partial_with_explicit_unavailable
378	378_c2-reusable-concurrency-16m-child-g008-g009	reusable-concurrency	16777216	9	warm_followup	4	s16777216-g009-warm4	056c7a47fa8f46c1ac7a47fa8fb6c1b2	/guest/c2-reusable-16m-r378-g008-g009	0.0.2@1785101543598	e7b98653acd97d20b22dc34278a769a8670c6d2a87409e18727ecc764d1a7cb6	true	200	present	d3f55f5a8b80f40082e5e5a78dbf8afb1f0f10ff3284707caca756bd7fc897aa	d3f55f5a8b80f40082e5e5a78dbf8afb1f0f10ff3284707caca756bd7fc897aa	match	ok	match	1024	34b059c2ead4f813a03fde62d32a81cd42dc6c6a8dbf9325c00af66eff16e38d	prepared_and_gateway_input_present	target-binding:69	69	INPUT	true	not_expected	present	0	false	true	true	ok	11	1	0	1785101554245806703	1785101554465681258	219.874555	94	16777216	b1dc941544c55bbfd4f0474ce4233da7f19d101354f9a5c4eb9d2e871eb994c4	16777292	16777216	4007.091248	573	65				unavailable_no_direct_event		unavailable_no_direct_event							50142823			52839035		not_expected_warm	partial_with_explicit_unavailable
378	378_c2-reusable-concurrency-16m-child-g008-g009	reusable-concurrency	16777216	9	warm_followup	5	s16777216-g009-warm5	7c3f029874a44203bf029874a4820384	/guest/c2-reusable-16m-r378-g008-g009	0.0.2@1785101543598	e7b98653acd97d20b22dc34278a769a8670c6d2a87409e18727ecc764d1a7cb6	true	200	present	741b2015dafd97ca23bfaa8e5e50e396674f337fa6443b21bc1a650e75ab8259	741b2015dafd97ca23bfaa8e5e50e396674f337fa6443b21bc1a650e75ab8259	match	ok	match	1024	34b059c2ead4f813a03fde62d32a81cd42dc6c6a8dbf9325c00af66eff16e38d	prepared_and_gateway_input_present	target-binding:69	69	INPUT	true	not_expected	present	0	false	true	true	ok	12	1	0	1785101554482372869	1785101554620282197	137.909328	92	16777216	b1dc941544c55bbfd4f0474ce4233da7f19d101354f9a5c4eb9d2e871eb994c4	16777292	16777216	4007.091248	573	65				unavailable_no_direct_event		unavailable_no_direct_event							50428493			53269367		not_expected_warm	partial_with_explicit_unavailable
379	379_c2-reusable-concurrency-16m-child-g010-g011	reusable-concurrency	16777216	10	fresh_first_use	0	s16777216-g010-fresh	26599920922144ac999920922124ac2b	/guest/c2-reusable-16m-r379-g010-g011	0.0.1@1785106816794	dc3b97bea58901e14b32424f3dd691a46b67818cbf444d57ec98ce2b09b4e2d6	true	200	present	25a1b247fc7d4c4d7b09da70af7d2bdda4c4ec7594190712c8147ff12b1f0675	25a1b247fc7d4c4d7b09da70af7d2bdda4c4ec7594190712c8147ff12b1f0675	match	ok	match	1024	34b059c2ead4f813a03fde62d32a81cd42dc6c6a8dbf9325c00af66eff16e38d	prepared_and_gateway_input_present	target-binding:120	120	CODE_INPUT	false	present	present	0	true	false	true	ok	1	2	1	1785106821854393907	1785106840164878120	18310.484213	999	16777216	b1dc941544c55bbfd4f0474ce4233da7f19d101354f9a5c4eb9d2e871eb994c4	16777292	16777216	8065.752124	573	65	30012	65164340		unavailable_no_direct_event		unavailable_no_direct_event							50248764			51573663	117371365	direct_event_complete	partial_with_explicit_unavailable
379	379_c2-reusable-concurrency-16m-child-g010-g011	reusable-concurrency	16777216	10	warm_followup	1	s16777216-g010-warm1	ee95e1984c584d4a95e1984c58dd4abe	/guest/c2-reusable-16m-r379-g010-g011	0.0.1@1785106816794	dc3b97bea58901e14b32424f3dd691a46b67818cbf444d57ec98ce2b09b4e2d6	true	200	present	1f6d4f8565bdfc55b53ea430d7523365bfd48b67502357e419b6282753b01c13	1f6d4f8565bdfc55b53ea430d7523365bfd48b67502357e419b6282753b01c13	match	ok	match	1024	34b059c2ead4f813a03fde62d32a81cd42dc6c6a8dbf9325c00af66eff16e38d	prepared_and_gateway_input_present	target-binding:120	120	INPUT	true	not_expected	present	0	false	true	true	ok	2	1	0	1785106840236184222	1785106840374832238	138.648016	75	16777216	b1dc941544c55bbfd4f0474ce4233da7f19d101354f9a5c4eb9d2e871eb994c4	16777292	16777216	8065.752124	573	65				unavailable_no_direct_event		unavailable_no_direct_event							51228519			52452141		not_expected_warm	partial_with_explicit_unavailable
379	379_c2-reusable-concurrency-16m-child-g010-g011	reusable-concurrency	16777216	10	warm_followup	2	s16777216-g010-warm2	13875b26b8c045ee875b26b8c015eefa	/guest/c2-reusable-16m-r379-g010-g011	0.0.1@1785106816794	dc3b97bea58901e14b32424f3dd691a46b67818cbf444d57ec98ce2b09b4e2d6	true	200	present	3788e313701aace6f74a6a7a70a440099b785195f14d88b28069ea96f3fa99b1	3788e313701aace6f74a6a7a70a440099b785195f14d88b28069ea96f3fa99b1	match	ok	match	1024	34b059c2ead4f813a03fde62d32a81cd42dc6c6a8dbf9325c00af66eff16e38d	prepared_and_gateway_input_present	target-binding:120	120	INPUT	true	not_expected	present	0	false	true	true	ok	3	1	0	1785106840421651297	1785106840633003294	211.351997	113	16777216	b1dc941544c55bbfd4f0474ce4233da7f19d101354f9a5c4eb9d2e871eb994c4	16777292	16777216	8065.752124	573	65				unavailable_no_direct_event		unavailable_no_direct_event							56928075			59092248		not_expected_warm	partial_with_explicit_unavailable
379	379_c2-reusable-concurrency-16m-child-g010-g011	reusable-concurrency	16777216	10	warm_followup	3	s16777216-g010-warm3	b6436c1a20f44e00836c1a20f4ae0084	/guest/c2-reusable-16m-r379-g010-g011	0.0.1@1785106816794	dc3b97bea58901e14b32424f3dd691a46b67818cbf444d57ec98ce2b09b4e2d6	true	200	present	03536b48990d263c56b3a8eca42445e467ee584cadd9918a114ceab959d2bbba	03536b48990d263c56b3a8eca42445e467ee584cadd9918a114ceab959d2bbba	match	ok	match	1024	34b059c2ead4f813a03fde62d32a81cd42dc6c6a8dbf9325c00af66eff16e38d	prepared_and_gateway_input_present	target-binding:120	120	INPUT	true	not_expected	present	0	false	true	true	ok	4	1	0	1785106840658206966	1785106840838339738	180.132772	87	16777216	b1dc941544c55bbfd4f0474ce4233da7f19d101354f9a5c4eb9d2e871eb994c4	16777292	16777216	8065.752124	573	65				unavailable_no_direct_event		unavailable_no_direct_event							52287452			54929786		not_expected_warm	partial_with_explicit_unavailable
379	379_c2-reusable-concurrency-16m-child-g010-g011	reusable-concurrency	16777216	10	warm_followup	4	s16777216-g010-warm4	d18ae1a22ee949738ae1a22ee9a97322	/guest/c2-reusable-16m-r379-g010-g011	0.0.1@1785106816794	dc3b97bea58901e14b32424f3dd691a46b67818cbf444d57ec98ce2b09b4e2d6	true	200	present	4ffaeb5b6f07fe0a0f3000573d3c65584b1db8dfe8fc7827b1745d46776872ec	4ffaeb5b6f07fe0a0f3000573d3c65584b1db8dfe8fc7827b1745d46776872ec	match	ok	match	1024	34b059c2ead4f813a03fde62d32a81cd42dc6c6a8dbf9325c00af66eff16e38d	prepared_and_gateway_input_present	target-binding:120	120	INPUT	true	not_expected	present	0	false	true	true	ok	5	1	0	1785106840872871127	1785106841010650381	137.779254	96	16777216	b1dc941544c55bbfd4f0474ce4233da7f19d101354f9a5c4eb9d2e871eb994c4	16777292	16777216	8065.752124	573	65				unavailable_no_direct_event		unavailable_no_direct_event							50820929			52326632		not_expected_warm	partial_with_explicit_unavailable
379	379_c2-reusable-concurrency-16m-child-g010-g011	reusable-concurrency	16777216	10	warm_followup	5	s16777216-g010-warm5	c9c6aad45ab9471186aad45ab997112e	/guest/c2-reusable-16m-r379-g010-g011	0.0.1@1785106816794	dc3b97bea58901e14b32424f3dd691a46b67818cbf444d57ec98ce2b09b4e2d6	true	200	present	12cc351481c540aa69c8246e9f0fd75e21e07013759a41fa17fd9fdcd87a518a	12cc351481c540aa69c8246e9f0fd75e21e07013759a41fa17fd9fdcd87a518a	match	ok	match	1024	34b059c2ead4f813a03fde62d32a81cd42dc6c6a8dbf9325c00af66eff16e38d	prepared_and_gateway_input_present	target-binding:120	120	INPUT	true	not_expected	present	0	false	true	true	ok	6	1	0	1785106841038907670	1785106841201360102	162.452432	78	16777216	b1dc941544c55bbfd4f0474ce4233da7f19d101354f9a5c4eb9d2e871eb994c4	16777292	16777216	8065.752124	573	65				unavailable_no_direct_event		unavailable_no_direct_event							51174673			51603231		not_expected_warm	partial_with_explicit_unavailable
379	379_c2-reusable-concurrency-16m-child-g010-g011	reusable-concurrency	16777216	11	fresh_first_use	0	s16777216-g011-fresh	343235032c914949b235032c91794954	/guest/c2-reusable-16m-r379-g010-g011	0.0.2@1785106842531	3c91793019e6ac0cc746b6c8acc6ff5cd88576d32ca897ff2b0b46604d43f5fd	true	200	present	4af267338b6a6d3c43cb38dbed1ae869ac485065e372711cff90bc89fc51ea89	4af267338b6a6d3c43cb38dbed1ae869ac485065e372711cff90bc89fc51ea89	match	ok	match	1024	34b059c2ead4f813a03fde62d32a81cd42dc6c6a8dbf9325c00af66eff16e38d	prepared_and_gateway_input_present	target-binding:179	179	CODE_INPUT	false	present	present	0	true	false	true	ok	7	1	0	1785106845705297433	1785106853361094424	7655.796991	996	16777216	b1dc941544c55bbfd4f0474ce4233da7f19d101354f9a5c4eb9d2e871eb994c4	16777292	16777216	3553.357860	573	65	12824	60841603		unavailable_no_direct_event		unavailable_no_direct_event							52147298			52509828	134184954	direct_event_complete	partial_with_explicit_unavailable
379	379_c2-reusable-concurrency-16m-child-g010-g011	reusable-concurrency	16777216	11	warm_followup	1	s16777216-g011-warm1	49d76a939619468e976a939619968e9e	/guest/c2-reusable-16m-r379-g010-g011	0.0.2@1785106842531	3c91793019e6ac0cc746b6c8acc6ff5cd88576d32ca897ff2b0b46604d43f5fd	true	200	present	1cdaf3b9f9672a354332fe38cdf334a6d7d23aeb63b466cb87f146984f950dac	1cdaf3b9f9672a354332fe38cdf334a6d7d23aeb63b466cb87f146984f950dac	match	ok	match	1024	34b059c2ead4f813a03fde62d32a81cd42dc6c6a8dbf9325c00af66eff16e38d	prepared_and_gateway_input_present	target-binding:179	179	INPUT	true	not_expected	present	0	false	true	true	ok	8	1	0	1785106853672979334	1785106853834192199	161.212865	82	16777216	b1dc941544c55bbfd4f0474ce4233da7f19d101354f9a5c4eb9d2e871eb994c4	16777292	16777216	3553.357860	573	65				unavailable_no_direct_event		unavailable_no_direct_event							50118975			51642906		not_expected_warm	partial_with_explicit_unavailable
379	379_c2-reusable-concurrency-16m-child-g010-g011	reusable-concurrency	16777216	11	warm_followup	2	s16777216-g011-warm2	5ac7c420bdc34f2287c420bdc30f2284	/guest/c2-reusable-16m-r379-g010-g011	0.0.2@1785106842531	3c91793019e6ac0cc746b6c8acc6ff5cd88576d32ca897ff2b0b46604d43f5fd	true	200	present	bef2f59dfe111afb41eb9c64aa2fb7934f8384776c295ba3ad546919c292292c	bef2f59dfe111afb41eb9c64aa2fb7934f8384776c295ba3ad546919c292292c	match	ok	match	1024	34b059c2ead4f813a03fde62d32a81cd42dc6c6a8dbf9325c00af66eff16e38d	prepared_and_gateway_input_present	target-binding:179	179	INPUT	true	not_expected	present	0	false	true	true	ok	9	1	0	1785106853854483610	1785106854013839839	159.356229	115	16777216	b1dc941544c55bbfd4f0474ce4233da7f19d101354f9a5c4eb9d2e871eb994c4	16777292	16777216	3553.357860	573	65				unavailable_no_direct_event		unavailable_no_direct_event							51080510			51524805		not_expected_warm	partial_with_explicit_unavailable
379	379_c2-reusable-concurrency-16m-child-g010-g011	reusable-concurrency	16777216	11	warm_followup	3	s16777216-g011-warm3	2757f8414277431e97f8414277731e0b	/guest/c2-reusable-16m-r379-g010-g011	0.0.2@1785106842531	3c91793019e6ac0cc746b6c8acc6ff5cd88576d32ca897ff2b0b46604d43f5fd	true	200	present	5603f3dd2c7dc569e1e142e5fe0474d53c319336f15e095150e6f4fcaaac3021	5603f3dd2c7dc569e1e142e5fe0474d53c319336f15e095150e6f4fcaaac3021	match	ok	match	1024	34b059c2ead4f813a03fde62d32a81cd42dc6c6a8dbf9325c00af66eff16e38d	prepared_and_gateway_input_present	target-binding:179	179	INPUT	true	not_expected	present	0	false	true	true	ok	10	1	0	1785106854046239287	1785106854187831621	141.592334	93	16777216	b1dc941544c55bbfd4f0474ce4233da7f19d101354f9a5c4eb9d2e871eb994c4	16777292	16777216	3553.357860	573	65				unavailable_no_direct_event		unavailable_no_direct_event							52787167			53231277		not_expected_warm	partial_with_explicit_unavailable
379	379_c2-reusable-concurrency-16m-child-g010-g011	reusable-concurrency	16777216	11	warm_followup	4	s16777216-g011-warm4	c5338f82ab3c4bd8b38f82ab3c3bd85e	/guest/c2-reusable-16m-r379-g010-g011	0.0.2@1785106842531	3c91793019e6ac0cc746b6c8acc6ff5cd88576d32ca897ff2b0b46604d43f5fd	true	200	present	8b9559e0c87865327b6d0a592452dc9f1f6833b29a071b82921fe0c97862cca6	8b9559e0c87865327b6d0a592452dc9f1f6833b29a071b82921fe0c97862cca6	match	ok	match	1024	34b059c2ead4f813a03fde62d32a81cd42dc6c6a8dbf9325c00af66eff16e38d	prepared_and_gateway_input_present	target-binding:179	179	INPUT	true	not_expected	present	0	false	true	true	ok	11	1	0	1785106854229896848	1785106854379915129	150.018281	91	16777216	b1dc941544c55bbfd4f0474ce4233da7f19d101354f9a5c4eb9d2e871eb994c4	16777292	16777216	3553.357860	573	65				unavailable_no_direct_event		unavailable_no_direct_event							50533579			50981451		not_expected_warm	partial_with_explicit_unavailable
379	379_c2-reusable-concurrency-16m-child-g010-g011	reusable-concurrency	16777216	11	warm_followup	5	s16777216-g011-warm5	a008a75c39a24a2288a75c39a23a222f	/guest/c2-reusable-16m-r379-g010-g011	0.0.2@1785106842531	3c91793019e6ac0cc746b6c8acc6ff5cd88576d32ca897ff2b0b46604d43f5fd	true	200	present	110bbd5f9cadbfafc9320da7daeb4a346aa48f72c5cf86300967be36cb543ec9	110bbd5f9cadbfafc9320da7daeb4a346aa48f72c5cf86300967be36cb543ec9	match	ok	match	1024	34b059c2ead4f813a03fde62d32a81cd42dc6c6a8dbf9325c00af66eff16e38d	prepared_and_gateway_input_present	target-binding:179	179	INPUT	true	not_expected	present	0	false	true	true	ok	12	1	0	1785106854395684170	1785106854550643848	154.959678	97	16777216	b1dc941544c55bbfd4f0474ce4233da7f19d101354f9a5c4eb9d2e871eb994c4	16777292	16777216	3553.357860	573	65				unavailable_no_direct_event		unavailable_no_direct_event							50119534			52778812		not_expected_warm	partial_with_explicit_unavailable
380	380_c2-reusable-concurrency-16m-child-g012-g013	reusable-concurrency	16777216	12	fresh_first_use	0	s16777216-g012-fresh	72ac6d3955fd49a7ac6d3955fdf9a7f4	/guest/c2-reusable-16m-r380-g012-g013	0.0.1@1785111401381	a6dc76981619d9865f35a60e2e0327e7d7207ef5b272ea068ae2b2a37ab17cbb	true	200	present	8c87fc1c8bf9ef45cce08e9d4ba41de93f9a822ba4c48c44f59cb0c85846d4e2	8c87fc1c8bf9ef45cce08e9d4ba41de93f9a822ba4c48c44f59cb0c85846d4e2	match	ok	match	1024	34b059c2ead4f813a03fde62d32a81cd42dc6c6a8dbf9325c00af66eff16e38d	prepared_and_gateway_input_present	target-binding:177	177	CODE_INPUT	false	present	present	0	true	false	true	ok	1	2	1	1785111405744226663	1785111424630194761	18885.968098	998	16777216	b1dc941544c55bbfd4f0474ce4233da7f19d101354f9a5c4eb9d2e871eb994c4	16777292	16777216	6287.095549	573	65	11893	67405259		unavailable_no_direct_event		unavailable_no_direct_event							50949893			51401688	83799353	direct_event_complete	partial_with_explicit_unavailable
380	380_c2-reusable-concurrency-16m-child-g012-g013	reusable-concurrency	16777216	12	warm_followup	1	s16777216-g012-warm1	3a2ab3e3b7134536aab3e3b713c53677	/guest/c2-reusable-16m-r380-g012-g013	0.0.1@1785111401381	a6dc76981619d9865f35a60e2e0327e7d7207ef5b272ea068ae2b2a37ab17cbb	true	200	present	f6f4d2138a789af2886da032b10cff19c482905f5953b1309b0da6e5a9169559	f6f4d2138a789af2886da032b10cff19c482905f5953b1309b0da6e5a9169559	match	ok	match	1024	34b059c2ead4f813a03fde62d32a81cd42dc6c6a8dbf9325c00af66eff16e38d	prepared_and_gateway_input_present	target-binding:177	177	INPUT	true	not_expected	present	0	false	true	true	ok	2	1	0	1785111424710146826	1785111424843866752	133.719926	74	16777216	b1dc941544c55bbfd4f0474ce4233da7f19d101354f9a5c4eb9d2e871eb994c4	16777292	16777216	6287.095549	573	65				unavailable_no_direct_event		unavailable_no_direct_event							50647740			51172823		not_expected_warm	partial_with_explicit_unavailable
380	380_c2-reusable-concurrency-16m-child-g012-g013	reusable-concurrency	16777216	12	warm_followup	2	s16777216-g012-warm2	9e3c9ae761184691bc9ae76118869162	/guest/c2-reusable-16m-r380-g012-g013	0.0.1@1785111401381	a6dc76981619d9865f35a60e2e0327e7d7207ef5b272ea068ae2b2a37ab17cbb	true	200	present	7b79448d176fa73b13cddfaa50ea97c22dedd240f959cc506421157b199c67b4	7b79448d176fa73b13cddfaa50ea97c22dedd240f959cc506421157b199c67b4	match	ok	match	1024	34b059c2ead4f813a03fde62d32a81cd42dc6c6a8dbf9325c00af66eff16e38d	prepared_and_gateway_input_present	target-binding:177	177	INPUT	true	not_expected	present	0	false	true	true	ok	3	1	0	1785111424886922420	1785111425030979863	144.057443	99	16777216	b1dc941544c55bbfd4f0474ce4233da7f19d101354f9a5c4eb9d2e871eb994c4	16777292	16777216	6287.095549	573	65				unavailable_no_direct_event		unavailable_no_direct_event							50596069			52991109		not_expected_warm	partial_with_explicit_unavailable
380	380_c2-reusable-concurrency-16m-child-g012-g013	reusable-concurrency	16777216	12	warm_followup	3	s16777216-g012-warm3	f65b8c48b72a44d09b8c48b72a14d07b	/guest/c2-reusable-16m-r380-g012-g013	0.0.1@1785111401381	a6dc76981619d9865f35a60e2e0327e7d7207ef5b272ea068ae2b2a37ab17cbb	true	200	present	71ffc10fb99172dfeafdbe3d08cfd998dfe210beb5bb1ab852c6aab23c57fee8	71ffc10fb99172dfeafdbe3d08cfd998dfe210beb5bb1ab852c6aab23c57fee8	match	ok	match	1024	34b059c2ead4f813a03fde62d32a81cd42dc6c6a8dbf9325c00af66eff16e38d	prepared_and_gateway_input_present	target-binding:177	177	INPUT	true	not_expected	present	0	false	true	true	ok	4	1	0	1785111425073199073	1785111425195270108	122.071035	85	16777216	b1dc941544c55bbfd4f0474ce4233da7f19d101354f9a5c4eb9d2e871eb994c4	16777292	16777216	6287.095549	573	65				unavailable_no_direct_event		unavailable_no_direct_event							51701994			53327107		not_expected_warm	partial_with_explicit_unavailable
380	380_c2-reusable-concurrency-16m-child-g012-g013	reusable-concurrency	16777216	12	warm_followup	4	s16777216-g012-warm4	9f73ba057eaf44eeb3ba057eaf24ee53	/guest/c2-reusable-16m-r380-g012-g013	0.0.1@1785111401381	a6dc76981619d9865f35a60e2e0327e7d7207ef5b272ea068ae2b2a37ab17cbb	true	200	present	fb18ddedaf9352a839b8d386db0e1296fd267dc3167e10ea551d0540b3824056	fb18ddedaf9352a839b8d386db0e1296fd267dc3167e10ea551d0540b3824056	match	ok	match	1024	34b059c2ead4f813a03fde62d32a81cd42dc6c6a8dbf9325c00af66eff16e38d	prepared_and_gateway_input_present	target-binding:177	177	INPUT	true	not_expected	present	0	false	true	true	ok	5	1	0	1785111425235873748	1785111425423030521	187.156773	138	16777216	b1dc941544c55bbfd4f0474ce4233da7f19d101354f9a5c4eb9d2e871eb994c4	16777292	16777216	6287.095549	573	65				unavailable_no_direct_event		unavailable_no_direct_event							50320030			52967931		not_expected_warm	partial_with_explicit_unavailable
380	380_c2-reusable-concurrency-16m-child-g012-g013	reusable-concurrency	16777216	12	warm_followup	5	s16777216-g012-warm5	1c6a24c545a843c4aa24c545a843c4d2	/guest/c2-reusable-16m-r380-g012-g013	0.0.1@1785111401381	a6dc76981619d9865f35a60e2e0327e7d7207ef5b272ea068ae2b2a37ab17cbb	true	200	present	3822d9b73f690680d74fbf53e5435d7ad5793483bc8084177679c470d4af924d	3822d9b73f690680d74fbf53e5435d7ad5793483bc8084177679c470d4af924d	match	ok	match	1024	34b059c2ead4f813a03fde62d32a81cd42dc6c6a8dbf9325c00af66eff16e38d	prepared_and_gateway_input_present	target-binding:177	177	INPUT	true	not_expected	present	0	false	true	true	ok	6	1	0	1785111425443867831	1785111425597248086	153.380255	102	16777216	b1dc941544c55bbfd4f0474ce4233da7f19d101354f9a5c4eb9d2e871eb994c4	16777292	16777216	6287.095549	573	65				unavailable_no_direct_event		unavailable_no_direct_event							51453725			52487681		not_expected_warm	partial_with_explicit_unavailable
380	380_c2-reusable-concurrency-16m-child-g012-g013	reusable-concurrency	16777216	13	fresh_first_use	0	s16777216-g013-fresh	d299bd211882468e99bd211882568ef5	/guest/c2-reusable-16m-r380-g012-g013	0.0.2@1785111427800	828a7f1746aebc287a58f3a61ca9756f824936c1bc81b644b98ff49c55cb90d3	true	200	present	640b8b3118e27cdb41eeaf8381b094dd7c5f17f8afb319dd5b3e48d781dd373a	640b8b3118e27cdb41eeaf8381b094dd7c5f17f8afb319dd5b3e48d781dd373a	match	ok	match	1024	34b059c2ead4f813a03fde62d32a81cd42dc6c6a8dbf9325c00af66eff16e38d	prepared_and_gateway_input_present	target-binding:167	167	CODE_INPUT	false	present	present	0	true	false	true	ok	7	1	0	1785111431084864211	1785111440296386628	9211.522417	936	16777216	b1dc941544c55bbfd4f0474ce4233da7f19d101354f9a5c4eb9d2e871eb994c4	16777292	16777216	4372.979321	573	65	9871	61297523		unavailable_no_direct_event		unavailable_no_direct_event							65020116			65480301	130410523	direct_event_complete	partial_with_explicit_unavailable
380	380_c2-reusable-concurrency-16m-child-g012-g013	reusable-concurrency	16777216	13	warm_followup	1	s16777216-g013-warm1	fe9ef41bdf8843849ef41bdf880384f2	/guest/c2-reusable-16m-r380-g012-g013	0.0.2@1785111427800	828a7f1746aebc287a58f3a61ca9756f824936c1bc81b644b98ff49c55cb90d3	true	200	present	72d8c85040943f4e14b0fdd61401bde055358dd8102543c6ec6920623b2de1c2	72d8c85040943f4e14b0fdd61401bde055358dd8102543c6ec6920623b2de1c2	match	ok	match	1024	34b059c2ead4f813a03fde62d32a81cd42dc6c6a8dbf9325c00af66eff16e38d	prepared_and_gateway_input_present	target-binding:167	167	INPUT	true	not_expected	present	0	false	true	true	ok	8	1	0	1785111440343041560	1785111440475982756	132.941196	85	16777216	b1dc941544c55bbfd4f0474ce4233da7f19d101354f9a5c4eb9d2e871eb994c4	16777292	16777216	4372.979321	573	65				unavailable_no_direct_event		unavailable_no_direct_event							50116739			51631006		not_expected_warm	partial_with_explicit_unavailable
380	380_c2-reusable-concurrency-16m-child-g012-g013	reusable-concurrency	16777216	13	warm_followup	2	s16777216-g013-warm2	abec90eafb474d0bac90eafb477d0b22	/guest/c2-reusable-16m-r380-g012-g013	0.0.2@1785111427800	828a7f1746aebc287a58f3a61ca9756f824936c1bc81b644b98ff49c55cb90d3	true	200	present	bd0117a19d3b2fccab7ac02ece087d990008616673ac2065c5c546cf25552883	bd0117a19d3b2fccab7ac02ece087d990008616673ac2065c5c546cf25552883	match	ok	match	1024	34b059c2ead4f813a03fde62d32a81cd42dc6c6a8dbf9325c00af66eff16e38d	prepared_and_gateway_input_present	target-binding:167	167	INPUT	true	not_expected	present	0	false	true	true	ok	9	1	0	1785111440507035956	1785111440648042216	141.00626	89	16777216	b1dc941544c55bbfd4f0474ce4233da7f19d101354f9a5c4eb9d2e871eb994c4	16777292	16777216	4372.979321	573	65				unavailable_no_direct_event		unavailable_no_direct_event							51455726			53549183		not_expected_warm	partial_with_explicit_unavailable
380	380_c2-reusable-concurrency-16m-child-g012-g013	reusable-concurrency	16777216	13	warm_followup	3	s16777216-g013-warm3	63a85fa6d71047ffa85fa6d710e7ff81	/guest/c2-reusable-16m-r380-g012-g013	0.0.2@1785111427800	828a7f1746aebc287a58f3a61ca9756f824936c1bc81b644b98ff49c55cb90d3	true	200	present	2f04015026b66be1a1b1bd592388eb9d680cfe9e5f1de65c5a08b804ae09ef40	2f04015026b66be1a1b1bd592388eb9d680cfe9e5f1de65c5a08b804ae09ef40	match	ok	match	1024	34b059c2ead4f813a03fde62d32a81cd42dc6c6a8dbf9325c00af66eff16e38d	prepared_and_gateway_input_present	target-binding:167	167	INPUT	true	not_expected	present	0	false	true	true	ok	10	1	0	1785111440675446000	1785111440811563510	136.11751	96	16777216	b1dc941544c55bbfd4f0474ce4233da7f19d101354f9a5c4eb9d2e871eb994c4	16777292	16777216	4372.979321	573	65				unavailable_no_direct_event		unavailable_no_direct_event							51981030			55141779		not_expected_warm	partial_with_explicit_unavailable
380	380_c2-reusable-concurrency-16m-child-g012-g013	reusable-concurrency	16777216	13	warm_followup	4	s16777216-g013-warm4	be6420e67c1f4443a420e67c1fb44371	/guest/c2-reusable-16m-r380-g012-g013	0.0.2@1785111427800	828a7f1746aebc287a58f3a61ca9756f824936c1bc81b644b98ff49c55cb90d3	true	200	present	2de143cd1c313fc2689f1be75735bd0487d7a39debc7178ef7ed36f534bcb960	2de143cd1c313fc2689f1be75735bd0487d7a39debc7178ef7ed36f534bcb960	match	ok	match	1024	34b059c2ead4f813a03fde62d32a81cd42dc6c6a8dbf9325c00af66eff16e38d	prepared_and_gateway_input_present	target-binding:167	167	INPUT	true	not_expected	present	0	false	true	true	ok	11	1	0	1785111440842596365	1785111440978940627	136.344262	90	16777216	b1dc941544c55bbfd4f0474ce4233da7f19d101354f9a5c4eb9d2e871eb994c4	16777292	16777216	4372.979321	573	65				unavailable_no_direct_event		unavailable_no_direct_event							52867930			53901385		not_expected_warm	partial_with_explicit_unavailable
380	380_c2-reusable-concurrency-16m-child-g012-g013	reusable-concurrency	16777216	13	warm_followup	5	s16777216-g013-warm5	4bb2257b21e64474b2257b21e68474fd	/guest/c2-reusable-16m-r380-g012-g013	0.0.2@1785111427800	828a7f1746aebc287a58f3a61ca9756f824936c1bc81b644b98ff49c55cb90d3	true	200	present	f073c09722c065cf6a8e4b0edba78e0eec158773b5058aabe0e74a8946c15a7c	f073c09722c065cf6a8e4b0edba78e0eec158773b5058aabe0e74a8946c15a7c	match	ok	match	1024	34b059c2ead4f813a03fde62d32a81cd42dc6c6a8dbf9325c00af66eff16e38d	prepared_and_gateway_input_present	target-binding:167	167	INPUT	true	not_expected	present	0	false	true	true	ok	12	1	0	1785111441013652532	1785111441145840440	132.187908	78	16777216	b1dc941544c55bbfd4f0474ce4233da7f19d101354f9a5c4eb9d2e871eb994c4	16777292	16777216	4372.979321	573	65				unavailable_no_direct_event		unavailable_no_direct_event							50441311			52533525		not_expected_warm	partial_with_explicit_unavailable
381	381_c2-reusable-concurrency-16m-child-g014-g015	reusable-concurrency	16777216	14	fresh_first_use	0	s16777216-g014-fresh	8c5c7c1bdcd74cff9c7c1bdcd76cff40	/guest/c2-reusable-16m-r381-g014-g015	0.0.1@1785116998415	b2229fcbf01e5c3ba0ae061cbdf11097198dca3f8924a7129945ecd8829135ed	true	200	present	203f6d665c342c723891d870b8a26aa093c92deedc27636782e844e35f3f4b63	203f6d665c342c723891d870b8a26aa093c92deedc27636782e844e35f3f4b63	match	ok	match	1024	34b059c2ead4f813a03fde62d32a81cd42dc6c6a8dbf9325c00af66eff16e38d	prepared_and_gateway_input_present	target-binding:149	149	CODE_INPUT	false	present	present	0	true	false	true	ok	1	2	1	1785117002277894192	1785117023765606017	21487.711825	1121	16777216	b1dc941544c55bbfd4f0474ce4233da7f19d101354f9a5c4eb9d2e871eb994c4	16777292	16777216	5477.223211	573	65	13807	65427020		unavailable_no_direct_event		unavailable_no_direct_event							51161230			51658822	221214460	direct_event_complete	partial_with_explicit_unavailable
381	381_c2-reusable-concurrency-16m-child-g014-g015	reusable-concurrency	16777216	14	warm_followup	1	s16777216-g014-warm1	bcc1f5c1ddca475381f5c1ddcae753c0	/guest/c2-reusable-16m-r381-g014-g015	0.0.1@1785116998415	b2229fcbf01e5c3ba0ae061cbdf11097198dca3f8924a7129945ecd8829135ed	true	200	present	30fa45a5c92c9681deb420981d0db4c47f096d1216e9b98baed406f11dd16264	30fa45a5c92c9681deb420981d0db4c47f096d1216e9b98baed406f11dd16264	match	ok	match	1024	34b059c2ead4f813a03fde62d32a81cd42dc6c6a8dbf9325c00af66eff16e38d	prepared_and_gateway_input_present	target-binding:149	149	INPUT	true	not_expected	present	0	false	true	true	ok	2	1	0	1785117024092881417	1785117024242263293	149.381876	97	16777216	b1dc941544c55bbfd4f0474ce4233da7f19d101354f9a5c4eb9d2e871eb994c4	16777292	16777216	5477.223211	573	65				unavailable_no_direct_event		unavailable_no_direct_event							51653453			52116491		not_expected_warm	partial_with_explicit_unavailable
381	381_c2-reusable-concurrency-16m-child-g014-g015	reusable-concurrency	16777216	14	warm_followup	2	s16777216-g014-warm2	62e31bb42429449aa31bb42429549a61	/guest/c2-reusable-16m-r381-g014-g015	0.0.1@1785116998415	b2229fcbf01e5c3ba0ae061cbdf11097198dca3f8924a7129945ecd8829135ed	true	200	present	a7e9e14d84b6537dc95e5a60d7a708352ea26b869c2b970f6993abd3bf7b3c7f	a7e9e14d84b6537dc95e5a60d7a708352ea26b869c2b970f6993abd3bf7b3c7f	match	ok	match	1024	34b059c2ead4f813a03fde62d32a81cd42dc6c6a8dbf9325c00af66eff16e38d	prepared_and_gateway_input_present	target-binding:149	149	INPUT	true	not_expected	present	0	false	true	true	ok	3	1	0	1785117024278745725	1785117024512911387	234.165662	129	16777216	b1dc941544c55bbfd4f0474ce4233da7f19d101354f9a5c4eb9d2e871eb994c4	16777292	16777216	5477.223211	573	65				unavailable_no_direct_event		unavailable_no_direct_event							52875390			53324512		not_expected_warm	partial_with_explicit_unavailable
381	381_c2-reusable-concurrency-16m-child-g014-g015	reusable-concurrency	16777216	14	warm_followup	3	s16777216-g014-warm3	6fd01ee9bfcf4a0f901ee9bfcf6a0fe9	/guest/c2-reusable-16m-r381-g014-g015	0.0.1@1785116998415	b2229fcbf01e5c3ba0ae061cbdf11097198dca3f8924a7129945ecd8829135ed	true	200	present	3a42abd315c636739aa405f9cbac22914505707cba48b7223c61f127b3634925	3a42abd315c636739aa405f9cbac22914505707cba48b7223c61f127b3634925	match	ok	match	1024	34b059c2ead4f813a03fde62d32a81cd42dc6c6a8dbf9325c00af66eff16e38d	prepared_and_gateway_input_present	target-binding:149	149	INPUT	true	not_expected	present	0	false	true	true	ok	4	1	0	1785117024546421508	1785117024702481862	156.060354	104	16777216	b1dc941544c55bbfd4f0474ce4233da7f19d101354f9a5c4eb9d2e871eb994c4	16777292	16777216	5477.223211	573	65				unavailable_no_direct_event		unavailable_no_direct_event							50178533			52266616		not_expected_warm	partial_with_explicit_unavailable
381	381_c2-reusable-concurrency-16m-child-g014-g015	reusable-concurrency	16777216	14	warm_followup	4	s16777216-g014-warm4	81cecc33f96b455e8ecc33f96b755eb7	/guest/c2-reusable-16m-r381-g014-g015	0.0.1@1785116998415	b2229fcbf01e5c3ba0ae061cbdf11097198dca3f8924a7129945ecd8829135ed	true	200	present	64bd3ad7f727f4703068b1ba0191422c0f1f46fccaef843281cdd8082412bf72	64bd3ad7f727f4703068b1ba0191422c0f1f46fccaef843281cdd8082412bf72	match	ok	match	1024	34b059c2ead4f813a03fde62d32a81cd42dc6c6a8dbf9325c00af66eff16e38d	prepared_and_gateway_input_present	target-binding:149	149	INPUT	true	not_expected	present	0	false	true	true	ok	5	1	0	1785117024736503087	1785117024880694696	144.191609	104	16777216	b1dc941544c55bbfd4f0474ce4233da7f19d101354f9a5c4eb9d2e871eb994c4	16777292	16777216	5477.223211	573	65				unavailable_no_direct_event		unavailable_no_direct_event							50571431			51787293		not_expected_warm	partial_with_explicit_unavailable
381	381_c2-reusable-concurrency-16m-child-g014-g015	reusable-concurrency	16777216	14	warm_followup	5	s16777216-g014-warm5	9674eabb6f734c3eb4eabb6f731c3e65	/guest/c2-reusable-16m-r381-g014-g015	0.0.1@1785116998415	b2229fcbf01e5c3ba0ae061cbdf11097198dca3f8924a7129945ecd8829135ed	true	200	present	68d2e1f00a7a33249d4d1c9b274b6069b9a9fe77460c0aad7abb93f7f317e4af	68d2e1f00a7a33249d4d1c9b274b6069b9a9fe77460c0aad7abb93f7f317e4af	match	ok	match	1024	34b059c2ead4f813a03fde62d32a81cd42dc6c6a8dbf9325c00af66eff16e38d	prepared_and_gateway_input_present	target-binding:149	149	INPUT	true	not_expected	present	0	false	true	true	ok	6	1	0	1785117024919247914	1785117025083258960	164.011046	97	16777216	b1dc941544c55bbfd4f0474ce4233da7f19d101354f9a5c4eb9d2e871eb994c4	16777292	16777216	5477.223211	573	65				unavailable_no_direct_event		unavailable_no_direct_event							50120041			52135105		not_expected_warm	partial_with_explicit_unavailable
381	381_c2-reusable-concurrency-16m-child-g014-g015	reusable-concurrency	16777216	15	fresh_first_use	0	s16777216-g015-fresh	c2e6b6fafccf466da6b6fafccf466dc8	/guest/c2-reusable-16m-r381-g014-g015	0.0.2@1785117026596	6a4d95f8a34ef887b46c27a88d0f30f27883f46552fdd58e95b162c9c5016d81	true	200	present	fdd58b015d5d47a40b4e226f7cff518855ad72c2e3197c05b29a8663502f61b5	fdd58b015d5d47a40b4e226f7cff518855ad72c2e3197c05b29a8663502f61b5	match	ok	match	1024	34b059c2ead4f813a03fde62d32a81cd42dc6c6a8dbf9325c00af66eff16e38d	prepared_and_gateway_input_present	target-binding:157	157	CODE_INPUT	false	present	present	0	true	false	true	ok	7	1	0	1785117029681005633	1785117037581743454	7900.737821	933	16777216	b1dc941544c55bbfd4f0474ce4233da7f19d101354f9a5c4eb9d2e871eb994c4	16777292	16777216	3513.381377	573	65	16555	64069939		unavailable_no_direct_event		unavailable_no_direct_event							55762537			57842007	167934291	direct_event_complete	partial_with_explicit_unavailable
381	381_c2-reusable-concurrency-16m-child-g014-g015	reusable-concurrency	16777216	15	warm_followup	1	s16777216-g015-warm1	43d6d0d8b840479c96d0d8b840879c44	/guest/c2-reusable-16m-r381-g014-g015	0.0.2@1785117026596	6a4d95f8a34ef887b46c27a88d0f30f27883f46552fdd58e95b162c9c5016d81	true	200	present	09545f631cb0a5a1ee4765332e89136d062084eec285092d8bc33b428fcad6c5	09545f631cb0a5a1ee4765332e89136d062084eec285092d8bc33b428fcad6c5	match	ok	match	1024	34b059c2ead4f813a03fde62d32a81cd42dc6c6a8dbf9325c00af66eff16e38d	prepared_and_gateway_input_present	target-binding:157	157	INPUT	true	not_expected	present	0	false	true	true	ok	8	1	0	1785117037633406841	1785117037794223508	160.816667	78	16777216	b1dc941544c55bbfd4f0474ce4233da7f19d101354f9a5c4eb9d2e871eb994c4	16777292	16777216	3513.381377	573	65				unavailable_no_direct_event		unavailable_no_direct_event							50330938			52481299		not_expected_warm	partial_with_explicit_unavailable
381	381_c2-reusable-concurrency-16m-child-g014-g015	reusable-concurrency	16777216	15	warm_followup	2	s16777216-g015-warm2	1088f1aa69f34a7688f1aa69f30a76ab	/guest/c2-reusable-16m-r381-g014-g015	0.0.2@1785117026596	6a4d95f8a34ef887b46c27a88d0f30f27883f46552fdd58e95b162c9c5016d81	true	200	present	d3f0d9c4fa53bae2993d74ffa0a266005ec6ff5e4e24b5047016ca1e6ab37a09	d3f0d9c4fa53bae2993d74ffa0a266005ec6ff5e4e24b5047016ca1e6ab37a09	match	ok	match	1024	34b059c2ead4f813a03fde62d32a81cd42dc6c6a8dbf9325c00af66eff16e38d	prepared_and_gateway_input_present	target-binding:157	157	INPUT	true	not_expected	present	0	false	true	true	ok	9	1	0	1785117037824133065	1785117037964860511	140.727446	100	16777216	b1dc941544c55bbfd4f0474ce4233da7f19d101354f9a5c4eb9d2e871eb994c4	16777292	16777216	3513.381377	573	65				unavailable_no_direct_event		unavailable_no_direct_event							50660929			52081318		not_expected_warm	partial_with_explicit_unavailable
381	381_c2-reusable-concurrency-16m-child-g014-g015	reusable-concurrency	16777216	15	warm_followup	3	s16777216-g015-warm3	29566b13455c44ab966b13455cc4abeb	/guest/c2-reusable-16m-r381-g014-g015	0.0.2@1785117026596	6a4d95f8a34ef887b46c27a88d0f30f27883f46552fdd58e95b162c9c5016d81	true	200	present	f36caf3d59887bf9d135a9e0cbad27b21078c45d99a7dfb0c438d2c40f0c0b7b	f36caf3d59887bf9d135a9e0cbad27b21078c45d99a7dfb0c438d2c40f0c0b7b	match	ok	match	1024	34b059c2ead4f813a03fde62d32a81cd42dc6c6a8dbf9325c00af66eff16e38d	prepared_and_gateway_input_present	target-binding:157	157	INPUT	true	not_expected	present	0	false	true	true	ok	10	1	0	1785117038007352533	1785117038140764074	133.411541	84	16777216	b1dc941544c55bbfd4f0474ce4233da7f19d101354f9a5c4eb9d2e871eb994c4	16777292	16777216	3513.381377	573	65				unavailable_no_direct_event		unavailable_no_direct_event							50693797			57382221		not_expected_warm	partial_with_explicit_unavailable
381	381_c2-reusable-concurrency-16m-child-g014-g015	reusable-concurrency	16777216	15	warm_followup	4	s16777216-g015-warm4	032031fd20f54df5a031fd20f54df550	/guest/c2-reusable-16m-r381-g014-g015	0.0.2@1785117026596	6a4d95f8a34ef887b46c27a88d0f30f27883f46552fdd58e95b162c9c5016d81	true	200	present	fc04fb9d032b54db59ec77b485500aef11c06e7085d39b05ecf0e5426b0523d7	fc04fb9d032b54db59ec77b485500aef11c06e7085d39b05ecf0e5426b0523d7	match	ok	match	1024	34b059c2ead4f813a03fde62d32a81cd42dc6c6a8dbf9325c00af66eff16e38d	prepared_and_gateway_input_present	target-binding:157	157	INPUT	true	not_expected	present	0	false	true	true	ok	11	1	0	1785117038175418459	1785117038352052902	176.634443	120	16777216	b1dc941544c55bbfd4f0474ce4233da7f19d101354f9a5c4eb9d2e871eb994c4	16777292	16777216	3513.381377	573	65				unavailable_no_direct_event		unavailable_no_direct_event							50510397			53548668		not_expected_warm	partial_with_explicit_unavailable
381	381_c2-reusable-concurrency-16m-child-g014-g015	reusable-concurrency	16777216	15	warm_followup	5	s16777216-g015-warm5	4c6ba4f426384fb1aba4f42638cfb1b1	/guest/c2-reusable-16m-r381-g014-g015	0.0.2@1785117026596	6a4d95f8a34ef887b46c27a88d0f30f27883f46552fdd58e95b162c9c5016d81	true	200	present	be83716cdc0f1ef849fefe2c42482ff879200d5cb26e7125e705ef065c6d5110	be83716cdc0f1ef849fefe2c42482ff879200d5cb26e7125e705ef065c6d5110	match	ok	match	1024	34b059c2ead4f813a03fde62d32a81cd42dc6c6a8dbf9325c00af66eff16e38d	prepared_and_gateway_input_present	target-binding:157	157	INPUT	true	not_expected	present	0	false	true	true	ok	12	1	0	1785117038381229502	1785117038523103647	141.874145	83	16777216	b1dc941544c55bbfd4f0474ce4233da7f19d101354f9a5c4eb9d2e871eb994c4	16777292	16777216	3513.381377	573	65				unavailable_no_direct_event		unavailable_no_direct_event							50504792			52580581		not_expected_warm	partial_with_explicit_unavailable
382	382_c2-reusable-concurrency-16m-child-g016-g017	reusable-concurrency	16777216	16	fresh_first_use	0	s16777216-g016-fresh	d8d0143a53a84e5290143a53a86e526d	/guest/c2-reusable-16m-r382-g016-g017	0.0.1@1785121601693	5b2f9ad1d70e7afaca41d95babd25aa73d17a27ab007e6246dbbd4c3ea469d49	true	200	present	bee01194cf4f7d2dd95d2c29410ae7a69e33e6ddee7d3fd05539925c1a92ea7c	bee01194cf4f7d2dd95d2c29410ae7a69e33e6ddee7d3fd05539925c1a92ea7c	match	ok	match	1024	34b059c2ead4f813a03fde62d32a81cd42dc6c6a8dbf9325c00af66eff16e38d	prepared_and_gateway_input_present	target-binding:203	203	CODE_INPUT	false	present	present	0	true	false	true	ok	1	1	0	1785121605503668826	1785121614376359939	8872.691113	1007	16777216	b1dc941544c55bbfd4f0474ce4233da7f19d101354f9a5c4eb9d2e871eb994c4	16777292	16777216	4931.480287	573	65	11549	64213283		unavailable_no_direct_event		unavailable_no_direct_event							50445073			52514879	137111438	direct_event_complete	partial_with_explicit_unavailable
382	382_c2-reusable-concurrency-16m-child-g016-g017	reusable-concurrency	16777216	16	warm_followup	1	s16777216-g016-warm1	e9172cbd93ad41f5972cbd93adc1f517	/guest/c2-reusable-16m-r382-g016-g017	0.0.1@1785121601693	5b2f9ad1d70e7afaca41d95babd25aa73d17a27ab007e6246dbbd4c3ea469d49	true	200	present	be83e918a732c973822c399cf79998e2f0d7bcbfb4745a390cfe72652f49235b	be83e918a732c973822c399cf79998e2f0d7bcbfb4745a390cfe72652f49235b	match	ok	match	1024	34b059c2ead4f813a03fde62d32a81cd42dc6c6a8dbf9325c00af66eff16e38d	prepared_and_gateway_input_present	target-binding:203	203	INPUT	true	not_expected	present	0	false	true	true	ok	2	1	0	1785121614438062996	1785121614572261506	134.19851	72	16777216	b1dc941544c55bbfd4f0474ce4233da7f19d101354f9a5c4eb9d2e871eb994c4	16777292	16777216	4931.480287	573	65				unavailable_no_direct_event		unavailable_no_direct_event							50988827			52019190		not_expected_warm	partial_with_explicit_unavailable
382	382_c2-reusable-concurrency-16m-child-g016-g017	reusable-concurrency	16777216	16	warm_followup	2	s16777216-g016-warm2	6dc35dff406241bf835dff4062b1bfcb	/guest/c2-reusable-16m-r382-g016-g017	0.0.1@1785121601693	5b2f9ad1d70e7afaca41d95babd25aa73d17a27ab007e6246dbbd4c3ea469d49	true	200	present	f9184e25187ebb234f68c9d7f3f5d20a6a362c01f5565f18a6d69349e67fa1c3	f9184e25187ebb234f68c9d7f3f5d20a6a362c01f5565f18a6d69349e67fa1c3	match	ok	match	1024	34b059c2ead4f813a03fde62d32a81cd42dc6c6a8dbf9325c00af66eff16e38d	prepared_and_gateway_input_present	target-binding:203	203	INPUT	true	not_expected	present	0	false	true	true	ok	3	1	0	1785121614600641501	1785121614724769221	124.12772	81	16777216	b1dc941544c55bbfd4f0474ce4233da7f19d101354f9a5c4eb9d2e871eb994c4	16777292	16777216	4931.480287	573	65				unavailable_no_direct_event		unavailable_no_direct_event							50108607			52768447		not_expected_warm	partial_with_explicit_unavailable
382	382_c2-reusable-concurrency-16m-child-g016-g017	reusable-concurrency	16777216	16	warm_followup	3	s16777216-g016-warm3	93b0719531554939b0719531559939d3	/guest/c2-reusable-16m-r382-g016-g017	0.0.1@1785121601693	5b2f9ad1d70e7afaca41d95babd25aa73d17a27ab007e6246dbbd4c3ea469d49	true	200	present	5cbdfb0ab8d0f3001f28ad933b6b3ff7b4f8b4f63bf61b57d3c213031335cc66	5cbdfb0ab8d0f3001f28ad933b6b3ff7b4f8b4f63bf61b57d3c213031335cc66	match	ok	match	1024	34b059c2ead4f813a03fde62d32a81cd42dc6c6a8dbf9325c00af66eff16e38d	prepared_and_gateway_input_present	target-binding:203	203	INPUT	true	not_expected	present	0	false	true	true	ok	4	1	0	1785121614760718485	1785121614949038016	188.319531	122	16777216	b1dc941544c55bbfd4f0474ce4233da7f19d101354f9a5c4eb9d2e871eb994c4	16777292	16777216	4931.480287	573	65				unavailable_no_direct_event		unavailable_no_direct_event							50690099			51718773		not_expected_warm	partial_with_explicit_unavailable
382	382_c2-reusable-concurrency-16m-child-g016-g017	reusable-concurrency	16777216	16	warm_followup	4	s16777216-g016-warm4	1f7035a4bb2c484eb035a4bb2c084ee7	/guest/c2-reusable-16m-r382-g016-g017	0.0.1@1785121601693	5b2f9ad1d70e7afaca41d95babd25aa73d17a27ab007e6246dbbd4c3ea469d49	true	200	present	0c10cf7d9ef6c1cf7b196339642a053f608fbbb7397f94a020482e2be52e8521	0c10cf7d9ef6c1cf7b196339642a053f608fbbb7397f94a020482e2be52e8521	match	ok	match	1024	34b059c2ead4f813a03fde62d32a81cd42dc6c6a8dbf9325c00af66eff16e38d	prepared_and_gateway_input_present	target-binding:203	203	INPUT	true	not_expected	present	0	false	true	true	ok	5	1	0	1785121614973131085	1785121615098228861	125.097776	81	16777216	b1dc941544c55bbfd4f0474ce4233da7f19d101354f9a5c4eb9d2e871eb994c4	16777292	16777216	4931.480287	573	65				unavailable_no_direct_event		unavailable_no_direct_event							50585127			52672466		not_expected_warm	partial_with_explicit_unavailable
382	382_c2-reusable-concurrency-16m-child-g016-g017	reusable-concurrency	16777216	16	warm_followup	5	s16777216-g016-warm5	9633d3a5338a423db3d3a5338af23de3	/guest/c2-reusable-16m-r382-g016-g017	0.0.1@1785121601693	5b2f9ad1d70e7afaca41d95babd25aa73d17a27ab007e6246dbbd4c3ea469d49	true	200	present	c59082e1f54dbd6ab2cc4be124afbae61ba6d8651e3abaafc0d8db96504c83b7	c59082e1f54dbd6ab2cc4be124afbae61ba6d8651e3abaafc0d8db96504c83b7	match	ok	match	1024	34b059c2ead4f813a03fde62d32a81cd42dc6c6a8dbf9325c00af66eff16e38d	prepared_and_gateway_input_present	target-binding:203	203	INPUT	true	not_expected	present	0	false	true	true	ok	6	1	0	1785121615130955759	1785121615269590883	138.635124	82	16777216	b1dc941544c55bbfd4f0474ce4233da7f19d101354f9a5c4eb9d2e871eb994c4	16777292	16777216	4931.480287	573	65				unavailable_no_direct_event		unavailable_no_direct_event							50769753			52857909		not_expected_warm	partial_with_explicit_unavailable
382	382_c2-reusable-concurrency-16m-child-g016-g017	reusable-concurrency	16777216	17	fresh_first_use	0	s16777216-g017-fresh	dddc074b6bbd46de9c074b6bbd66de98	/guest/c2-reusable-16m-r382-g016-g017	0.0.2@1785121616841	648d63270a8b60c1a0bb47b69cd6de678b6700c33463849de11ecfe479f3f507	true	200	present	90f0465c1080574942e0a71c20b1feba45f4eac9ed57d3f88b21507f2bbf0ffc	90f0465c1080574942e0a71c20b1feba45f4eac9ed57d3f88b21507f2bbf0ffc	match	ok	match	1024	34b059c2ead4f813a03fde62d32a81cd42dc6c6a8dbf9325c00af66eff16e38d	prepared_and_gateway_input_present	target-binding:204	204	CODE_INPUT	false	present	present	0	true	false	true	ok	7	1	0	1785121620096920453	1785121627919251486	7822.331033	865	16777216	b1dc941544c55bbfd4f0474ce4233da7f19d101354f9a5c4eb9d2e871eb994c4	16777292	16777216	3603.263007	573	65	10416	72181220		unavailable_no_direct_event		unavailable_no_direct_event							50429481			51812553	137305977	direct_event_complete	partial_with_explicit_unavailable
382	382_c2-reusable-concurrency-16m-child-g016-g017	reusable-concurrency	16777216	17	warm_followup	1	s16777216-g017-warm1	ff00037a129a456b80037a129ab56ba9	/guest/c2-reusable-16m-r382-g016-g017	0.0.2@1785121616841	648d63270a8b60c1a0bb47b69cd6de678b6700c33463849de11ecfe479f3f507	true	200	present	473548df26d7c152a9f407ca5aef2ddc9087f2a2bdbf2287bef4cdcc3e2d93df	473548df26d7c152a9f407ca5aef2ddc9087f2a2bdbf2287bef4cdcc3e2d93df	match	ok	match	1024	34b059c2ead4f813a03fde62d32a81cd42dc6c6a8dbf9325c00af66eff16e38d	prepared_and_gateway_input_present	target-binding:204	204	INPUT	true	not_expected	present	0	false	true	true	ok	8	1	0	1785121628271023029	1785121628414092367	143.069338	76	16777216	b1dc941544c55bbfd4f0474ce4233da7f19d101354f9a5c4eb9d2e871eb994c4	16777292	16777216	3603.263007	573	65				unavailable_no_direct_event		unavailable_no_direct_event							50132715			51694697		not_expected_warm	partial_with_explicit_unavailable
382	382_c2-reusable-concurrency-16m-child-g016-g017	reusable-concurrency	16777216	17	warm_followup	2	s16777216-g017-warm2	91f077ba84314d10b077ba84312d1099	/guest/c2-reusable-16m-r382-g016-g017	0.0.2@1785121616841	648d63270a8b60c1a0bb47b69cd6de678b6700c33463849de11ecfe479f3f507	true	200	present	634777e52f34eb9f95a5df7cb639cb11d74ab90443d48b43fa2dec36be8bcbce	634777e52f34eb9f95a5df7cb639cb11d74ab90443d48b43fa2dec36be8bcbce	match	ok	match	1024	34b059c2ead4f813a03fde62d32a81cd42dc6c6a8dbf9325c00af66eff16e38d	prepared_and_gateway_input_present	target-binding:204	204	INPUT	true	not_expected	present	0	false	true	true	ok	9	1	0	1785121628429393245	1785121628575965589	146.572344	103	16777216	b1dc941544c55bbfd4f0474ce4233da7f19d101354f9a5c4eb9d2e871eb994c4	16777292	16777216	3603.263007	573	65				unavailable_no_direct_event		unavailable_no_direct_event							50592531			54052567		not_expected_warm	partial_with_explicit_unavailable
382	382_c2-reusable-concurrency-16m-child-g016-g017	reusable-concurrency	16777216	17	warm_followup	3	s16777216-g017-warm3	e35a00613d3d496f9a00613d3dc96fbb	/guest/c2-reusable-16m-r382-g016-g017	0.0.2@1785121616841	648d63270a8b60c1a0bb47b69cd6de678b6700c33463849de11ecfe479f3f507	true	200	present	a60fc0b9839eb2367084dc6269810da5c2ab73921187303143c6d66325c7fa46	a60fc0b9839eb2367084dc6269810da5c2ab73921187303143c6d66325c7fa46	match	ok	match	1024	34b059c2ead4f813a03fde62d32a81cd42dc6c6a8dbf9325c00af66eff16e38d	prepared_and_gateway_input_present	target-binding:204	204	INPUT	true	not_expected	present	0	false	true	true	ok	10	1	0	1785121628617622657	1785121628779470640	161.847983	86	16777216	b1dc941544c55bbfd4f0474ce4233da7f19d101354f9a5c4eb9d2e871eb994c4	16777292	16777216	3603.263007	573	65				unavailable_no_direct_event		unavailable_no_direct_event							50859069			52950089		not_expected_warm	partial_with_explicit_unavailable
382	382_c2-reusable-concurrency-16m-child-g016-g017	reusable-concurrency	16777216	17	warm_followup	4	s16777216-g017-warm4	de766a48584f4afdb66a48584fbafdea	/guest/c2-reusable-16m-r382-g016-g017	0.0.2@1785121616841	648d63270a8b60c1a0bb47b69cd6de678b6700c33463849de11ecfe479f3f507	true	200	present	15e5c38c068b137ee1789ca977f0f872d394b8b35d369d2c8859d6c5d524e576	15e5c38c068b137ee1789ca977f0f872d394b8b35d369d2c8859d6c5d524e576	match	ok	match	1024	34b059c2ead4f813a03fde62d32a81cd42dc6c6a8dbf9325c00af66eff16e38d	prepared_and_gateway_input_present	target-binding:204	204	INPUT	true	not_expected	present	0	false	true	true	ok	11	1	0	1785121628813815926	1785121628969008468	155.192542	88	16777216	b1dc941544c55bbfd4f0474ce4233da7f19d101354f9a5c4eb9d2e871eb994c4	16777292	16777216	3603.263007	573	65				unavailable_no_direct_event		unavailable_no_direct_event							50626906			52203429		not_expected_warm	partial_with_explicit_unavailable
382	382_c2-reusable-concurrency-16m-child-g016-g017	reusable-concurrency	16777216	17	warm_followup	5	s16777216-g017-warm5	d186154d4d474e4186154d4d474e4100	/guest/c2-reusable-16m-r382-g016-g017	0.0.2@1785121616841	648d63270a8b60c1a0bb47b69cd6de678b6700c33463849de11ecfe479f3f507	true	200	present	efec2dab1fa2f8866d2907dfe84af385b55075d596d367056193bfb312036577	efec2dab1fa2f8866d2907dfe84af385b55075d596d367056193bfb312036577	match	ok	match	1024	34b059c2ead4f813a03fde62d32a81cd42dc6c6a8dbf9325c00af66eff16e38d	prepared_and_gateway_input_present	target-binding:204	204	INPUT	true	not_expected	present	0	false	true	true	ok	12	1	0	1785121628990314805	1785121629135552227	145.237422	93	16777216	b1dc941544c55bbfd4f0474ce4233da7f19d101354f9a5c4eb9d2e871eb994c4	16777292	16777216	3603.263007	573	65				unavailable_no_direct_event		unavailable_no_direct_event							51416075			51914113		not_expected_warm	partial_with_explicit_unavailable
