source_round	source_collection	profile	phase	artifact_size_bytes	fresh_group	lifecycle	logical_request_id	request_rid	action_revision	measurement_sequence	activation_attempt	activation_id	client_start_unix_ns	client_end_unix_ns	client_elapsed_ms	blocking_http_status	activation_get_http_status	platform_duration_ms	platform_start_ms	platform_end_ms	terminal_success	outcome	retry_disposition	measurement_role	failure_summary	aggregate_selection_status
374	374_c2-reusable-concurrency-16m-child-g001-g004	reusable-concurrency	revision_rotation_fresh	16777216	1	fresh_first_use	s16777216-g001-fresh	64a6a5f8dd7868b37046aca436220a746ca71d0855b712fb5850415f98249c9f	0.0.1@1785077326622	1	1	c7302ff5e84848d2b02ff5e848e8d25c	1785077330222109410	1785077340209236949	9987.127907	500	200	0	1785077339658	1785077339658	false	queue_endpoint_prediction_race	retry_once	excluded_prediction_race	The activation has not been processed: failed to get the queue endpoint.	selected
374	374_c2-reusable-concurrency-16m-child-g001-g004	reusable-concurrency	revision_rotation_fresh	16777216	1	fresh_first_use	s16777216-g001-fresh	64a6a5f8dd7868b37046aca436220a746ca71d0855b712fb5850415f98249c9f	0.0.1@1785077326622	1	2	f2fa68ec0f0b4fb3ba68ec0f0b0fb324	1785077340561336363	1785077352338570687	11777.234275	200	200	1068	1785077351147	1785077352215	true	execution_path_accepted	not_applicable	measured_logical_request		selected
374	374_c2-reusable-concurrency-16m-child-g001-g004	reusable-concurrency	revision_rotation_warm	16777216	1	warm_followup	s16777216-g001-warm1	fdc045162fcfa58af3429f565a78a87098aa3684d45c90e1afe93f139407b2d9	0.0.1@1785077326622	2	1	1cfc22a273374808bc22a27337180803	1785077352405231292	1785077352576039392	170.808066	200	200	84	1785077352478	1785077352562	true	execution_path_accepted	not_applicable	measured_logical_request		selected
374	374_c2-reusable-concurrency-16m-child-g001-g004	reusable-concurrency	revision_rotation_warm	16777216	1	warm_followup	s16777216-g001-warm2	4aecacdc2ef1af6bcb7970278b43639a0ac95579911c0a511e1ba2be1e5c9b7c	0.0.1@1785077326622	3	1	993c12474fa14625bc12474fa1162580	1785077352629892717	1785077352782715684	152.823453	200	200	84	1785077352685	1785077352769	true	execution_path_accepted	not_applicable	measured_logical_request		selected
374	374_c2-reusable-concurrency-16m-child-g001-g004	reusable-concurrency	revision_rotation_warm	16777216	1	warm_followup	s16777216-g001-warm3	57927943feb576ea63de81f6d8b2cfeeb8f68b8c940b59df90ab8dc2b77f8768	0.0.1@1785077326622	4	1	8a4fdeaf09a04bc58fdeaf09a0dbc5cb	1785077353086079408	1785077353221513704	135.434277	200	200	91	1785077353118	1785077353209	true	execution_path_accepted	not_applicable	measured_logical_request		selected
374	374_c2-reusable-concurrency-16m-child-g001-g004	reusable-concurrency	revision_rotation_warm	16777216	1	warm_followup	s16777216-g001-warm4	b7661444af654068aa4fd6299ccca68d78e7290f9e2fdd431c475b676aa16431	0.0.1@1785077326622	5	1	2ae8423368654e6da842336865de6dd4	1785077353537420024	1785077353671234305	133.813821	200	200	90	1785077353569	1785077353659	true	execution_path_accepted	not_applicable	measured_logical_request		selected
374	374_c2-reusable-concurrency-16m-child-g001-g004	reusable-concurrency	revision_rotation_warm	16777216	1	warm_followup	s16777216-g001-warm5	69a402e340309f531e8361b75fb227b10ba060fe6ddd7d0b88ca4f44146bf30f	0.0.1@1785077326622	6	1	8dcbc6b2a26544528bc6b2a265e452b3	1785077353709703731	1785077353837913942	128.210201	200	200	87	1785077353738	1785077353825	true	execution_path_accepted	not_applicable	measured_logical_request		selected
374	374_c2-reusable-concurrency-16m-child-g001-g004	reusable-concurrency	revision_rotation_fresh	16777216	2	fresh_first_use	s16777216-g002-fresh	6d2233a92b66f2b83f9f09b21b896aeb2c0d856d648cf389eff564caf627885c	0.0.2@1785077355282	7	1	855ecc36c79a40279ecc36c79a702763	1785077358525367809	1785077367361659162	8836.291288	200	200	1050	1785077366178	1785077367228	true	execution_path_accepted	not_applicable	measured_logical_request		selected
374	374_c2-reusable-concurrency-16m-child-g001-g004	reusable-concurrency	revision_rotation_warm	16777216	2	warm_followup	s16777216-g002-warm1	022cc3debc2a18953777c7cc3079249266d2b34176a32315b166808bb22c7ce3	0.0.2@1785077355282	8	1	29b09cf8ccdd4fb6b09cf8ccddcfb6a2	1785077367706833912	1785077367844023168	137.189375	200	200	95	1785077367739	1785077367834	true	execution_path_accepted	not_applicable	measured_logical_request		selected
374	374_c2-reusable-concurrency-16m-child-g001-g004	reusable-concurrency	revision_rotation_warm	16777216	2	warm_followup	s16777216-g002-warm2	bfb75a02a0893b39a33719365beb1cce4b8e83e2811f52d36b58f37490179dbb	0.0.2@1785077355282	9	1	b907cd20af2f454f87cd20af2fd54f52	1785077368142708119	1785077368278912647	136.204768	200	200	97	1785077368170	1785077368267	true	execution_path_accepted	not_applicable	measured_logical_request		selected
374	374_c2-reusable-concurrency-16m-child-g001-g004	reusable-concurrency	revision_rotation_warm	16777216	2	warm_followup	s16777216-g002-warm3	00bd0f98bb2dbce22f4d2f7e3bc162312900bf9726ed3886ac232962965e2fbd	0.0.2@1785077355282	10	1	807d6d5b33634217bd6d5b33631217b4	1785077368564605605	1785077368696445513	131.839840	200	200	88	1785077368592	1785077368680	true	execution_path_accepted	not_applicable	measured_logical_request		selected
374	374_c2-reusable-concurrency-16m-child-g001-g004	reusable-concurrency	revision_rotation_warm	16777216	2	warm_followup	s16777216-g002-warm4	572b0c2d515d8ccea1100f1ed8579e0221a7c3eabce34e6e9d32cdaf527e8697	0.0.2@1785077355282	11	1	edf7e46c009f4a53b7e46c009f9a5320	1785077368984757028	1785077369115449896	130.692813	200	200	90	1785077369016	1785077369106	true	execution_path_accepted	not_applicable	measured_logical_request		selected
374	374_c2-reusable-concurrency-16m-child-g001-g004	reusable-concurrency	revision_rotation_warm	16777216	2	warm_followup	s16777216-g002-warm5	e158edf9b0ef78b9b5bde8f5189187163a0782dc5616f4c78885b9317219532b	0.0.2@1785077355282	12	1	57e6fd8cb18d4abaa6fd8cb18dfabaca	1785077369146367181	1785077369275118507	128.751164	200	200	86	1785077369180	1785077369266	true	execution_path_accepted	not_applicable	measured_logical_request		selected
375	375_c2-reusable-concurrency-16m-child-g003-g003	reusable-concurrency	revision_rotation_fresh	16777216	3	fresh_first_use	s16777216-g003-fresh	c9ac6dba98c6ba1c6d0a4430c67aa9cfe9052b5aa5b23f9cdf33806155de2018	0.0.1@1785085981864	1	1	91713a2dc3bd40f5b13a2dc3bdd0f557	1785085985318818549	1785085995456054029	10137.235594	500	200	0	1785085994917	1785085994917	false	queue_endpoint_prediction_race	retry_once	excluded_prediction_race	The activation has not been processed: failed to get the queue endpoint.	selected
375	375_c2-reusable-concurrency-16m-child-g003-g003	reusable-concurrency	revision_rotation_fresh	16777216	3	fresh_first_use	s16777216-g003-fresh	c9ac6dba98c6ba1c6d0a4430c67aa9cfe9052b5aa5b23f9cdf33806155de2018	0.0.1@1785085981864	1	2	0c793e03529f4c58b93e03529f1c58aa	1785085995553642133	1785086006977950145	11424.308614	200	200	1155	1785086005718	1785086006873	true	execution_path_accepted	not_applicable	measured_logical_request		selected
375	375_c2-reusable-concurrency-16m-child-g003-g003	reusable-concurrency	revision_rotation_warm	16777216	3	warm_followup	s16777216-g003-warm1	8906e0176c9e5923780a3622b598387f30d0f0347991603afb171638305f21d1	0.0.1@1785085981864	2	1	e279b55d23b64064b9b55d23b6c06421	1785086007292797472	1785086007465930661	173.132195	200	200	85	1785086007351	1785086007436	true	execution_path_accepted	not_applicable	measured_logical_request		selected
375	375_c2-reusable-concurrency-16m-child-g003-g003	reusable-concurrency	revision_rotation_warm	16777216	3	warm_followup	s16777216-g003-warm2	8aa2e8a3e6c5de7cb9f845cc4d452a13df9001017cfc179d36e27dd35ede3cd9	0.0.1@1785085981864	3	1	6aa93cb3ba95488ba93cb3ba95388b84	1785086007499079721	1785086007631577296	132.497376	200	200	80	1785086007540	1785086007620	true	execution_path_accepted	not_applicable	measured_logical_request		selected
375	375_c2-reusable-concurrency-16m-child-g003-g003	reusable-concurrency	revision_rotation_warm	16777216	3	warm_followup	s16777216-g003-warm3	75a6872747f44f9432c1f7c27c8838d32726c13139ab54067f7047155c54b140	0.0.1@1785085981864	4	1	6fd2befd0355436592befd0355c365b4	1785086007945191465	1785086008095002633	149.811166	200	200	106	1785086007973	1785086008079	true	execution_path_accepted	not_applicable	measured_logical_request		selected
375	375_c2-reusable-concurrency-16m-child-g003-g003	reusable-concurrency	revision_rotation_warm	16777216	3	warm_followup	s16777216-g003-warm4	fbdfa9ea581bfd8834706bbf5e22597d6933f6651b1b83aa84328e4fa9228eff	0.0.1@1785085981864	5	1	3154b4d7c4ca4df494b4d7c4caedf451	1785086008396402888	1785086008527718069	131.315235	200	200	81	1785086008435	1785086008516	true	execution_path_accepted	not_applicable	measured_logical_request		selected
375	375_c2-reusable-concurrency-16m-child-g003-g003	reusable-concurrency	revision_rotation_warm	16777216	3	warm_followup	s16777216-g003-warm5	a45f9180b70894bc65f32f00759ff6f020c92de566fe5090ff4e38c6909a3bb8	0.0.1@1785085981864	6	1	0aa5032c89c345cea5032c89c3b5ced3	1785086008565107677	1785086008680703214	115.595089	200	200	71	1785086008600	1785086008671	true	execution_path_accepted	not_applicable	measured_logical_request		selected
376	376_c2-reusable-concurrency-16m-child-g004-g005	reusable-concurrency	revision_rotation_fresh	16777216	4	fresh_first_use	s16777216-g004-fresh	7df4c8f02f759ff96f39ea8f5720a5df16a7fb9a834f0b2e324e339adc7d317d	0.0.1@1785090852973	1	1	039563f732b14a369563f732b1ca36d4	1785090856502255395	1785090866496509265	9994.254920	200	200	1096	1785090865263	1785090866359	true	execution_path_accepted	not_applicable	measured_logical_request		selected
376	376_c2-reusable-concurrency-16m-child-g004-g005	reusable-concurrency	revision_rotation_warm	16777216	4	warm_followup	s16777216-g004-warm1	e6f3618376bd7bcac4330ffc2b954e47226dd748c97064a77b1c4202d3a5dd33	0.0.1@1785090852973	2	1	9b63f4c2669d4ab7a3f4c2669d2ab7f8	1785090866577234594	1785090866795274906	218.040160	200	200	136	1785090866641	1785090866777	true	execution_path_accepted	not_applicable	measured_logical_request		selected
376	376_c2-reusable-concurrency-16m-child-g004-g005	reusable-concurrency	revision_rotation_warm	16777216	4	warm_followup	s16777216-g004-warm2	e7023f1def47e8f2c88514df8951e19824bebb72a81df460c524e2fe1737a9c9	0.0.1@1785090852973	3	1	333e5e17c0704e85be5e17c0708e8545	1785090866831355331	1785090866982502709	151.147573	200	200	101	1785090866867	1785090866968	true	execution_path_accepted	not_applicable	measured_logical_request		selected
376	376_c2-reusable-concurrency-16m-child-g004-g005	reusable-concurrency	revision_rotation_warm	16777216	4	warm_followup	s16777216-g004-warm3	3a46898e8c201b9bfaada7bf22264addeb829901adbcf2609daa50b4f5f2f898	0.0.1@1785090852973	4	1	a0ce2ef9ecc5418f8e2ef9ecc5418f9b	1785090867027070563	1785090867185109373	158.039033	200	200	108	1785090867060	1785090867168	true	execution_path_accepted	not_applicable	measured_logical_request		selected
376	376_c2-reusable-concurrency-16m-child-g004-g005	reusable-concurrency	revision_rotation_warm	16777216	4	warm_followup	s16777216-g004-warm4	26414a029d5955640be8f95d0101009f93c848e610657fc5dc7a6daea6c2a9b5	0.0.1@1785090852973	5	1	f32172ca98a64cfaa172ca98a6dcfa41	1785090867481423213	1785090867606087896	124.664615	200	200	86	1785090867508	1785090867594	true	execution_path_accepted	not_applicable	measured_logical_request		selected
376	376_c2-reusable-concurrency-16m-child-g004-g005	reusable-concurrency	revision_rotation_warm	16777216	4	warm_followup	s16777216-g004-warm5	402d50fa2ab47ec4b7c050442346113220794325add9a3a1c0e57af3b3808dc5	0.0.1@1785090852973	6	1	59fffa6afb734706bffa6afb730706dd	1785090867639928319	1785090867767745298	127.817177	200	200	82	1785090867674	1785090867756	true	execution_path_accepted	not_applicable	measured_logical_request		selected
376	376_c2-reusable-concurrency-16m-child-g004-g005	reusable-concurrency	revision_rotation_fresh	16777216	5	fresh_first_use	s16777216-g005-fresh	824c666949390ffaa7679b116cf3614ec73f18b09ed88d6e2d65f28a781d34a5	0.0.2@1785090869946	7	1	a8473d427de64e9b873d427de66e9b5c	1785090873017558256	1785090882441739755	9424.181976	200	200	992	1785090881305	1785090882297	true	execution_path_accepted	not_applicable	measured_logical_request		selected
376	376_c2-reusable-concurrency-16m-child-g004-g005	reusable-concurrency	revision_rotation_warm	16777216	5	warm_followup	s16777216-g005-warm1	37b783ecf354e96a6a24e4023272d2ca8132c631adaddedbe3820e58f14eda9a	0.0.2@1785090869946	8	1	2d38dca28a8a497cb8dca28a8a797c29	1785090882774469024	1785090882928944527	154.475460	200	200	107	1785090882808	1785090882915	true	execution_path_accepted	not_applicable	measured_logical_request		selected
376	376_c2-reusable-concurrency-16m-child-g004-g005	reusable-concurrency	revision_rotation_warm	16777216	5	warm_followup	s16777216-g005-warm2	597bafe8ef606c82690ddbb38ac74fbea018eae967331187a5c6947a59eb3602	0.0.2@1785090869946	9	1	d4b750a4726e41b2b750a4726e81b20b	1785090882954975687	1785090883117423495	162.448140	200	200	93	1785090882999	1785090883092	true	execution_path_accepted	not_applicable	measured_logical_request		selected
376	376_c2-reusable-concurrency-16m-child-g004-g005	reusable-concurrency	revision_rotation_warm	16777216	5	warm_followup	s16777216-g005-warm3	4059f87ce06cf9c5f69792e6e976acecc1fbc8b5c52eed6f6cab149f61e74e89	0.0.2@1785090869946	10	1	d9e4c07a6fcb44e2a4c07a6fcba4e266	1785090883140270710	1785090883268767343	128.497117	200	200	84	1785090883176	1785090883260	true	execution_path_accepted	not_applicable	measured_logical_request		selected
376	376_c2-reusable-concurrency-16m-child-g004-g005	reusable-concurrency	revision_rotation_warm	16777216	5	warm_followup	s16777216-g005-warm4	371203de5e51081f7fad0147e7b57e6240f4d61d1c4d12b88069bb35ed12fd97	0.0.2@1785090869946	11	1	c25db99e388040159db99e3880f0153e	1785090883297671928	1785090883408907644	111.235600	200	200	77	1785090883323	1785090883400	true	execution_path_accepted	not_applicable	measured_logical_request		selected
376	376_c2-reusable-concurrency-16m-child-g004-g005	reusable-concurrency	revision_rotation_warm	16777216	5	warm_followup	s16777216-g005-warm5	89aa16078e14596c30ba627341bdbee990d460bfe899f512e0e8573721c7dbb5	0.0.2@1785090869946	12	1	617fa3ad8b0a49b6bfa3ad8b0ab9b61a	1785090883447099683	1785090883576562026	129.462548	200	200	74	1785090883493	1785090883567	true	execution_path_accepted	not_applicable	measured_logical_request		selected
377	377_c2-reusable-concurrency-16m-child-g006-g007	reusable-concurrency	revision_rotation_fresh	16777216	6	fresh_first_use	s16777216-g006-fresh	82b193003050aeaa17ad3f2906ea18db8a8e7cad1a9a47b09829cd8c95ccfedf	0.0.1@1785095597414	1	1	40b206d5824041a7b206d58240e1a7be	1785095601357497642	1785095618624853731	17267.356111	200	200	1046	1785095617421	1785095618467	true	execution_path_accepted	not_applicable	measured_logical_request		selected
377	377_c2-reusable-concurrency-16m-child-g006-g007	reusable-concurrency	revision_rotation_warm	16777216	6	warm_followup	s16777216-g006-warm1	aeb04d250b6b3f435d653bae5caf78a273f0cdb80c4dc2a9777d076fd54eb9da	0.0.1@1785095597414	2	1	e4082c4edab049da882c4edab069dada	1785095618703023710	1785095618855461429	152.437709	200	200	79	1785095618765	1785095618844	true	execution_path_accepted	not_applicable	measured_logical_request		selected
377	377_c2-reusable-concurrency-16m-child-g006-g007	reusable-concurrency	revision_rotation_warm	16777216	6	warm_followup	s16777216-g006-warm2	59fc2f4aecb5f940ea0898b2869687e08bd940365671d5325848838b349f755d	0.0.1@1785095597414	3	1	ad516e8610484ed5916e861048bed570	1785095618897665822	1785095619052303243	154.637508	200	200	88	1785095618945	1785095619033	true	execution_path_accepted	not_applicable	measured_logical_request		selected
377	377_c2-reusable-concurrency-16m-child-g006-g007	reusable-concurrency	revision_rotation_warm	16777216	6	warm_followup	s16777216-g006-warm3	c341b5ea020f22ba3c72fc79e5d165f7ccb5abe35c0abf6634ba1ebc264b1632	0.0.1@1785095597414	4	1	3d7d1c52cbc1437fbd1c52cbc1037f83	1785095619098562939	1785095619277469324	178.906632	200	200	116	1785095619144	1785095619260	true	execution_path_accepted	not_applicable	measured_logical_request		selected
377	377_c2-reusable-concurrency-16m-child-g006-g007	reusable-concurrency	revision_rotation_warm	16777216	6	warm_followup	s16777216-g006-warm4	d7d4ba31721043255a344600d9b5f906b244cefff7513934fc60009017f387a1	0.0.1@1785095597414	5	1	8eddcbdf612644a79dcbdf6126c4a7ba	1785095619336027984	1785095619499856373	163.828436	200	200	92	1785095619396	1785095619488	true	execution_path_accepted	not_applicable	measured_logical_request		selected
377	377_c2-reusable-concurrency-16m-child-g006-g007	reusable-concurrency	revision_rotation_warm	16777216	6	warm_followup	s16777216-g006-warm5	328a3c2142fd21fdc7b73e610ecade49077de8e5d011a4aa9ab4302792bba07b	0.0.1@1785095597414	6	1	b6a7fd4f0a984b4ba7fd4f0a984b4b70	1785095619531781200	1785095619670601439	138.820305	200	200	79	1785095619567	1785095619646	true	execution_path_accepted	not_applicable	measured_logical_request		selected
377	377_c2-reusable-concurrency-16m-child-g006-g007	reusable-concurrency	revision_rotation_fresh	16777216	7	fresh_first_use	s16777216-g007-fresh	06a797bd614d01bdfc58a5141c6062e23011bf5cf7a9cf628375cd5608db3b1a	0.0.2@1785095621059	7	1	5205eaae454145b185eaae454115b140	1785095624119641417	1785095631331944823	7212.303340	200	200	817	1785095630500	1785095631317	true	execution_path_accepted	not_applicable	measured_logical_request		selected
377	377_c2-reusable-concurrency-16m-child-g006-g007	reusable-concurrency	revision_rotation_warm	16777216	7	warm_followup	s16777216-g007-warm1	7efa083973a84d9d51f593ecf9b6ddc9c06e157acef56eac77c540fbc00cfdea	0.0.2@1785095621059	8	1	396a8861924a4da1aa8861924a4da14d	1785095631379450816	1785095631545908557	166.456852	200	200	71	1785095631433	1785095631504	true	execution_path_accepted	not_applicable	measured_logical_request		selected
377	377_c2-reusable-concurrency-16m-child-g006-g007	reusable-concurrency	revision_rotation_warm	16777216	7	warm_followup	s16777216-g007-warm2	7220513fd02df0259773f8394f160b123a306bf879d9e5866206138f59bea2cb	0.0.2@1785095621059	9	1	cf3975a47d0244e6b975a47d02a4e65d	1785095631565066570	1785095631731236200	166.169871	200	200	92	1785095631608	1785095631700	true	execution_path_accepted	not_applicable	measured_logical_request		selected
377	377_c2-reusable-concurrency-16m-child-g006-g007	reusable-concurrency	revision_rotation_warm	16777216	7	warm_followup	s16777216-g007-warm3	641c842a00d770cdd631ad6fad2777febb634d3e8f3b14c621411a8e0c8a8ae0	0.0.2@1785095621059	10	1	05c30fd2c5cd448b830fd2c5cda48b3a	1785095631763723555	1785095631926273639	162.545518	200	200	87	1785095631802	1785095631889	true	execution_path_accepted	not_applicable	measured_logical_request		selected
377	377_c2-reusable-concurrency-16m-child-g006-g007	reusable-concurrency	revision_rotation_warm	16777216	7	warm_followup	s16777216-g007-warm4	25ec07ac5f7b7f24deff3108f4411f7a50973e0d2a0f98c163935e8eecd9f8cf	0.0.2@1785095621059	11	1	96f746be23744e7fb746be23749e7fbf	1785095631965923319	1785095632116691121	150.768064	200	200	73	1785095632011	1785095632084	true	execution_path_accepted	not_applicable	measured_logical_request		selected
377	377_c2-reusable-concurrency-16m-child-g006-g007	reusable-concurrency	revision_rotation_warm	16777216	7	warm_followup	s16777216-g007-warm5	6de2c503a5ef962e1c007c98eb1f154467048d7a25470b4ae43d60e5ed5a58cf	0.0.2@1785095621059	12	1	b75f71097f734f659f71097f73ff6587	1785095632137721530	1785095632291561173	153.840040	200	200	84	1785095632184	1785095632268	true	execution_path_accepted	not_applicable	measured_logical_request		selected
378	378_c2-reusable-concurrency-16m-child-g008-g009	reusable-concurrency	revision_rotation_fresh	16777216	8	fresh_first_use	s16777216-g008-fresh	5ffe1e274b02c593dae09ac72b98a88d92cbd69e4d4d890ba153b7e31c4f97f9	0.0.1@1785101528033	1	1	afee2791684b4508ae2791684b4508c6	1785101531571729749	1785101540819432401	9247.703321	200	200	1069	1785101539574	1785101540643	true	execution_path_accepted	not_applicable	measured_logical_request		selected
378	378_c2-reusable-concurrency-16m-child-g008-g009	reusable-concurrency	revision_rotation_warm	16777216	8	warm_followup	s16777216-g008-warm1	64b764fe4c192afc8f13908ae996122604d740e9777a3270a9555ae7df80d7ba	0.0.1@1785101528033	2	1	d90048d134ad42ef8048d134ad22ef26	1785101540881951189	1785101541043215593	161.264812	200	200	99	1785101540929	1785101541028	true	execution_path_accepted	not_applicable	measured_logical_request		selected
378	378_c2-reusable-concurrency-16m-child-g008-g009	reusable-concurrency	revision_rotation_warm	16777216	8	warm_followup	s16777216-g008-warm2	1395d8b729731b29fc4dabb6c227240f4c541987e8a79372c7f2af0ae6a33547	0.0.1@1785101528033	3	1	1267c3d8baa3462ba7c3d8baa3e62b4c	1785101541084273009	1785101541237374460	153.101527	200	200	81	1785101541132	1785101541213	true	execution_path_accepted	not_applicable	measured_logical_request		selected
378	378_c2-reusable-concurrency-16m-child-g008-g009	reusable-concurrency	revision_rotation_warm	16777216	8	warm_followup	s16777216-g008-warm3	cde55312c66ea94ff61c0dc80eb581f5ee390fe5bae71ab6b62fa8a93df7242e	0.0.1@1785101528033	4	1	93c32c24fa3d4041832c24fa3d6041ef	1785101541268029077	1785101541405362724	137.333623	200	200	81	1785101541308	1785101541389	true	execution_path_accepted	not_applicable	measured_logical_request		selected
378	378_c2-reusable-concurrency-16m-child-g008-g009	reusable-concurrency	revision_rotation_warm	16777216	8	warm_followup	s16777216-g008-warm4	7658e293e031be471515bebc7abc5111c161ca824be2a4946d561c6a80014770	0.0.1@1785101528033	5	1	c0020b44e59848f2820b44e598e8f2e8	1785101541440934554	1785101541585934277	144.999501	200	200	78	1785101541487	1785101541565	true	execution_path_accepted	not_applicable	measured_logical_request		selected
378	378_c2-reusable-concurrency-16m-child-g008-g009	reusable-concurrency	revision_rotation_warm	16777216	8	warm_followup	s16777216-g008-warm5	4a20d459e49933d8bb9a72066957fadcef90e5f69d813b3d7c617c1226e815ec	0.0.1@1785101528033	6	1	4d42cf810ab040fc82cf810ab020fccf	1785101541609241209	1785101541742957906	133.716693	200	200	80	1785101541637	1785101541717	true	execution_path_accepted	not_applicable	measured_logical_request		selected
378	378_c2-reusable-concurrency-16m-child-g008-g009	reusable-concurrency	revision_rotation_fresh	16777216	9	fresh_first_use	s16777216-g009-fresh	b3a3542856364868d28df19a3ba176b51ddb1faf1b546b2ef5b24668cacf4824	0.0.2@1785101543598	7	1	e805c65efdc14f4085c65efdc15f400f	1785101546553191471	1785101553694332756	7141.141499	200	200	902	1785101552754	1785101553656	true	execution_path_accepted	not_applicable	measured_logical_request		selected
378	378_c2-reusable-concurrency-16m-child-g008-g009	reusable-concurrency	revision_rotation_warm	16777216	9	warm_followup	s16777216-g009-warm1	59e03fa74283501f252c5a769e858ae763597671af6ba1c25342d35586c25f27	0.0.2@1785101543598	8	1	eb5bbda2a99c4f869bbda2a99c6f86ad	1785101553738641341	1785101553882693749	144.052404	200	200	77	1785101553779	1785101553856	true	execution_path_accepted	not_applicable	measured_logical_request		selected
378	378_c2-reusable-concurrency-16m-child-g008-g009	reusable-concurrency	revision_rotation_warm	16777216	9	warm_followup	s16777216-g009-warm2	29c63ac141f2547c593f797dd4d82c76f82e538ed1db26cb04a8b313a856706d	0.0.2@1785101543598	9	1	c8413f6bf7b74220813f6bf7b70220cf	1785101553903952093	1785101554047148517	143.196816	200	200	100	1785101553937	1785101554037	true	execution_path_accepted	not_applicable	measured_logical_request		selected
378	378_c2-reusable-concurrency-16m-child-g008-g009	reusable-concurrency	revision_rotation_warm	16777216	9	warm_followup	s16777216-g009-warm3	e80c98a3e6c7e194b30c237d21aa19a3606574783f6621160eac55d4711e2ca0	0.0.2@1785101543598	10	1	fd14d2b02f34419b94d2b02f34219b20	1785101554080282831	1785101554211520224	131.237526	200	200	90	1785101554112	1785101554202	true	execution_path_accepted	not_applicable	measured_logical_request		selected
378	378_c2-reusable-concurrency-16m-child-g008-g009	reusable-concurrency	revision_rotation_warm	16777216	9	warm_followup	s16777216-g009-warm4	d3f55f5a8b80f40082e5e5a78dbf8afb1f0f10ff3284707caca756bd7fc897aa	0.0.2@1785101543598	11	1	056c7a47fa8f46c1ac7a47fa8fb6c1b2	1785101554245806703	1785101554465681258	219.874557	200	200	94	1785101554335	1785101554429	true	execution_path_accepted	not_applicable	measured_logical_request		selected
378	378_c2-reusable-concurrency-16m-child-g008-g009	reusable-concurrency	revision_rotation_warm	16777216	9	warm_followup	s16777216-g009-warm5	741b2015dafd97ca23bfaa8e5e50e396674f337fa6443b21bc1a650e75ab8259	0.0.2@1785101543598	12	1	7c3f029874a44203bf029874a4820384	1785101554482372869	1785101554620282197	137.909615	200	200	92	1785101554510	1785101554602	true	execution_path_accepted	not_applicable	measured_logical_request		selected
379	379_c2-reusable-concurrency-16m-child-g010-g011	reusable-concurrency	revision_rotation_fresh	16777216	10	fresh_first_use	s16777216-g010-fresh	25a1b247fc7d4c4d7b09da70af7d2bdda4c4ec7594190712c8147ff12b1f0675	0.0.1@1785106816794	1	1	dabba688b2b4437ebba688b2b4937e06	1785106821854393907	1785106831502383127	9647.989091	500	200	0	1785106831208	1785106831208	false	queue_endpoint_prediction_race	retry_once	excluded_prediction_race	The activation has not been processed: failed to get the queue endpoint.	selected
379	379_c2-reusable-concurrency-16m-child-g010-g011	reusable-concurrency	revision_rotation_fresh	16777216	10	fresh_first_use	s16777216-g010-fresh	25a1b247fc7d4c4d7b09da70af7d2bdda4c4ec7594190712c8147ff12b1f0675	0.0.1@1785106816794	1	2	26599920922144ac999920922124ac2b	1785106831622815247	1785106840164878120	8542.063283	200	200	999	1785106839086	1785106840085	true	execution_path_accepted	not_applicable	measured_logical_request		selected
379	379_c2-reusable-concurrency-16m-child-g010-g011	reusable-concurrency	revision_rotation_warm	16777216	10	warm_followup	s16777216-g010-warm1	1f6d4f8565bdfc55b53ea430d7523365bfd48b67502357e419b6282753b01c13	0.0.1@1785106816794	2	1	ee95e1984c584d4a95e1984c58dd4abe	1785106840236184222	1785106840374832238	138.648041	200	200	75	1785106840288	1785106840363	true	execution_path_accepted	not_applicable	measured_logical_request		selected
379	379_c2-reusable-concurrency-16m-child-g010-g011	reusable-concurrency	revision_rotation_warm	16777216	10	warm_followup	s16777216-g010-warm2	3788e313701aace6f74a6a7a70a440099b785195f14d88b28069ea96f3fa99b1	0.0.1@1785106816794	3	1	13875b26b8c045ee875b26b8c015eefa	1785106840421651297	1785106840633003294	211.352299	200	200	113	1785106840489	1785106840602	true	execution_path_accepted	not_applicable	measured_logical_request		selected
379	379_c2-reusable-concurrency-16m-child-g010-g011	reusable-concurrency	revision_rotation_warm	16777216	10	warm_followup	s16777216-g010-warm3	03536b48990d263c56b3a8eca42445e467ee584cadd9918a114ceab959d2bbba	0.0.1@1785106816794	4	1	b6436c1a20f44e00836c1a20f4ae0084	1785106840658206966	1785106840838339738	180.132918	200	200	87	1785106840732	1785106840819	true	execution_path_accepted	not_applicable	measured_logical_request		selected
379	379_c2-reusable-concurrency-16m-child-g010-g011	reusable-concurrency	revision_rotation_warm	16777216	10	warm_followup	s16777216-g010-warm4	4ffaeb5b6f07fe0a0f3000573d3c65584b1db8dfe8fc7827b1745d46776872ec	0.0.1@1785106816794	5	1	d18ae1a22ee949738ae1a22ee9a97322	1785106840872871127	1785106841010650381	137.779335	200	200	96	1785106840902	1785106840998	true	execution_path_accepted	not_applicable	measured_logical_request		selected
379	379_c2-reusable-concurrency-16m-child-g010-g011	reusable-concurrency	revision_rotation_warm	16777216	10	warm_followup	s16777216-g010-warm5	12cc351481c540aa69c8246e9f0fd75e21e07013759a41fa17fd9fdcd87a518a	0.0.1@1785106816794	6	1	c9c6aad45ab9471186aad45ab997112e	1785106841038907670	1785106841201360102	162.452615	200	200	78	1785106841070	1785106841148	true	execution_path_accepted	not_applicable	measured_logical_request		selected
379	379_c2-reusable-concurrency-16m-child-g010-g011	reusable-concurrency	revision_rotation_fresh	16777216	11	fresh_first_use	s16777216-g011-fresh	4af267338b6a6d3c43cb38dbed1ae869ac485065e372711cff90bc89fc51ea89	0.0.2@1785106842531	7	1	343235032c914949b235032c91794954	1785106845705297433	1785106853361094424	7655.797109	200	200	996	1785106852275	1785106853271	true	execution_path_accepted	not_applicable	measured_logical_request		selected
379	379_c2-reusable-concurrency-16m-child-g010-g011	reusable-concurrency	revision_rotation_warm	16777216	11	warm_followup	s16777216-g011-warm1	1cdaf3b9f9672a354332fe38cdf334a6d7d23aeb63b466cb87f146984f950dac	0.0.2@1785106842531	8	1	49d76a939619468e976a939619968e9e	1785106853672979334	1785106853834192199	161.212764	200	200	82	1785106853712	1785106853794	true	execution_path_accepted	not_applicable	measured_logical_request		selected
379	379_c2-reusable-concurrency-16m-child-g010-g011	reusable-concurrency	revision_rotation_warm	16777216	11	warm_followup	s16777216-g011-warm2	bef2f59dfe111afb41eb9c64aa2fb7934f8384776c295ba3ad546919c292292c	0.0.2@1785106842531	9	1	5ac7c420bdc34f2287c420bdc30f2284	1785106853854483610	1785106854013839839	159.356020	200	200	115	1785106853889	1785106854004	true	execution_path_accepted	not_applicable	measured_logical_request		selected
379	379_c2-reusable-concurrency-16m-child-g010-g011	reusable-concurrency	revision_rotation_warm	16777216	11	warm_followup	s16777216-g011-warm3	5603f3dd2c7dc569e1e142e5fe0474d53c319336f15e095150e6f4fcaaac3021	0.0.2@1785106842531	10	1	2757f8414277431e97f8414277731e0b	1785106854046239287	1785106854187831621	141.592382	200	200	93	1785106854083	1785106854176	true	execution_path_accepted	not_applicable	measured_logical_request		selected
379	379_c2-reusable-concurrency-16m-child-g010-g011	reusable-concurrency	revision_rotation_warm	16777216	11	warm_followup	s16777216-g011-warm4	8b9559e0c87865327b6d0a592452dc9f1f6833b29a071b82921fe0c97862cca6	0.0.2@1785106842531	11	1	c5338f82ab3c4bd8b38f82ab3c3bd85e	1785106854229896848	1785106854379915129	150.018245	200	200	91	1785106854262	1785106854353	true	execution_path_accepted	not_applicable	measured_logical_request		selected
379	379_c2-reusable-concurrency-16m-child-g010-g011	reusable-concurrency	revision_rotation_warm	16777216	11	warm_followup	s16777216-g011-warm5	110bbd5f9cadbfafc9320da7daeb4a346aa48f72c5cf86300967be36cb543ec9	0.0.2@1785106842531	12	1	a008a75c39a24a2288a75c39a23a222f	1785106854395684170	1785106854550643848	154.960159	200	200	97	1785106854426	1785106854523	true	execution_path_accepted	not_applicable	measured_logical_request		selected
380	380_c2-reusable-concurrency-16m-child-g012-g013	reusable-concurrency	revision_rotation_fresh	16777216	12	fresh_first_use	s16777216-g012-fresh	8c87fc1c8bf9ef45cce08e9d4ba41de93f9a822ba4c48c44f59cb0c85846d4e2	0.0.1@1785111401381	1	1	87ce8b7ac261480e8e8b7ac261380e36	1785111405744226663	1785111415461010013	9716.783822	500	200	0	1785111415201	1785111415201	false	queue_endpoint_prediction_race	retry_once	excluded_prediction_race	The activation has not been processed: failed to get the queue endpoint.	selected
380	380_c2-reusable-concurrency-16m-child-g012-g013	reusable-concurrency	revision_rotation_fresh	16777216	12	fresh_first_use	s16777216-g012-fresh	8c87fc1c8bf9ef45cce08e9d4ba41de93f9a822ba4c48c44f59cb0c85846d4e2	0.0.1@1785111401381	1	2	72ac6d3955fd49a7ac6d3955fdf9a7f4	1785111415811688138	1785111424630194761	8818.506784	200	200	998	1785111423545	1785111424543	true	execution_path_accepted	not_applicable	measured_logical_request		selected
380	380_c2-reusable-concurrency-16m-child-g012-g013	reusable-concurrency	revision_rotation_warm	16777216	12	warm_followup	s16777216-g012-warm1	f6f4d2138a789af2886da032b10cff19c482905f5953b1309b0da6e5a9169559	0.0.1@1785111401381	2	1	3a2ab3e3b7134536aab3e3b713c53677	1785111424710146826	1785111424843866752	133.719754	200	200	74	1785111424757	1785111424831	true	execution_path_accepted	not_applicable	measured_logical_request		selected
380	380_c2-reusable-concurrency-16m-child-g012-g013	reusable-concurrency	revision_rotation_warm	16777216	12	warm_followup	s16777216-g012-warm2	7b79448d176fa73b13cddfaa50ea97c22dedd240f959cc506421157b199c67b4	0.0.1@1785111401381	3	1	9e3c9ae761184691bc9ae76118869162	1785111424886922420	1785111425030979863	144.057223	200	200	99	1785111424919	1785111425018	true	execution_path_accepted	not_applicable	measured_logical_request		selected
380	380_c2-reusable-concurrency-16m-child-g012-g013	reusable-concurrency	revision_rotation_warm	16777216	12	warm_followup	s16777216-g012-warm3	71ffc10fb99172dfeafdbe3d08cfd998dfe210beb5bb1ab852c6aab23c57fee8	0.0.1@1785111401381	4	1	f65b8c48b72a44d09b8c48b72a14d07b	1785111425073199073	1785111425195270108	122.071046	200	200	85	1785111425101	1785111425186	true	execution_path_accepted	not_applicable	measured_logical_request		selected
380	380_c2-reusable-concurrency-16m-child-g012-g013	reusable-concurrency	revision_rotation_warm	16777216	12	warm_followup	s16777216-g012-warm4	fb18ddedaf9352a839b8d386db0e1296fd267dc3167e10ea551d0540b3824056	0.0.1@1785111401381	5	1	9f73ba057eaf44eeb3ba057eaf24ee53	1785111425235873748	1785111425423030521	187.156562	200	200	138	1785111425262	1785111425400	true	execution_path_accepted	not_applicable	measured_logical_request		selected
380	380_c2-reusable-concurrency-16m-child-g012-g013	reusable-concurrency	revision_rotation_warm	16777216	12	warm_followup	s16777216-g012-warm5	3822d9b73f690680d74fbf53e5435d7ad5793483bc8084177679c470d4af924d	0.0.1@1785111401381	6	1	1c6a24c545a843c4aa24c545a843c4d2	1785111425443867831	1785111425597248086	153.379933	200	200	102	1785111425487	1785111425589	true	execution_path_accepted	not_applicable	measured_logical_request		selected
380	380_c2-reusable-concurrency-16m-child-g012-g013	reusable-concurrency	revision_rotation_fresh	16777216	13	fresh_first_use	s16777216-g013-fresh	640b8b3118e27cdb41eeaf8381b094dd7c5f17f8afb319dd5b3e48d781dd373a	0.0.2@1785111427800	7	1	d299bd211882468e99bd211882568ef5	1785111431084864211	1785111440296386628	9211.522451	200	200	936	1785111439263	1785111440199	true	execution_path_accepted	not_applicable	measured_logical_request		selected
380	380_c2-reusable-concurrency-16m-child-g012-g013	reusable-concurrency	revision_rotation_warm	16777216	13	warm_followup	s16777216-g013-warm1	72d8c85040943f4e14b0fdd61401bde055358dd8102543c6ec6920623b2de1c2	0.0.2@1785111427800	8	1	fe9ef41bdf8843849ef41bdf880384f2	1785111440343041560	1785111440475982756	132.940950	200	200	85	1785111440375	1785111440460	true	execution_path_accepted	not_applicable	measured_logical_request		selected
380	380_c2-reusable-concurrency-16m-child-g012-g013	reusable-concurrency	revision_rotation_warm	16777216	13	warm_followup	s16777216-g013-warm2	bd0117a19d3b2fccab7ac02ece087d990008616673ac2065c5c546cf25552883	0.0.2@1785111427800	9	1	abec90eafb474d0bac90eafb477d0b22	1785111440507035956	1785111440648042216	141.005530	200	200	89	1785111440547	1785111440636	true	execution_path_accepted	not_applicable	measured_logical_request		selected
380	380_c2-reusable-concurrency-16m-child-g012-g013	reusable-concurrency	revision_rotation_warm	16777216	13	warm_followup	s16777216-g013-warm3	2f04015026b66be1a1b1bd592388eb9d680cfe9e5f1de65c5a08b804ae09ef40	0.0.2@1785111427800	10	1	63a85fa6d71047ffa85fa6d710e7ff81	1785111440675446000	1785111440811563510	136.117918	200	200	96	1785111440702	1785111440798	true	execution_path_accepted	not_applicable	measured_logical_request		selected
380	380_c2-reusable-concurrency-16m-child-g012-g013	reusable-concurrency	revision_rotation_warm	16777216	13	warm_followup	s16777216-g013-warm4	2de143cd1c313fc2689f1be75735bd0487d7a39debc7178ef7ed36f534bcb960	0.0.2@1785111427800	11	1	be6420e67c1f4443a420e67c1fb44371	1785111440842596365	1785111440978940627	136.343993	200	200	90	1785111440880	1785111440970	true	execution_path_accepted	not_applicable	measured_logical_request		selected
380	380_c2-reusable-concurrency-16m-child-g012-g013	reusable-concurrency	revision_rotation_warm	16777216	13	warm_followup	s16777216-g013-warm5	f073c09722c065cf6a8e4b0edba78e0eec158773b5058aabe0e74a8946c15a7c	0.0.2@1785111427800	12	1	4bb2257b21e64474b2257b21e68474fd	1785111441013652532	1785111441145840440	132.187527	200	200	78	1785111441052	1785111441130	true	execution_path_accepted	not_applicable	measured_logical_request		selected
381	381_c2-reusable-concurrency-16m-child-g014-g015	reusable-concurrency	revision_rotation_fresh	16777216	14	fresh_first_use	s16777216-g014-fresh	203f6d665c342c723891d870b8a26aa093c92deedc27636782e844e35f3f4b63	0.0.1@1785116998415	1	1	39ccc421820343168cc42182039316a9	1785117002277894192	1785117012305413696	10027.519509	500	200	0	1785117011781	1785117011781	false	queue_endpoint_prediction_race	retry_once	excluded_prediction_race	The activation has not been processed: failed to get the queue endpoint.	selected
381	381_c2-reusable-concurrency-16m-child-g014-g015	reusable-concurrency	revision_rotation_fresh	16777216	14	fresh_first_use	s16777216-g014-fresh	203f6d665c342c723891d870b8a26aa093c92deedc27636782e844e35f3f4b63	0.0.1@1785116998415	1	2	8c5c7c1bdcd74cff9c7c1bdcd76cff40	1785117012660589150	1785117023765606017	11105.017083	200	200	1121	1785117022575	1785117023696	true	execution_path_accepted	not_applicable	measured_logical_request		selected
381	381_c2-reusable-concurrency-16m-child-g014-g015	reusable-concurrency	revision_rotation_warm	16777216	14	warm_followup	s16777216-g014-warm1	30fa45a5c92c9681deb420981d0db4c47f096d1216e9b98baed406f11dd16264	0.0.1@1785116998415	2	1	bcc1f5c1ddca475381f5c1ddcae753c0	1785117024092881417	1785117024242263293	149.382233	200	200	97	1785117024133	1785117024230	true	execution_path_accepted	not_applicable	measured_logical_request		selected
381	381_c2-reusable-concurrency-16m-child-g014-g015	reusable-concurrency	revision_rotation_warm	16777216	14	warm_followup	s16777216-g014-warm2	a7e9e14d84b6537dc95e5a60d7a708352ea26b869c2b970f6993abd3bf7b3c7f	0.0.1@1785116998415	3	1	62e31bb42429449aa31bb42429549a61	1785117024278745725	1785117024512911387	234.166258	200	200	129	1785117024350	1785117024479	true	execution_path_accepted	not_applicable	measured_logical_request		selected
381	381_c2-reusable-concurrency-16m-child-g014-g015	reusable-concurrency	revision_rotation_warm	16777216	14	warm_followup	s16777216-g014-warm3	3a42abd315c636739aa405f9cbac22914505707cba48b7223c61f127b3634925	0.0.1@1785116998415	4	1	6fd01ee9bfcf4a0f901ee9bfcf6a0fe9	1785117024546421508	1785117024702481862	156.060741	200	200	104	1785117024588	1785117024692	true	execution_path_accepted	not_applicable	measured_logical_request		selected
381	381_c2-reusable-concurrency-16m-child-g014-g015	reusable-concurrency	revision_rotation_warm	16777216	14	warm_followup	s16777216-g014-warm4	64bd3ad7f727f4703068b1ba0191422c0f1f46fccaef843281cdd8082412bf72	0.0.1@1785116998415	5	1	81cecc33f96b455e8ecc33f96b755eb7	1785117024736503087	1785117024880694696	144.192427	200	200	104	1785117024766	1785117024870	true	execution_path_accepted	not_applicable	measured_logical_request		selected
381	381_c2-reusable-concurrency-16m-child-g014-g015	reusable-concurrency	revision_rotation_warm	16777216	14	warm_followup	s16777216-g014-warm5	68d2e1f00a7a33249d4d1c9b274b6069b9a9fe77460c0aad7abb93f7f317e4af	0.0.1@1785116998415	6	1	9674eabb6f734c3eb4eabb6f731c3e65	1785117024919247914	1785117025083258960	164.011111	200	200	97	1785117024948	1785117025045	true	execution_path_accepted	not_applicable	measured_logical_request		selected
381	381_c2-reusable-concurrency-16m-child-g014-g015	reusable-concurrency	revision_rotation_fresh	16777216	15	fresh_first_use	s16777216-g015-fresh	fdd58b015d5d47a40b4e226f7cff518855ad72c2e3197c05b29a8663502f61b5	0.0.2@1785117026596	7	1	c2e6b6fafccf466da6b6fafccf466dc8	1785117029681005633	1785117037581743454	7900.738054	200	200	933	1785117036612	1785117037545	true	execution_path_accepted	not_applicable	measured_logical_request		selected
381	381_c2-reusable-concurrency-16m-child-g014-g015	reusable-concurrency	revision_rotation_warm	16777216	15	warm_followup	s16777216-g015-warm1	09545f631cb0a5a1ee4765332e89136d062084eec285092d8bc33b428fcad6c5	0.0.2@1785117026596	8	1	43d6d0d8b840479c96d0d8b840879c44	1785117037633406841	1785117037794223508	160.816395	200	200	78	1785117037684	1785117037762	true	execution_path_accepted	not_applicable	measured_logical_request		selected
381	381_c2-reusable-concurrency-16m-child-g014-g015	reusable-concurrency	revision_rotation_warm	16777216	15	warm_followup	s16777216-g015-warm2	d3f0d9c4fa53bae2993d74ffa0a266005ec6ff5e4e24b5047016ca1e6ab37a09	0.0.2@1785117026596	9	1	1088f1aa69f34a7688f1aa69f30a76ab	1785117037824133065	1785117037964860511	140.727703	200	200	100	1785117037853	1785117037953	true	execution_path_accepted	not_applicable	measured_logical_request		selected
381	381_c2-reusable-concurrency-16m-child-g014-g015	reusable-concurrency	revision_rotation_warm	16777216	15	warm_followup	s16777216-g015-warm3	f36caf3d59887bf9d135a9e0cbad27b21078c45d99a7dfb0c438d2c40f0c0b7b	0.0.2@1785117026596	10	1	29566b13455c44ab966b13455cc4abeb	1785117038007352533	1785117038140764074	133.411370	200	200	84	1785117038046	1785117038130	true	execution_path_accepted	not_applicable	measured_logical_request		selected
381	381_c2-reusable-concurrency-16m-child-g014-g015	reusable-concurrency	revision_rotation_warm	16777216	15	warm_followup	s16777216-g015-warm4	fc04fb9d032b54db59ec77b485500aef11c06e7085d39b05ecf0e5426b0523d7	0.0.2@1785117026596	11	1	032031fd20f54df5a031fd20f54df550	1785117038175418459	1785117038352052902	176.633770	200	200	120	1785117038214	1785117038334	true	execution_path_accepted	not_applicable	measured_logical_request		selected
381	381_c2-reusable-concurrency-16m-child-g014-g015	reusable-concurrency	revision_rotation_warm	16777216	15	warm_followup	s16777216-g015-warm5	be83716cdc0f1ef849fefe2c42482ff879200d5cb26e7125e705ef065c6d5110	0.0.2@1785117026596	12	1	4c6ba4f426384fb1aba4f42638cfb1b1	1785117038381229502	1785117038523103647	141.874324	200	200	83	1785117038408	1785117038491	true	execution_path_accepted	not_applicable	measured_logical_request		selected
382	382_c2-reusable-concurrency-16m-child-g016-g017	reusable-concurrency	revision_rotation_fresh	16777216	16	fresh_first_use	s16777216-g016-fresh	bee01194cf4f7d2dd95d2c29410ae7a69e33e6ddee7d3fd05539925c1a92ea7c	0.0.1@1785121601693	1	1	d8d0143a53a84e5290143a53a86e526d	1785121605503668826	1785121614376359939	8872.691533	200	200	1007	1785121613188	1785121614195	true	execution_path_accepted	not_applicable	measured_logical_request		selected
382	382_c2-reusable-concurrency-16m-child-g016-g017	reusable-concurrency	revision_rotation_warm	16777216	16	warm_followup	s16777216-g016-warm1	be83e918a732c973822c399cf79998e2f0d7bcbfb4745a390cfe72652f49235b	0.0.1@1785121601693	2	1	e9172cbd93ad41f5972cbd93adc1f517	1785121614438062996	1785121614572261506	134.198370	200	200	72	1785121614490	1785121614562	true	execution_path_accepted	not_applicable	measured_logical_request		selected
382	382_c2-reusable-concurrency-16m-child-g016-g017	reusable-concurrency	revision_rotation_warm	16777216	16	warm_followup	s16777216-g016-warm2	f9184e25187ebb234f68c9d7f3f5d20a6a362c01f5565f18a6d69349e67fa1c3	0.0.1@1785121601693	3	1	6dc35dff406241bf835dff4062b1bfcb	1785121614600641501	1785121614724769221	124.128051	200	200	81	1785121614634	1785121614715	true	execution_path_accepted	not_applicable	measured_logical_request		selected
382	382_c2-reusable-concurrency-16m-child-g016-g017	reusable-concurrency	revision_rotation_warm	16777216	16	warm_followup	s16777216-g016-warm3	5cbdfb0ab8d0f3001f28ad933b6b3ff7b4f8b4f63bf61b57d3c213031335cc66	0.0.1@1785121601693	4	1	93b0719531554939b0719531559939d3	1785121614760718485	1785121614949038016	188.319536	200	200	122	1785121614807	1785121614929	true	execution_path_accepted	not_applicable	measured_logical_request		selected
382	382_c2-reusable-concurrency-16m-child-g016-g017	reusable-concurrency	revision_rotation_warm	16777216	16	warm_followup	s16777216-g016-warm4	0c10cf7d9ef6c1cf7b196339642a053f608fbbb7397f94a020482e2be52e8521	0.0.1@1785121601693	5	1	1f7035a4bb2c484eb035a4bb2c084ee7	1785121614973131085	1785121615098228861	125.097795	200	200	81	1785121615006	1785121615087	true	execution_path_accepted	not_applicable	measured_logical_request		selected
382	382_c2-reusable-concurrency-16m-child-g016-g017	reusable-concurrency	revision_rotation_warm	16777216	16	warm_followup	s16777216-g016-warm5	c59082e1f54dbd6ab2cc4be124afbae61ba6d8651e3abaafc0d8db96504c83b7	0.0.1@1785121601693	6	1	9633d3a5338a423db3d3a5338af23de3	1785121615130955759	1785121615269590883	138.635065	200	200	82	1785121615154	1785121615236	true	execution_path_accepted	not_applicable	measured_logical_request		selected
382	382_c2-reusable-concurrency-16m-child-g016-g017	reusable-concurrency	revision_rotation_fresh	16777216	17	fresh_first_use	s16777216-g017-fresh	90f0465c1080574942e0a71c20b1feba45f4eac9ed57d3f88b21507f2bbf0ffc	0.0.2@1785121616841	7	1	dddc074b6bbd46de9c074b6bbd66de98	1785121620096920453	1785121627919251486	7822.331988	200	200	865	1785121627032	1785121627897	true	execution_path_accepted	not_applicable	measured_logical_request		selected
382	382_c2-reusable-concurrency-16m-child-g016-g017	reusable-concurrency	revision_rotation_warm	16777216	17	warm_followup	s16777216-g017-warm1	473548df26d7c152a9f407ca5aef2ddc9087f2a2bdbf2287bef4cdcc3e2d93df	0.0.2@1785121616841	8	1	ff00037a129a456b80037a129ab56ba9	1785121628271023029	1785121628414092367	143.068769	200	200	76	1785121628310	1785121628386	true	execution_path_accepted	not_applicable	measured_logical_request		selected
382	382_c2-reusable-concurrency-16m-child-g016-g017	reusable-concurrency	revision_rotation_warm	16777216	17	warm_followup	s16777216-g017-warm2	634777e52f34eb9f95a5df7cb639cb11d74ab90443d48b43fa2dec36be8bcbce	0.0.2@1785121616841	9	1	91f077ba84314d10b077ba84312d1099	1785121628429393245	1785121628575965589	146.572306	200	200	103	1785121628463	1785121628566	true	execution_path_accepted	not_applicable	measured_logical_request		selected
382	382_c2-reusable-concurrency-16m-child-g016-g017	reusable-concurrency	revision_rotation_warm	16777216	17	warm_followup	s16777216-g017-warm3	a60fc0b9839eb2367084dc6269810da5c2ab73921187303143c6d66325c7fa46	0.0.2@1785121616841	10	1	e35a00613d3d496f9a00613d3dc96fbb	1785121628617622657	1785121628779470640	161.848058	200	200	86	1785121628672	1785121628758	true	execution_path_accepted	not_applicable	measured_logical_request		selected
382	382_c2-reusable-concurrency-16m-child-g016-g017	reusable-concurrency	revision_rotation_warm	16777216	17	warm_followup	s16777216-g017-warm4	15e5c38c068b137ee1789ca977f0f872d394b8b35d369d2c8859d6c5d524e576	0.0.2@1785121616841	11	1	de766a48584f4afdb66a48584fbafdea	1785121628813815926	1785121628969008468	155.192648	200	200	88	1785121628853	1785121628941	true	execution_path_accepted	not_applicable	measured_logical_request		selected
382	382_c2-reusable-concurrency-16m-child-g016-g017	reusable-concurrency	revision_rotation_warm	16777216	17	warm_followup	s16777216-g017-warm5	efec2dab1fa2f8866d2907dfe84af385b55075d596d367056193bfb312036577	0.0.2@1785121616841	12	1	d186154d4d474e4186154d4d474e4100	1785121628990314805	1785121629135552227	145.237530	200	200	93	1785121629020	1785121629113	true	execution_path_accepted	not_applicable	measured_logical_request		selected
