schema_version	profile	artifact_size_bytes	fresh_group	logical_request_id	activation_id	first_result_latency_ms	upload_duration_ms	action_fetch_duration_ms	action_fetch_status	runtime_init_duration_ms	runtime_init_status	kms_key_release_duration_ms	function_key_decap_duration_ms	cfunc_aes_gcm_duration_ms	wasm_load_duration_ms	wasm_instantiate_duration_ms	input_key_decap_duration_ms	input_aes_gcm_duration_ms	workload_core_duration_ms	output_kem_duration_ms	output_aes_gcm_duration_ms	outer_execution_duration_ms	fresh_placement_eligible	phase_evidence_status	gateway_code_queue_wait_duration_ms	gateway_code_service_duration_ms	target_code_decrypt_status	kms_key_release_status
c2-reusable-phase-breakdown-v1	reusable-concurrency	65536	1	s65536-g001-fresh	57baef35bdcb4202baef35bdcbf202d8	12284.49994	386.422529		unavailable_no_direct_event		unavailable_no_direct_event								51.448825			52.178486	true	partial_with_explicit_unavailable	0.013535	0.334488	unavailable_no_direct_event	not_applicable_profile_absent
c2-reusable-phase-breakdown-v1	reusable-concurrency	262144	1	s262144-g001-fresh	dff3fe615cdd4b82b3fe615cdd5b8202	1056.414585	493.205542		unavailable_no_direct_event		unavailable_no_direct_event								50.943457			53.072446	true	partial_with_explicit_unavailable	0.014087	0.941707	unavailable_no_direct_event	not_applicable_profile_absent
c2-reusable-phase-breakdown-v1	reusable-concurrency	1048576	1	s1048576-g001-fresh	1c5d11827b2446b19d11827b2406b126	1787.182918	803.809373		unavailable_no_direct_event		unavailable_no_direct_event								57.727576			61.612654	true	partial_with_explicit_unavailable	0.015688	3.712679	unavailable_no_direct_event	not_applicable_profile_absent
c2-reusable-phase-breakdown-v1	reusable-concurrency	4194304	1	s4194304-g001-fresh	c2f48caf32804cefb48caf32805cefda	2721.233551	1554.538414		unavailable_no_direct_event		unavailable_no_direct_event								50.494413			51.028156	true	partial_with_explicit_unavailable	0.010767	17.519961	unavailable_no_direct_event	not_applicable_profile_absent
c2-reusable-phase-breakdown-v1	reusable-concurrency	65536	2	s65536-g002-fresh	03b98aeb9c284c8fb98aeb9c286c8fef	410.012543	64.937799		unavailable_no_direct_event		unavailable_no_direct_event								50.220172			50.670495	true	partial_with_explicit_unavailable	0.011374	0.284895	unavailable_no_direct_event	not_applicable_profile_absent
c2-reusable-phase-breakdown-v1	reusable-concurrency	262144	2	s262144-g002-fresh	2b32d71799d544deb2d71799d544decc	658.30178	197.764880		unavailable_no_direct_event		unavailable_no_direct_event								51.002407			51.498652	true	partial_with_explicit_unavailable	0.016718	1.052740	unavailable_no_direct_event	not_applicable_profile_absent
c2-reusable-phase-breakdown-v1	reusable-concurrency	1048576	2	s1048576-g002-fresh	a663808d4c994afea3808d4c991afee4	1631.55034	311.971049		unavailable_no_direct_event		unavailable_no_direct_event								69.814665			70.502180	true	partial_with_explicit_unavailable	0.011717	3.981146	unavailable_no_direct_event	not_applicable_profile_absent
c2-reusable-phase-breakdown-v1	reusable-concurrency	4194304	2	s4194304-g002-fresh	6db1d0c37e85497ab1d0c37e85897a75	3727.189094	1246.049551		unavailable_no_direct_event		unavailable_no_direct_event								50.198563			51.910661	true	partial_with_explicit_unavailable	0.014833	31.692505	unavailable_no_direct_event	not_applicable_profile_absent
c2-reusable-phase-breakdown-v1	reusable-concurrency	65536	3	s65536-g003-fresh	a20c7e5655fb43688c7e5655fba36852	396.254986	54.996926		unavailable_no_direct_event		unavailable_no_direct_event								52.647247			56.459753	true	partial_with_explicit_unavailable	0.015595	0.307928	unavailable_no_direct_event	not_applicable_profile_absent
c2-reusable-phase-breakdown-v1	reusable-concurrency	262144	3	s262144-g003-fresh	c91a883f169f4e619a883f169f9e61c3	556.550145	181.745139		unavailable_no_direct_event		unavailable_no_direct_event								51.251844			52.498207	true	partial_with_explicit_unavailable	0.014616	0.954233	unavailable_no_direct_event	not_applicable_profile_absent
c2-reusable-phase-breakdown-v1	reusable-concurrency	1048576	3	s1048576-g003-fresh	e9aa8e7c37e0496faa8e7c37e0b96f39	1011.96552	435.018909		unavailable_no_direct_event		unavailable_no_direct_event								50.465635			51.219781	true	partial_with_explicit_unavailable	0.012296	3.889501	unavailable_no_direct_event	not_applicable_profile_absent
c2-reusable-phase-breakdown-v1	reusable-concurrency	4194304	3	s4194304-g003-fresh	e9f328a95c4f4039b328a95c4f1039d9	2349.626585	1129.856102		unavailable_no_direct_event		unavailable_no_direct_event								51.967526			52.492464	true	partial_with_explicit_unavailable	0.020355	34.127285	unavailable_no_direct_event	not_applicable_profile_absent
c2-reusable-phase-breakdown-v1	reusable-concurrency	65536	4	s65536-g004-fresh	992d0ef7f4054c0cad0ef7f4054c0cb0	346.839802	41.746759		unavailable_no_direct_event		unavailable_no_direct_event								50.212949			50.814652	true	partial_with_explicit_unavailable	0.015610	0.286742	unavailable_no_direct_event	not_applicable_profile_absent
c2-reusable-phase-breakdown-v1	reusable-concurrency	262144	4	s262144-g004-fresh	e8911a4ec3644bae911a4ec3642bae0d	563.364381	151.940931		unavailable_no_direct_event		unavailable_no_direct_event								50.225175			51.990018	true	partial_with_explicit_unavailable	0.010022	1.052069	unavailable_no_direct_event	not_applicable_profile_absent
c2-reusable-phase-breakdown-v1	reusable-concurrency	1048576	4	s1048576-g004-fresh	33603a771d1747a7a03a771d1777a768	1760.539608	268.508032		unavailable_no_direct_event		unavailable_no_direct_event								55.538350			56.105828	true	partial_with_explicit_unavailable	0.016277	3.849512	unavailable_no_direct_event	not_applicable_profile_absent
c2-reusable-phase-breakdown-v1	reusable-concurrency	4194304	4	s4194304-g004-fresh	5114fa6124f8448094fa6124f88480b8	2933.356143	1066.334766		unavailable_no_direct_event		unavailable_no_direct_event								50.816767			51.275762	true	partial_with_explicit_unavailable	0.010215	22.077631	unavailable_no_direct_event	not_applicable_profile_absent
c2-reusable-phase-breakdown-v1	reusable-concurrency	65536	5	s65536-g005-fresh	c9e535c45e8c4857a535c45e8c485756	428.097567	65.330554		unavailable_no_direct_event		unavailable_no_direct_event								50.197557			50.641561	true	partial_with_explicit_unavailable	0.011594	0.281736	unavailable_no_direct_event	not_applicable_profile_absent
c2-reusable-phase-breakdown-v1	reusable-concurrency	262144	5	s262144-g005-fresh	07d1265cf8f24c7591265cf8f2bc75a3	435.751201	92.937376		unavailable_no_direct_event		unavailable_no_direct_event								56.256070			56.718776	true	partial_with_explicit_unavailable	0.011537	1.013692	unavailable_no_direct_event	not_applicable_profile_absent
c2-reusable-phase-breakdown-v1	reusable-concurrency	1048576	5	s1048576-g005-fresh	d5e78720f5ec4125a78720f5ec812535	909.864459	343.468455		unavailable_no_direct_event		unavailable_no_direct_event								50.413386			51.312806	true	partial_with_explicit_unavailable	0.016408	3.849776	unavailable_no_direct_event	not_applicable_profile_absent
c2-reusable-phase-breakdown-v1	reusable-concurrency	4194304	5	s4194304-g005-fresh	a810df8e29da4df690df8e29da2df614	2117.957086	1132.423855		unavailable_no_direct_event		unavailable_no_direct_event								50.490892			51.282230	true	partial_with_explicit_unavailable	0.013089	16.010594	unavailable_no_direct_event	not_applicable_profile_absent
c2-reusable-phase-breakdown-v1	reusable-concurrency	65536	6	s65536-g006-fresh	c9c000044c7a4e358000044c7a1e3548	309.172699	57.617909		unavailable_no_direct_event		unavailable_no_direct_event								50.209059			52.288165	true	partial_with_explicit_unavailable	0.011384	0.277269	unavailable_no_direct_event	not_applicable_profile_absent
c2-reusable-phase-breakdown-v1	reusable-concurrency	262144	6	s262144-g006-fresh	102d3b54460f40afad3b54460fe0af9d	511.830116	71.065301		unavailable_no_direct_event		unavailable_no_direct_event								50.566263			51.465025	true	partial_with_explicit_unavailable	0.012395	1.063409	unavailable_no_direct_event	not_applicable_profile_absent
c2-reusable-phase-breakdown-v1	reusable-concurrency	1048576	6	s1048576-g006-fresh	ce3492d3f1c94adbb492d3f1c93adb98	950.483044	237.770306		unavailable_no_direct_event		unavailable_no_direct_event								52.155475			53.177487	true	partial_with_explicit_unavailable	0.015189	3.527772	unavailable_no_direct_event	not_applicable_profile_absent
c2-reusable-phase-breakdown-v1	reusable-concurrency	4194304	6	s4194304-g006-fresh	a5f9d7d8e425471eb9d7d8e425071eaf	2734.735151	1133.643546		unavailable_no_direct_event		unavailable_no_direct_event								54.969647			56.477822	true	partial_with_explicit_unavailable	0.010667	32.737102	unavailable_no_direct_event	not_applicable_profile_absent
c2-reusable-phase-breakdown-v1	reusable-concurrency	65536	7	s65536-g007-fresh	13cb2e43b34640e88b2e43b346d0e8e9	281.469089	50.546603		unavailable_no_direct_event		unavailable_no_direct_event								63.993311			64.702769	true	partial_with_explicit_unavailable	0.014875	0.290714	unavailable_no_direct_event	not_applicable_profile_absent
c2-reusable-phase-breakdown-v1	reusable-concurrency	262144	7	s262144-g007-fresh	55dd389d6f7942059d389d6f79920504	509.93906	81.192253		unavailable_no_direct_event		unavailable_no_direct_event								50.678670			51.141960	true	partial_with_explicit_unavailable	0.012364	1.049493	unavailable_no_direct_event	not_applicable_profile_absent
c2-reusable-phase-breakdown-v1	reusable-concurrency	1048576	7	s1048576-g007-fresh	138216f9030049a68216f90300f9a61b	891.690255	311.772257		unavailable_no_direct_event		unavailable_no_direct_event								51.709625			52.363607	true	partial_with_explicit_unavailable	0.011907	3.974718	unavailable_no_direct_event	not_applicable_profile_absent
c2-reusable-phase-breakdown-v1	reusable-concurrency	4194304	7	s4194304-g007-fresh	aacb5939bc1249cb8b5939bc1239cbc0	2354.868753	897.749690		unavailable_no_direct_event		unavailable_no_direct_event								56.579715			57.083454	true	partial_with_explicit_unavailable	0.012754	26.242067	unavailable_no_direct_event	not_applicable_profile_absent
c2-reusable-phase-breakdown-v1	reusable-concurrency	65536	8	s65536-g008-fresh	c76eba790e704dd5aeba790e70fdd57e	302.15568	38.873780		unavailable_no_direct_event		unavailable_no_direct_event								50.765612			51.217384	true	partial_with_explicit_unavailable	0.016092	0.267553	unavailable_no_direct_event	not_applicable_profile_absent
c2-reusable-phase-breakdown-v1	reusable-concurrency	262144	8	s262144-g008-fresh	67f1b6d8daf945d5b1b6d8daf9e5d5a7	402.239967	144.016538		unavailable_no_direct_event		unavailable_no_direct_event								51.093531			51.693217	true	partial_with_explicit_unavailable	0.010587	1.040917	unavailable_no_direct_event	not_applicable_profile_absent
c2-reusable-phase-breakdown-v1	reusable-concurrency	1048576	8	s1048576-g008-fresh	fe4259b38f964d578259b38f964d57b5	1074.144886	238.597931		unavailable_no_direct_event		unavailable_no_direct_event								51.450061			52.049136	true	partial_with_explicit_unavailable	0.011460	4.020619	unavailable_no_direct_event	not_applicable_profile_absent
c2-reusable-phase-breakdown-v1	reusable-concurrency	4194304	8	s4194304-g008-fresh	962fb2f0817f4526afb2f0817f452643	2220.179482	1042.357099		unavailable_no_direct_event		unavailable_no_direct_event								50.609144			51.136117	true	partial_with_explicit_unavailable	0.023771	16.808904	unavailable_no_direct_event	not_applicable_profile_absent
c2-reusable-phase-breakdown-v1	reusable-concurrency	65536	9	s65536-g009-fresh	5ca9bddf410d44c2a9bddf410db4c2fb	320.595992	42.892587		unavailable_no_direct_event		unavailable_no_direct_event								50.257832			51.243020	true	partial_with_explicit_unavailable	0.011538	0.279684	unavailable_no_direct_event	not_applicable_profile_absent
c2-reusable-phase-breakdown-v1	reusable-concurrency	262144	9	s262144-g009-fresh	98c66a6ed30e43f2866a6ed30e23f22e	489.993151	89.703384		unavailable_no_direct_event		unavailable_no_direct_event								56.884134			57.425844	true	partial_with_explicit_unavailable	0.013461	1.067369	unavailable_no_direct_event	not_applicable_profile_absent
c2-reusable-phase-breakdown-v1	reusable-concurrency	1048576	9	s1048576-g009-fresh	49e0dc739023448aa0dc739023648a8b	808.666961	414.855258		unavailable_no_direct_event		unavailable_no_direct_event								50.190124			53.645761	true	partial_with_explicit_unavailable	0.011276	4.528735	unavailable_no_direct_event	not_applicable_profile_absent
c2-reusable-phase-breakdown-v1	reusable-concurrency	4194304	9	s4194304-g009-fresh	6ed08690df034b22908690df037b2291	2270.339172	968.356329		unavailable_no_direct_event		unavailable_no_direct_event								50.900435			54.193204	true	partial_with_explicit_unavailable	0.016546	16.952916	unavailable_no_direct_event	not_applicable_profile_absent
c2-reusable-phase-breakdown-v1	reusable-concurrency	65536	10	s65536-g010-fresh	eb0ff5fbe09047ba8ff5fbe090e7ba26	283.24805	44.970337		unavailable_no_direct_event		unavailable_no_direct_event								50.298621			52.975018	true	partial_with_explicit_unavailable	0.011168	0.277062	unavailable_no_direct_event	not_applicable_profile_absent
c2-reusable-phase-breakdown-v1	reusable-concurrency	262144	10	s262144-g010-fresh	b396ca23d4fc4c8a96ca23d4fcdc8a7f	533.940189	90.008425		unavailable_no_direct_event		unavailable_no_direct_event								50.362831			50.903080	true	partial_with_explicit_unavailable	0.013866	0.990671	unavailable_no_direct_event	not_applicable_profile_absent
c2-reusable-phase-breakdown-v1	reusable-concurrency	1048576	10	s1048576-g010-fresh	345e8da69d0e45fe9e8da69d0e75feb1	872.721522	297.792232		unavailable_no_direct_event		unavailable_no_direct_event								50.217032			53.403743	true	partial_with_explicit_unavailable	0.011267	4.379192	unavailable_no_direct_event	not_applicable_profile_absent
c2-reusable-phase-breakdown-v1	reusable-concurrency	4194304	10	s4194304-g010-fresh	3f951d5e0f564586951d5e0f56d586f6	2118.476859	1049.496746		unavailable_no_direct_event		unavailable_no_direct_event								50.310452			50.824328	true	partial_with_explicit_unavailable	0.017402	17.002858	unavailable_no_direct_event	not_applicable_profile_absent
c2-reusable-phase-breakdown-v1	reusable-concurrency	65536	11	s65536-g011-fresh	8ce4534e23164966a4534e231609662e	239.235283	30.949066		unavailable_no_direct_event		unavailable_no_direct_event								51.858234			52.500841	true	partial_with_explicit_unavailable	0.013726	0.310375	unavailable_no_direct_event	not_applicable_profile_absent
c2-reusable-phase-breakdown-v1	reusable-concurrency	262144	11	s262144-g011-fresh	7a6e6e93d63141d4ae6e93d631d1d41a	550.007309	75.161317		unavailable_no_direct_event		unavailable_no_direct_event								55.132384			55.807008	true	partial_with_explicit_unavailable	0.012674	1.049543	unavailable_no_direct_event	not_applicable_profile_absent
c2-reusable-phase-breakdown-v1	reusable-concurrency	1048576	11	s1048576-g011-fresh	81aa2ed694ea43cfaa2ed694eac3cfce	945.180328	261.835893		unavailable_no_direct_event		unavailable_no_direct_event								53.024892			53.501573	true	partial_with_explicit_unavailable	0.015656	3.941772	unavailable_no_direct_event	not_applicable_profile_absent
c2-reusable-phase-breakdown-v1	reusable-concurrency	4194304	11	s4194304-g011-fresh	a126be45e4ad4c7ba6be45e4ad3c7b53	2170.285094	972.090900		unavailable_no_direct_event		unavailable_no_direct_event								52.219571			55.336680	true	partial_with_explicit_unavailable	0.023468	15.666730	unavailable_no_direct_event	not_applicable_profile_absent
c2-reusable-phase-breakdown-v1	reusable-concurrency	65536	12	s65536-g012-fresh	119d94c992cd48f89d94c992cdf8f819	394.976577	37.274257		unavailable_no_direct_event		unavailable_no_direct_event								50.195619			54.518090	true	partial_with_explicit_unavailable	0.018998	0.300911	unavailable_no_direct_event	not_applicable_profile_absent
c2-reusable-phase-breakdown-v1	reusable-concurrency	262144	12	s262144-g012-fresh	1eb21b5d66424312b21b5d66428312c4	544.335044	81.060670		unavailable_no_direct_event		unavailable_no_direct_event								51.980129			52.421087	true	partial_with_explicit_unavailable	0.019474	1.032126	unavailable_no_direct_event	not_applicable_profile_absent
c2-reusable-phase-breakdown-v1	reusable-concurrency	1048576	12	s1048576-g012-fresh	5968e8c49a854227a8e8c49a85e227ad	1226.941268	234.883204		unavailable_no_direct_event		unavailable_no_direct_event								50.758412			53.903221	true	partial_with_explicit_unavailable	0.010683	4.427100	unavailable_no_direct_event	not_applicable_profile_absent
c2-reusable-phase-breakdown-v1	reusable-concurrency	4194304	12	s4194304-g012-fresh	d516d6e2d73b4bc696d6e2d73b7bc600	2311.898164	972.304178		unavailable_no_direct_event		unavailable_no_direct_event								51.994741			52.517259	true	partial_with_explicit_unavailable	0.014464	16.436596	unavailable_no_direct_event	not_applicable_profile_absent
c2-reusable-phase-breakdown-v1	reusable-concurrency	65536	13	s65536-g013-fresh	515eebc019b74c7a9eebc019b72c7adf	298.854044	33.096474		unavailable_no_direct_event		unavailable_no_direct_event								55.162203			55.704059	true	partial_with_explicit_unavailable	0.017598	0.292847	unavailable_no_direct_event	not_applicable_profile_absent
c2-reusable-phase-breakdown-v1	reusable-concurrency	262144	13	s262144-g013-fresh	ec92620718e348ba92620718e378ba7d	532.074931	79.451761		unavailable_no_direct_event		unavailable_no_direct_event								50.215535			54.526974	true	partial_with_explicit_unavailable	0.020186	1.061234	unavailable_no_direct_event	not_applicable_profile_absent
c2-reusable-phase-breakdown-v1	reusable-concurrency	1048576	13	s1048576-g013-fresh	4fd7ae6732d148bb97ae6732d148bb9f	838.807876	304.712439		unavailable_no_direct_event		unavailable_no_direct_event								50.750030			52.299643	true	partial_with_explicit_unavailable	0.013310	4.232468	unavailable_no_direct_event	not_applicable_profile_absent
c2-reusable-phase-breakdown-v1	reusable-concurrency	4194304	13	s4194304-g013-fresh	f980b7afa056423a80b7afa056b23a2f	2253.003129	948.244286		unavailable_no_direct_event		unavailable_no_direct_event								50.481927			51.056455	true	partial_with_explicit_unavailable	0.011794	15.580729	unavailable_no_direct_event	not_applicable_profile_absent
c2-reusable-phase-breakdown-v1	reusable-concurrency	65536	14	s65536-g014-fresh	b1d0c1aa406e4b6990c1aa406ebb694d	294.767699	40.429509		unavailable_no_direct_event		unavailable_no_direct_event								50.462707			55.511933	true	partial_with_explicit_unavailable	0.014343	0.287631	unavailable_no_direct_event	not_applicable_profile_absent
c2-reusable-phase-breakdown-v1	reusable-concurrency	262144	14	s262144-g014-fresh	844ca5c8736b46358ca5c8736ba63556	426.239194	110.189581		unavailable_no_direct_event		unavailable_no_direct_event								50.594120			51.743376	true	partial_with_explicit_unavailable	0.042277	1.047771	unavailable_no_direct_event	not_applicable_profile_absent
c2-reusable-phase-breakdown-v1	reusable-concurrency	1048576	14	s1048576-g014-fresh	730e1947f53c42918e1947f53c3291b7	874.188646	241.323434		unavailable_no_direct_event		unavailable_no_direct_event								52.205530			52.657404	true	partial_with_explicit_unavailable	0.013680	4.090212	unavailable_no_direct_event	not_applicable_profile_absent
c2-reusable-phase-breakdown-v1	reusable-concurrency	4194304	14	s4194304-g014-fresh	c4f18fb6186f4eefb18fb6186feeef11	2132.467842	969.945825		unavailable_no_direct_event		unavailable_no_direct_event								50.184304			51.798339	true	partial_with_explicit_unavailable	0.012521	19.276393	unavailable_no_direct_event	not_applicable_profile_absent
c2-reusable-phase-breakdown-v1	reusable-concurrency	65536	15	s65536-g015-fresh	9ba8a5d405bf4a80a8a5d405bfca80e7	292.973114	35.300859		unavailable_no_direct_event		unavailable_no_direct_event								51.195822			51.808703	true	partial_with_explicit_unavailable	0.038867	0.292175	unavailable_no_direct_event	not_applicable_profile_absent
c2-reusable-phase-breakdown-v1	reusable-concurrency	262144	15	s262144-g015-fresh	10e1d534cffc41a4a1d534cffc71a4f4	362.307592	83.278502		unavailable_no_direct_event		unavailable_no_direct_event								50.216887			50.751120	true	partial_with_explicit_unavailable	0.014488	1.036816	unavailable_no_direct_event	not_applicable_profile_absent
c2-reusable-phase-breakdown-v1	reusable-concurrency	1048576	15	s1048576-g015-fresh	03274c802dcf45f1a74c802dcfa5f1cf	1178.841216	241.129313		unavailable_no_direct_event		unavailable_no_direct_event								50.247203			60.665422	true	partial_with_explicit_unavailable	0.012535	4.089882	unavailable_no_direct_event	not_applicable_profile_absent
c2-reusable-phase-breakdown-v1	reusable-concurrency	4194304	15	s4194304-g015-fresh	20c9c2f960fd48c389c2f960fdb8c39b	2112.133466	1404.308847		unavailable_no_direct_event		unavailable_no_direct_event								50.395686			51.597695	true	partial_with_explicit_unavailable	0.012544	16.671098	unavailable_no_direct_event	not_applicable_profile_absent
c2-reusable-phase-breakdown-v1	reusable-concurrency	65536	16	s65536-g016-fresh	63ead48dab3f4e24aad48dab3fae2470	244.531706	47.247001		unavailable_no_direct_event		unavailable_no_direct_event								50.210888			50.741789	true	partial_with_explicit_unavailable	0.034939	0.286457	unavailable_no_direct_event	not_applicable_profile_absent
c2-reusable-phase-breakdown-v1	reusable-concurrency	262144	16	s262144-g016-fresh	aeb8f392ac064462b8f392ac0654629d	454.816118	76.407727		unavailable_no_direct_event		unavailable_no_direct_event								52.737091			53.198781	true	partial_with_explicit_unavailable	0.011064	1.066676	unavailable_no_direct_event	not_applicable_profile_absent
c2-reusable-phase-breakdown-v1	reusable-concurrency	1048576	16	s1048576-g016-fresh	546bb2ec86034fbcabb2ec86030fbc71	1114.763663	313.646235		unavailable_no_direct_event		unavailable_no_direct_event								64.142291			67.327277	true	partial_with_explicit_unavailable	0.017555	4.008166	unavailable_no_direct_event	not_applicable_profile_absent
c2-reusable-phase-breakdown-v1	reusable-concurrency	4194304	16	s4194304-g016-fresh	47046cf4cec24c98846cf4cec28c9846	2067.884189	971.883416		unavailable_no_direct_event		unavailable_no_direct_event								51.424196			52.415206	true	partial_with_explicit_unavailable	0.012819	15.859642	unavailable_no_direct_event	not_applicable_profile_absent
c2-reusable-phase-breakdown-v1	reusable-concurrency	65536	17	s65536-g017-fresh	f6620af883034c3ca20af883033c3cd9	290.951631	61.508503		unavailable_no_direct_event		unavailable_no_direct_event								61.363350			63.007755	true	partial_with_explicit_unavailable	0.011092	0.301586	unavailable_no_direct_event	not_applicable_profile_absent
c2-reusable-phase-breakdown-v1	reusable-concurrency	262144	17	s262144-g017-fresh	126ebbf5c15d49b8aebbf5c15d39b8bc	532.440494	77.249315		unavailable_no_direct_event		unavailable_no_direct_event								51.857728			55.253464	true	partial_with_explicit_unavailable	0.012411	1.041645	unavailable_no_direct_event	not_applicable_profile_absent
c2-reusable-phase-breakdown-v1	reusable-concurrency	1048576	17	s1048576-g017-fresh	531b94a148d54ec79b94a148d5dec738	1023.268901	238.280259		unavailable_no_direct_event		unavailable_no_direct_event								53.195456			53.683953	true	partial_with_explicit_unavailable	0.013272	3.862976	unavailable_no_direct_event	not_applicable_profile_absent
c2-reusable-phase-breakdown-v1	reusable-concurrency	4194304	17	s4194304-g017-fresh	c18a9fbeec5548958a9fbeec5558958f	1891.095221	963.090164		unavailable_no_direct_event		unavailable_no_direct_event								50.458174			51.623373	true	partial_with_explicit_unavailable	0.010890	16.025835	unavailable_no_direct_event	not_applicable_profile_absent
c2-reusable-phase-breakdown-v1	reusable-concurrency	65536	18	s65536-g018-fresh	85cc4ec61c8744538c4ec61c87045396	283.473186	50.088392		unavailable_no_direct_event		unavailable_no_direct_event								50.257741			50.708594	true	partial_with_explicit_unavailable	0.018122	0.310669	unavailable_no_direct_event	not_applicable_profile_absent
c2-reusable-phase-breakdown-v1	reusable-concurrency	262144	18	s262144-g018-fresh	b2a1c82982734786a1c8298273e7867a	518.714907	80.533084		unavailable_no_direct_event		unavailable_no_direct_event								50.848250			52.386031	true	partial_with_explicit_unavailable	0.016964	1.079878	unavailable_no_direct_event	not_applicable_profile_absent
c2-reusable-phase-breakdown-v1	reusable-concurrency	1048576	18	s1048576-g018-fresh	f35cb412ccc54d819cb412ccc5dd81f4	771.257258	288.770682		unavailable_no_direct_event		unavailable_no_direct_event								52.331288			52.775979	true	partial_with_explicit_unavailable	0.014466	3.857928	unavailable_no_direct_event	not_applicable_profile_absent
c2-reusable-phase-breakdown-v1	reusable-concurrency	4194304	18	s4194304-g018-fresh	230bc175bc1044268bc175bc105426e5	1997.559061	1004.897238		unavailable_no_direct_event		unavailable_no_direct_event								51.150842			51.673035	true	partial_with_explicit_unavailable	0.015784	16.213349	unavailable_no_direct_event	not_applicable_profile_absent
c2-reusable-phase-breakdown-v1	reusable-concurrency	65536	19	s65536-g019-fresh	1beafcec1f1c41ceaafcec1f1c11ce37	379.165274	48.567882		unavailable_no_direct_event		unavailable_no_direct_event								50.194459			53.339627	true	partial_with_explicit_unavailable	0.015518	0.255005	unavailable_no_direct_event	not_applicable_profile_absent
c2-reusable-phase-breakdown-v1	reusable-concurrency	262144	19	s262144-g019-fresh	8a7e37d08cd640cebe37d08cd6d0ce10	661.138954	74.989253		unavailable_no_direct_event		unavailable_no_direct_event								51.703390			57.840052	true	partial_with_explicit_unavailable	0.019972	1.017092	unavailable_no_direct_event	not_applicable_profile_absent
c2-reusable-phase-breakdown-v1	reusable-concurrency	1048576	19	s1048576-g019-fresh	4dd37e8daa464463937e8daa46e46377	968.890033	267.919101		unavailable_no_direct_event		unavailable_no_direct_event								50.559400			51.016878	true	partial_with_explicit_unavailable	0.013188	3.824002	unavailable_no_direct_event	not_applicable_profile_absent
c2-reusable-phase-breakdown-v1	reusable-concurrency	4194304	19	s4194304-g019-fresh	c132d421ebaa4f06b2d421ebaadf068b	9369.366965	960.437342		unavailable_no_direct_event		unavailable_no_direct_event								53.501675			53.961007	true	partial_with_explicit_unavailable	0.012590	16.140872	unavailable_no_direct_event	not_applicable_profile_absent
c2-reusable-phase-breakdown-v1	reusable-concurrency	65536	20	s65536-g020-fresh	89122c7a11b6422e922c7a11b6522eb6	315.159851	44.202419		unavailable_no_direct_event		unavailable_no_direct_event								62.206450			63.815908	true	partial_with_explicit_unavailable	0.012269	0.308026	unavailable_no_direct_event	not_applicable_profile_absent
c2-reusable-phase-breakdown-v1	reusable-concurrency	262144	20	s262144-g020-fresh	6c26dc329c184404a6dc329c184404a6	646.091853	81.839509		unavailable_no_direct_event		unavailable_no_direct_event								50.394307			50.898266	true	partial_with_explicit_unavailable	0.014694	1.032209	unavailable_no_direct_event	not_applicable_profile_absent
c2-reusable-phase-breakdown-v1	reusable-concurrency	1048576	20	s1048576-g020-fresh	69ca6da6be4e4b5e8a6da6be4ecb5efc	834.218084	247.877464		unavailable_no_direct_event		unavailable_no_direct_event								50.947239			52.012826	true	partial_with_explicit_unavailable	0.014210	3.923316	unavailable_no_direct_event	not_applicable_profile_absent
c2-reusable-phase-breakdown-v1	reusable-concurrency	4194304	20	s4194304-g020-fresh	ea5aa4232137465e9aa4232137065e2d	2359.03498	1011.951078		unavailable_no_direct_event		unavailable_no_direct_event								50.460515			50.970759	true	partial_with_explicit_unavailable	0.022365	15.460547	unavailable_no_direct_event	not_applicable_profile_absent
c2-reusable-phase-breakdown-v1	reusable-concurrency	65536	21	s65536-g021-fresh	80f84b8acc984febb84b8acc985feb4a	280.281879	31.549951		unavailable_no_direct_event		unavailable_no_direct_event								51.080462			51.563378	true	partial_with_explicit_unavailable	0.017299	0.284762	unavailable_no_direct_event	not_applicable_profile_absent
c2-reusable-phase-breakdown-v1	reusable-concurrency	262144	21	s262144-g021-fresh	6d36b7c2c3c64d9ab6b7c2c3c6cd9a84	499.556338	73.161449		unavailable_no_direct_event		unavailable_no_direct_event								52.928934			54.998199	true	partial_with_explicit_unavailable	0.013612	1.089820	unavailable_no_direct_event	not_applicable_profile_absent
c2-reusable-phase-breakdown-v1	reusable-concurrency	1048576	21	s1048576-g021-fresh	a0bc8b987f9d4b37bc8b987f9d5b3755	726.102578	254.890899		unavailable_no_direct_event		unavailable_no_direct_event								50.881159			51.399675	true	partial_with_explicit_unavailable	0.010999	4.046714	unavailable_no_direct_event	not_applicable_profile_absent
c2-reusable-phase-breakdown-v1	reusable-concurrency	4194304	21	s4194304-g021-fresh	d53bab1824394b25bbab1824392b25be	2192.758785	997.150708		unavailable_no_direct_event		unavailable_no_direct_event								53.081195			53.625610	true	partial_with_explicit_unavailable	0.015974	34.908702	unavailable_no_direct_event	not_applicable_profile_absent
c2-reusable-phase-breakdown-v1	reusable-concurrency	65536	22	s65536-g022-fresh	9bac748cd5e94c8dac748cd5e91c8dac	284.321464	50.041099		unavailable_no_direct_event		unavailable_no_direct_event								50.196688			51.555738	true	partial_with_explicit_unavailable	0.014114	0.331126	unavailable_no_direct_event	not_applicable_profile_absent
c2-reusable-phase-breakdown-v1	reusable-concurrency	262144	22	s262144-g022-fresh	31ad394b45c244c6ad394b45c224c6e2	597.427314	76.423739		unavailable_no_direct_event		unavailable_no_direct_event								50.210337			54.510678	true	partial_with_explicit_unavailable	0.012889	1.003750	unavailable_no_direct_event	not_applicable_profile_absent
c2-reusable-phase-breakdown-v1	reusable-concurrency	1048576	22	s1048576-g022-fresh	3e6ceac8afa043adaceac8afa063ad7c	801.013555	264.184004		unavailable_no_direct_event		unavailable_no_direct_event								50.483469			51.812053	true	partial_with_explicit_unavailable	0.015694	3.801571	unavailable_no_direct_event	not_applicable_profile_absent
c2-reusable-phase-breakdown-v1	reusable-concurrency	4194304	22	s4194304-g022-fresh	73083becaab44112883becaab401127b	2173.123303	994.409131		unavailable_no_direct_event		unavailable_no_direct_event								51.948200			52.469038	true	partial_with_explicit_unavailable	0.012148	15.965678	unavailable_no_direct_event	not_applicable_profile_absent
c2-reusable-phase-breakdown-v1	reusable-concurrency	65536	23	s65536-g023-fresh	e1ff2959958d46acbf2959958d26acff	280.76692	36.212148		unavailable_no_direct_event		unavailable_no_direct_event								50.829956			52.285182	true	partial_with_explicit_unavailable	0.009429	0.283998	unavailable_no_direct_event	not_applicable_profile_absent
c2-reusable-phase-breakdown-v1	reusable-concurrency	262144	23	s262144-g023-fresh	8b6f0240ab944dcbaf0240ab948dcb51	372.094914	70.578636		unavailable_no_direct_event		unavailable_no_direct_event								55.992208			56.500900	true	partial_with_explicit_unavailable	0.010823	1.057119	unavailable_no_direct_event	not_applicable_profile_absent
c2-reusable-phase-breakdown-v1	reusable-concurrency	1048576	23	s1048576-g023-fresh	b3c2c07fa03c422882c07fa03c522822	660.795954	242.616462		unavailable_no_direct_event		unavailable_no_direct_event								54.567681			57.693805	true	partial_with_explicit_unavailable	0.016513	4.046977	unavailable_no_direct_event	not_applicable_profile_absent
c2-reusable-phase-breakdown-v1	reusable-concurrency	4194304	23	s4194304-g023-fresh	e39f9b6aff4b47399f9b6aff4b17391e	2078.758565	964.093253		unavailable_no_direct_event		unavailable_no_direct_event								52.534489			59.517544	true	partial_with_explicit_unavailable	0.020157	17.251286	unavailable_no_direct_event	not_applicable_profile_absent
c2-reusable-phase-breakdown-v1	reusable-concurrency	65536	24	s65536-g024-fresh	b714bd1599a34b6c94bd1599a3bb6c9f	280.229489	33.394045		unavailable_no_direct_event		unavailable_no_direct_event								52.410711			54.513636	true	partial_with_explicit_unavailable	0.013678	0.290135	unavailable_no_direct_event	not_applicable_profile_absent
c2-reusable-phase-breakdown-v1	reusable-concurrency	262144	24	s262144-g024-fresh	62c51245a33d40ef851245a33dd0efd2	461.033838	103.047348		unavailable_no_direct_event		unavailable_no_direct_event								51.433873			51.880745	true	partial_with_explicit_unavailable	0.012982	1.027525	unavailable_no_direct_event	not_applicable_profile_absent
c2-reusable-phase-breakdown-v1	reusable-concurrency	1048576	24	s1048576-g024-fresh	9009f4dc779742e589f4dc7797e2e5b8	927.947658	328.724340		unavailable_no_direct_event		unavailable_no_direct_event								50.911652			54.053119	true	partial_with_explicit_unavailable	0.010715	3.847382	unavailable_no_direct_event	not_applicable_profile_absent
c2-reusable-phase-breakdown-v1	reusable-concurrency	4194304	24	s4194304-g024-fresh	ca85a90ca00c443685a90ca00c4436ce	2029.108744	950.489972		unavailable_no_direct_event		unavailable_no_direct_event								50.202152			53.694641	true	partial_with_explicit_unavailable	0.011215	15.867685	unavailable_no_direct_event	not_applicable_profile_absent
c2-reusable-phase-breakdown-v1	reusable-concurrency	65536	25	s65536-g025-fresh	e7ffa8c8aeb54c2fbfa8c8aeb53c2ff4	284.932975	36.426666		unavailable_no_direct_event		unavailable_no_direct_event								51.238167			51.809650	true	partial_with_explicit_unavailable	0.011693	0.282191	unavailable_no_direct_event	not_applicable_profile_absent
c2-reusable-phase-breakdown-v1	reusable-concurrency	262144	25	s262144-g025-fresh	b7cbb4a3a45f4d3c8bb4a3a45fcd3cde	434.310418	76.953251		unavailable_no_direct_event		unavailable_no_direct_event								50.468752			50.982955	true	partial_with_explicit_unavailable	0.029807	1.055942	unavailable_no_direct_event	not_applicable_profile_absent
c2-reusable-phase-breakdown-v1	reusable-concurrency	1048576	25	s1048576-g025-fresh	7cf783af3be243d5b783af3be2e3d515	748.200679	246.281080		unavailable_no_direct_event		unavailable_no_direct_event								55.192155			56.320137	true	partial_with_explicit_unavailable	0.011719	3.825644	unavailable_no_direct_event	not_applicable_profile_absent
c2-reusable-phase-breakdown-v1	reusable-concurrency	4194304	25	s4194304-g025-fresh	2ca372372edd4354a372372eddb3548a	2508.857591	990.787719		unavailable_no_direct_event		unavailable_no_direct_event								50.284883			51.300818	true	partial_with_explicit_unavailable	0.010906	14.981353	unavailable_no_direct_event	not_applicable_profile_absent
c2-reusable-phase-breakdown-v1	reusable-concurrency	65536	26	s65536-g026-fresh	2e19b02caf6546d899b02caf6516d8fb	240.756902	37.810240		unavailable_no_direct_event		unavailable_no_direct_event								50.218429			51.794654	true	partial_with_explicit_unavailable	0.015146	0.249710	unavailable_no_direct_event	not_applicable_profile_absent
c2-reusable-phase-breakdown-v1	reusable-concurrency	262144	26	s262144-g026-fresh	c07cee11b15f4f6fbcee11b15fbf6f45	361.85882	72.013690		unavailable_no_direct_event		unavailable_no_direct_event								50.890388			55.447426	true	partial_with_explicit_unavailable	0.013626	0.921787	unavailable_no_direct_event	not_applicable_profile_absent
c2-reusable-phase-breakdown-v1	reusable-concurrency	1048576	26	s1048576-g026-fresh	06eb01d15b4c40eaab01d15b4c00ea98	862.465212	253.436478		unavailable_no_direct_event		unavailable_no_direct_event								56.319340			57.958796	true	partial_with_explicit_unavailable	0.012966	3.864110	unavailable_no_direct_event	not_applicable_profile_absent
c2-reusable-phase-breakdown-v1	reusable-concurrency	4194304	26	s4194304-g026-fresh	c776d884c3e64a21b6d884c3e6ba214c	2016.089731	1047.994346		unavailable_no_direct_event		unavailable_no_direct_event								50.838812			51.342262	true	partial_with_explicit_unavailable	0.011923	16.490544	unavailable_no_direct_event	not_applicable_profile_absent
c2-reusable-phase-breakdown-v1	reusable-concurrency	65536	27	s65536-g027-fresh	666ef6fef5db4e38aef6fef5db9e387d	257.262784	49.972336		unavailable_no_direct_event		unavailable_no_direct_event								51.168875			51.690684	true	partial_with_explicit_unavailable	0.012881	0.301259	unavailable_no_direct_event	not_applicable_profile_absent
c2-reusable-phase-breakdown-v1	reusable-concurrency	262144	27	s262144-g027-fresh	ea2328f3dd784987a328f3dd78c98727	486.838444	69.967121		unavailable_no_direct_event		unavailable_no_direct_event								50.291667			50.772323	true	partial_with_explicit_unavailable	0.016207	0.555499	unavailable_no_direct_event	not_applicable_profile_absent
c2-reusable-phase-breakdown-v1	reusable-concurrency	1048576	27	s1048576-g027-fresh	e06f52acc30f4d62af52acc30f1d62e4	729.924345	241.891142		unavailable_no_direct_event		unavailable_no_direct_event								50.203794			51.037481	true	partial_with_explicit_unavailable	0.017465	3.936739	unavailable_no_direct_event	not_applicable_profile_absent
c2-reusable-phase-breakdown-v1	reusable-concurrency	4194304	27	s4194304-g027-fresh	55b81c31ccc645e5b81c31ccc665e580	2408.961746	1104.254133		unavailable_no_direct_event		unavailable_no_direct_event								52.043926			56.044746	true	partial_with_explicit_unavailable	0.013009	15.624669	unavailable_no_direct_event	not_applicable_profile_absent
c2-reusable-phase-breakdown-v1	reusable-concurrency	65536	28	s65536-g028-fresh	b6901db2d4304ea5901db2d430bea507	312.821724	41.057245		unavailable_no_direct_event		unavailable_no_direct_event								50.274678			52.765289	true	partial_with_explicit_unavailable	0.015888	0.269750	unavailable_no_direct_event	not_applicable_profile_absent
c2-reusable-phase-breakdown-v1	reusable-concurrency	262144	28	s262144-g028-fresh	df59decbd89e49dc99decbd89e59dc2d	508.244304	77.064792		unavailable_no_direct_event		unavailable_no_direct_event								50.209207			53.356314	true	partial_with_explicit_unavailable	0.014026	0.997335	unavailable_no_direct_event	not_applicable_profile_absent
c2-reusable-phase-breakdown-v1	reusable-concurrency	1048576	28	s1048576-g028-fresh	1a22f04b58a3402ca2f04b58a3402cbd	940.273556	229.399281		unavailable_no_direct_event		unavailable_no_direct_event								58.240605			58.731570	true	partial_with_explicit_unavailable	0.013416	3.979778	unavailable_no_direct_event	not_applicable_profile_absent
c2-reusable-phase-breakdown-v1	reusable-concurrency	4194304	28	s4194304-g028-fresh	146093696fb74288a093696fb7f288ce	1975.076727	938.464215		unavailable_no_direct_event		unavailable_no_direct_event								65.028161			65.696924	true	partial_with_explicit_unavailable	0.018111	16.537003	unavailable_no_direct_event	not_applicable_profile_absent
c2-reusable-phase-breakdown-v1	reusable-concurrency	65536	29	s65536-g029-fresh	25ca03f7c4884fc58a03f7c4887fc512	225.370131	33.095893		unavailable_no_direct_event		unavailable_no_direct_event								50.519261			51.003702	true	partial_with_explicit_unavailable	0.012474	0.294657	unavailable_no_direct_event	not_applicable_profile_absent
c2-reusable-phase-breakdown-v1	reusable-concurrency	262144	29	s262144-g029-fresh	05c9e27976054ef389e2797605fef328	461.804497	142.554084		unavailable_no_direct_event		unavailable_no_direct_event								65.733989			66.235845	true	partial_with_explicit_unavailable	0.014705	1.030063	unavailable_no_direct_event	not_applicable_profile_absent
c2-reusable-phase-breakdown-v1	reusable-concurrency	1048576	29	s1048576-g029-fresh	b3164feea21a4c21964feea21acc2155	736.036362	243.375251		unavailable_no_direct_event		unavailable_no_direct_event								50.460484			50.908500	true	partial_with_explicit_unavailable	0.013755	3.860108	unavailable_no_direct_event	not_applicable_profile_absent
c2-reusable-phase-breakdown-v1	reusable-concurrency	4194304	29	s4194304-g029-fresh	9860adc123a24318a0adc123a253181d	2045.186031	962.817448		unavailable_no_direct_event		unavailable_no_direct_event								51.012806			51.470445	true	partial_with_explicit_unavailable	0.012099	15.933196	unavailable_no_direct_event	not_applicable_profile_absent
c2-reusable-phase-breakdown-v1	reusable-concurrency	65536	30	s65536-g030-fresh	8ce780239ac74731a780239ac7373156	301.728365	36.809979		unavailable_no_direct_event		unavailable_no_direct_event								51.128003			51.781725	true	partial_with_explicit_unavailable	0.013396	0.287214	unavailable_no_direct_event	not_applicable_profile_absent
c2-reusable-phase-breakdown-v1	reusable-concurrency	262144	30	s262144-g030-fresh	71699fb657fb472ca99fb657fb572ca4	534.280683	69.756680		unavailable_no_direct_event		unavailable_no_direct_event								51.781065			52.796826	true	partial_with_explicit_unavailable	0.014692	1.013467	unavailable_no_direct_event	not_applicable_profile_absent
c2-reusable-phase-breakdown-v1	reusable-concurrency	1048576	30	s1048576-g030-fresh	6632c1b409364805b2c1b40936b805ac	1102.846312	251.709769		unavailable_no_direct_event		unavailable_no_direct_event								50.510027			51.014980	true	partial_with_explicit_unavailable	0.012561	3.939110	unavailable_no_direct_event	not_applicable_profile_absent
c2-reusable-phase-breakdown-v1	reusable-concurrency	4194304	30	s4194304-g030-fresh	2abc7f6324ea4b27bc7f6324ea0b27a6	2098.352467	973.363586		unavailable_no_direct_event		unavailable_no_direct_event								51.479923			53.490332	true	partial_with_explicit_unavailable	0.010782	15.649818	unavailable_no_direct_event	not_applicable_profile_absent
c2-reusable-phase-breakdown-v1	reusable-concurrency	65536	31	s65536-g031-fresh	afe28ddae2dd42a0a28ddae2dd72a052	267.103358	24.977328		unavailable_no_direct_event		unavailable_no_direct_event								50.164780			53.588183	true	partial_with_explicit_unavailable	0.040799	0.295097	unavailable_no_direct_event	not_applicable_profile_absent
c2-reusable-phase-breakdown-v1	reusable-concurrency	262144	31	s262144-g031-fresh	4e1911fead344b9a9911fead345b9a48	570.206275	127.898308		unavailable_no_direct_event		unavailable_no_direct_event								51.226523			51.710160	true	partial_with_explicit_unavailable	0.011725	1.073619	unavailable_no_direct_event	not_applicable_profile_absent
c2-reusable-phase-breakdown-v1	reusable-concurrency	1048576	31	s1048576-g031-fresh	3cc50eaa9f4f4adb850eaa9f4f4adba4	758.766359	298.548576		unavailable_no_direct_event		unavailable_no_direct_event								62.178218			62.615048	true	partial_with_explicit_unavailable	0.018138	4.241942	unavailable_no_direct_event	not_applicable_profile_absent
c2-reusable-phase-breakdown-v1	reusable-concurrency	4194304	31	s4194304-g031-fresh	ed21d483b25b4331a1d483b25b533138	2231.068219	975.906300		unavailable_no_direct_event		unavailable_no_direct_event								50.219040			53.078227	true	partial_with_explicit_unavailable	0.017858	15.543304	unavailable_no_direct_event	not_applicable_profile_absent
c2-reusable-phase-breakdown-v1	reusable-concurrency	65536	32	s65536-g032-fresh	c077cff92df74bc6b7cff92df7cbc6c4	321.430491	38.426493		unavailable_no_direct_event		unavailable_no_direct_event								50.224997			50.700285	true	partial_with_explicit_unavailable	0.014082	0.273803	unavailable_no_direct_event	not_applicable_profile_absent
c2-reusable-phase-breakdown-v1	reusable-concurrency	262144	32	s262144-g032-fresh	4bdf517310be49f89f517310bed9f805	566.122756	82.326939		unavailable_no_direct_event		unavailable_no_direct_event								50.991012			51.485551	true	partial_with_explicit_unavailable	0.014838	1.006080	unavailable_no_direct_event	not_applicable_profile_absent
c2-reusable-phase-breakdown-v1	reusable-concurrency	1048576	32	s1048576-g032-fresh	9382b481649f418a82b481649ff18a16	847.730874	264.941362		unavailable_no_direct_event		unavailable_no_direct_event								52.004133			52.511212	true	partial_with_explicit_unavailable	0.013741	3.790689	unavailable_no_direct_event	not_applicable_profile_absent
c2-reusable-phase-breakdown-v1	reusable-concurrency	4194304	32	s4194304-g032-fresh	263724afeaad4b84b724afeaad6b849e	2201.019013	966.732148		unavailable_no_direct_event		unavailable_no_direct_event								51.107086			51.573316	true	partial_with_explicit_unavailable	0.014362	16.332972	unavailable_no_direct_event	not_applicable_profile_absent
c2-reusable-phase-breakdown-v1	reusable-concurrency	65536	33	s65536-g033-fresh	5fad5df19f484652ad5df19f48c6526a	276.024672	42.071116		unavailable_no_direct_event		unavailable_no_direct_event								50.582807			51.095312	true	partial_with_explicit_unavailable	0.011810	0.284373	unavailable_no_direct_event	not_applicable_profile_absent
c2-reusable-phase-breakdown-v1	reusable-concurrency	262144	33	s262144-g033-fresh	e3882f3084434ab2882f3084436ab248	497.044821	75.288751		unavailable_no_direct_event		unavailable_no_direct_event								51.610196			54.288662	true	partial_with_explicit_unavailable	0.012973	1.066328	unavailable_no_direct_event	not_applicable_profile_absent
c2-reusable-phase-breakdown-v1	reusable-concurrency	1048576	33	s1048576-g033-fresh	3b5cf5bea94d45b09cf5bea94d15b05e	708.298743	235.882310		unavailable_no_direct_event		unavailable_no_direct_event								50.760953			51.264291	true	partial_with_explicit_unavailable	0.015108	5.308407	unavailable_no_direct_event	not_applicable_profile_absent
c2-reusable-phase-breakdown-v1	reusable-concurrency	4194304	33	s4194304-g033-fresh	60a8b33b30de483aa8b33b30def83a35	2240.01256	941.529564		unavailable_no_direct_event		unavailable_no_direct_event								50.310140			50.878567	true	partial_with_explicit_unavailable	0.013355	16.446940	unavailable_no_direct_event	not_applicable_profile_absent
c2-reusable-phase-breakdown-v1	reusable-concurrency	65536	34	s65536-g034-fresh	1f5932b5da1446739932b5da141673a3	272.719712	43.363184		unavailable_no_direct_event		unavailable_no_direct_event								50.354397			56.613498	true	partial_with_explicit_unavailable	0.012334	0.280704	unavailable_no_direct_event	not_applicable_profile_absent
c2-reusable-phase-breakdown-v1	reusable-concurrency	262144	34	s262144-g034-fresh	e6812aa0739b47f5812aa0739ba7f5ff	516.28768	82.672436		unavailable_no_direct_event		unavailable_no_direct_event								50.771450			51.217941	true	partial_with_explicit_unavailable	0.010909	0.913252	unavailable_no_direct_event	not_applicable_profile_absent
c2-reusable-phase-breakdown-v1	reusable-concurrency	1048576	34	s1048576-g034-fresh	21958b5a51b84c05958b5a51b8ac05c3	689.81448	253.608300		unavailable_no_direct_event		unavailable_no_direct_event								50.900351			52.875009	true	partial_with_explicit_unavailable	0.012106	4.667314	unavailable_no_direct_event	not_applicable_profile_absent
c2-reusable-phase-breakdown-v1	reusable-concurrency	4194304	34	s4194304-g034-fresh	84d8e185c8184f7f98e185c818cf7f8b	2094.892784	1002.085990		unavailable_no_direct_event		unavailable_no_direct_event								50.470265			51.168567	true	partial_with_explicit_unavailable	0.012091	16.198631	unavailable_no_direct_event	not_applicable_profile_absent
c2-reusable-phase-breakdown-v1	reusable-concurrency	65536	35	s65536-g035-fresh	423383d219a1421db383d219a1421dd9	348.932266	35.566568		unavailable_no_direct_event		unavailable_no_direct_event								50.788060			51.321809	true	partial_with_explicit_unavailable	0.018943	0.318456	unavailable_no_direct_event	not_applicable_profile_absent
c2-reusable-phase-breakdown-v1	reusable-concurrency	262144	35	s262144-g035-fresh	9b5922a037d940a89922a037d9c0a818	433.14441	80.538441		unavailable_no_direct_event		unavailable_no_direct_event								50.189491			50.699726	true	partial_with_explicit_unavailable	0.014390	0.985269	unavailable_no_direct_event	not_applicable_profile_absent
c2-reusable-phase-breakdown-v1	reusable-concurrency	1048576	35	s1048576-g035-fresh	3a2d6ed693874a1dad6ed693879a1df9	651.201497	259.611209		unavailable_no_direct_event		unavailable_no_direct_event								50.217539			52.032668	true	partial_with_explicit_unavailable	0.009020	3.852452	unavailable_no_direct_event	not_applicable_profile_absent
c2-reusable-phase-breakdown-v1	reusable-concurrency	4194304	35	s4194304-g035-fresh	9e9473dadfeb4a809473dadfeb9a8047	2015.41338	970.213564		unavailable_no_direct_event		unavailable_no_direct_event								51.022138			51.567999	true	partial_with_explicit_unavailable	0.010815	16.018096	unavailable_no_direct_event	not_applicable_profile_absent
c2-reusable-phase-breakdown-v1	reusable-concurrency	65536	36	s65536-g036-fresh	8d1fb2ee0ce6413a9fb2ee0ce6613a79	261.735562	35.773477		unavailable_no_direct_event		unavailable_no_direct_event								50.336413			50.878177	true	partial_with_explicit_unavailable	0.012645	0.293791	unavailable_no_direct_event	not_applicable_profile_absent
c2-reusable-phase-breakdown-v1	reusable-concurrency	262144	36	s262144-g036-fresh	aa56007550824ce396007550823ce317	991.334021	75.324575		unavailable_no_direct_event		unavailable_no_direct_event								50.691177			52.240397	true	partial_with_explicit_unavailable	0.025152	1.029927	unavailable_no_direct_event	not_applicable_profile_absent
c2-reusable-phase-breakdown-v1	reusable-concurrency	1048576	36	s1048576-g036-fresh	6182e5c98d294de782e5c98d295de785	749.790306	246.474764		unavailable_no_direct_event		unavailable_no_direct_event								56.683648			59.563814	true	partial_with_explicit_unavailable	0.019004	4.210121	unavailable_no_direct_event	not_applicable_profile_absent
c2-reusable-phase-breakdown-v1	reusable-concurrency	4194304	36	s4194304-g036-fresh	9809a83f663543d789a83f663523d798	2230.024317	948.241704		unavailable_no_direct_event		unavailable_no_direct_event								50.699600			51.722988	true	partial_with_explicit_unavailable	0.011351	16.163417	unavailable_no_direct_event	not_applicable_profile_absent
c2-reusable-phase-breakdown-v1	reusable-concurrency	65536	37	s65536-g037-fresh	0ac7d5e813554f2187d5e81355df21ec	215.267991	35.108732		unavailable_no_direct_event		unavailable_no_direct_event								51.189948			51.762687	true	partial_with_explicit_unavailable	0.013050	0.279168	unavailable_no_direct_event	not_applicable_profile_absent
c2-reusable-phase-breakdown-v1	reusable-concurrency	262144	37	s262144-g037-fresh	20321943314c4623b21943314c962303	476.340799	69.522184		unavailable_no_direct_event		unavailable_no_direct_event								50.285274			58.393409	true	partial_with_explicit_unavailable	0.012374	1.037493	unavailable_no_direct_event	not_applicable_profile_absent
c2-reusable-phase-breakdown-v1	reusable-concurrency	1048576	37	s1048576-g037-fresh	c20f78534b4a49fa8f78534b4a29fa13	828.233608	239.804610		unavailable_no_direct_event		unavailable_no_direct_event								50.189334			51.872464	true	partial_with_explicit_unavailable	0.015189	4.146177	unavailable_no_direct_event	not_applicable_profile_absent
c2-reusable-phase-breakdown-v1	reusable-concurrency	4194304	37	s4194304-g037-fresh	8fd7413ffd3240e297413ffd3280e229	2211.314237	980.600652		unavailable_no_direct_event		unavailable_no_direct_event								50.215057			50.781885	true	partial_with_explicit_unavailable	0.012009	16.326034	unavailable_no_direct_event	not_applicable_profile_absent
c2-reusable-phase-breakdown-v1	reusable-concurrency	65536	38	s65536-g038-fresh	1bfc4652685f4782bc4652685fe78299	236.285609	38.151069		unavailable_no_direct_event		unavailable_no_direct_event								50.169479			50.686722	true	partial_with_explicit_unavailable	0.013187	0.235267	unavailable_no_direct_event	not_applicable_profile_absent
c2-reusable-phase-breakdown-v1	reusable-concurrency	262144	38	s262144-g038-fresh	0d2fabbb54874af1afabbb54876af1b1	594.288329	75.959332		unavailable_no_direct_event		unavailable_no_direct_event								54.968057			55.441229	true	partial_with_explicit_unavailable	0.011687	1.046808	unavailable_no_direct_event	not_applicable_profile_absent
c2-reusable-phase-breakdown-v1	reusable-concurrency	1048576	38	s1048576-g038-fresh	5f756145981346a0b561459813c6a0e7	976.078896	280.629499		unavailable_no_direct_event		unavailable_no_direct_event								50.302570			51.017424	true	partial_with_explicit_unavailable	0.012305	5.590176	unavailable_no_direct_event	not_applicable_profile_absent
c2-reusable-phase-breakdown-v1	reusable-concurrency	4194304	38	s4194304-g038-fresh	efccead4093549548cead40935895436	2186.191698	967.302199		unavailable_no_direct_event		unavailable_no_direct_event								50.196782			56.000460	true	partial_with_explicit_unavailable	0.010667	17.578319	unavailable_no_direct_event	not_applicable_profile_absent
c2-reusable-phase-breakdown-v1	reusable-concurrency	65536	39	s65536-g039-fresh	bf19260fcf9a428e99260fcf9a728ec8	318.838143	33.063062		unavailable_no_direct_event		unavailable_no_direct_event								51.577302			52.594587	true	partial_with_explicit_unavailable	0.015425	0.296651	unavailable_no_direct_event	not_applicable_profile_absent
c2-reusable-phase-breakdown-v1	reusable-concurrency	262144	39	s262144-g039-fresh	6939fd0a787f45b9b9fd0a787fc5b931	7309.912998	70.527352		unavailable_no_direct_event		unavailable_no_direct_event								51.556231			57.467427	true	partial_with_explicit_unavailable	0.014754	1.046433	unavailable_no_direct_event	not_applicable_profile_absent
c2-reusable-phase-breakdown-v1	reusable-concurrency	1048576	39	s1048576-g039-fresh	94eb0d8098804b61ab0d8098809b61b3	821.573283	302.774116		unavailable_no_direct_event		unavailable_no_direct_event								51.688037			54.222128	true	partial_with_explicit_unavailable	0.010098	4.017742	unavailable_no_direct_event	not_applicable_profile_absent
c2-reusable-phase-breakdown-v1	reusable-concurrency	4194304	39	s4194304-g039-fresh	2c0d22e30c5145108d22e30c51b5108f	1951.528119	961.619866		unavailable_no_direct_event		unavailable_no_direct_event								50.185997			50.717478	true	partial_with_explicit_unavailable	0.010607	16.168929	unavailable_no_direct_event	not_applicable_profile_absent
c2-reusable-phase-breakdown-v1	reusable-concurrency	65536	40	s65536-g040-fresh	85b3c1828b4447c2b3c1828b44c7c296	266.848269	39.544261		unavailable_no_direct_event		unavailable_no_direct_event								52.188085			54.194476	true	partial_with_explicit_unavailable	0.010553	0.291555	unavailable_no_direct_event	not_applicable_profile_absent
c2-reusable-phase-breakdown-v1	reusable-concurrency	262144	40	s262144-g040-fresh	cfa4c57250c64e44a4c57250c6ce4414	461.854738	70.415567		unavailable_no_direct_event		unavailable_no_direct_event								51.178548			51.838646	true	partial_with_explicit_unavailable	0.017285	1.049249	unavailable_no_direct_event	not_applicable_profile_absent
c2-reusable-phase-breakdown-v1	reusable-concurrency	1048576	40	s1048576-g040-fresh	4fb6ab52b2f54009b6ab52b2f5c00904	829.057688	248.178031		unavailable_no_direct_event		unavailable_no_direct_event								51.743480			54.152006	true	partial_with_explicit_unavailable	0.017266	3.953027	unavailable_no_direct_event	not_applicable_profile_absent
c2-reusable-phase-breakdown-v1	reusable-concurrency	4194304	40	s4194304-g040-fresh	95e8c11a24804b93a8c11a24804b937f	2600.153118	1001.253434		unavailable_no_direct_event		unavailable_no_direct_event								51.545836			52.044958	true	partial_with_explicit_unavailable	0.012979	15.660391	unavailable_no_direct_event	not_applicable_profile_absent
