accepted_global_groups_json	action_name	aggregate_selected	aggregate_selected_global_groups_json	attempt_rows_path	attempt_rows_sha256	cleanup_provenance_path	cleanup_provenance_sha256	cleanup_status	collection_root	global_group_end	global_group_start	logical_rows_path	logical_rows_sha256	main_acceptance_status	main_classification	main_classification_path	main_classification_sha256	private_manifest_path	private_manifest_sha256	profile_readiness_path	profile_readiness_sha256	profile_reset_provenance_path	profile_reset_provenance_sha256	profile_reset_status	public_manifest_path	public_manifest_sha256	range_id	round_id	selection_basis	source_session_id	source_session_provenance_path	source_session_provenance_sha256
[1,2]	c2-reusable-16m-r374-g001-g004	true	[1,2]	run/activation-attempts.tsv	2f8d509ef4dabd2cba4b8a0cb140df2cbb006aa292cc247539a48d012cb27f4a	ACTION-CLEANUP-STATUS.env	e14aa507e914e6a0046ac3969a66ff82ace7abb1d448e46d36924685a891f16b	action_200_to_404_source_writer_zero	374_c2-reusable-concurrency-16m-child-g001-g004	4	1	recovery/c2/reusable-verification.tsv	f15ca0838e5923afff107346f73c9cc98d7a8d753f05c8944e1cc46b1eda2c57	main_accepted_group_aggregate_eligible	main_review_accepted_diagnostic_measurement_partial_control_plane_stall_after_two_complete_groups	MAIN_AGENT_CLASSIFICATION.md	8f64863be3c94e6bef28730814f8299d2072301c4e39f5b912b513db26f3d9bf	PRIVATE-ARCHIVE-MANIFEST.tsv	93e3b90b2e84ed3a3aa26c270c61b25efb301a80234bddc38fe2b91c0c7accad	notes/JIT-INFRA-EVIDENCE.json	7b910fc978375cba48d2f84fc035c69e766ad99bbbcf3dac01ccc44c7945a028	notes/JIT-INFRA-EVIDENCE.json	7b910fc978375cba48d2f84fc035c69e766ad99bbbcf3dac01ccc44c7945a028	main_no_build_full_profile_redeploy_complete	MANIFEST.tsv	b8b16ecbf3e94a83cf3c73f0147713976e8c5b9c8ef907255adca903b3c69131	g001-g004	374	earliest_main_accepted_contract_valid_group_no_performance_selection	round374-gateway-pid17771-source-binding1	notes/source-session-launch.env	479f1b7a5f08182374920e356be6ebe3df5e4097790e702eacee11d9ce7186af
[3]	c2-reusable-16m-r375-g003-g003	true	[3]	run/activation-attempts.tsv	f1dd6cc0b856a48c952714c24b0dc266b39ffa182dd7506f6166b5ae8e56e4ad	ACTION-CLEANUP-STATUS.env	e022ccd417d8f75b9c45a8162c40258688dc059be64d0d5c750512f98d293011	action_200_to_404_source_writer_zero	375_c2-reusable-concurrency-16m-child-g003-g003	3	3	recovery/c2/reusable-verification.tsv	f1118d20e36e6e1e9e5e8374d3bcc2d3df58a494c862544df3d2e3ec2a25b7b3	main_accepted_group_aggregate_eligible	accepted_formal_c2_16m_group_g003_complete	MAIN_AGENT_CLASSIFICATION.md	471a0dcd2d90e9860e2be79c91959f819183764d4cae693296b3ff2836950163	PRIVATE-ARCHIVE-MANIFEST.tsv	ee036033a352f10bd6674c9ad6aadfee0c2a1359121e2f383693e401f4acccb6	PROFILE-RESET-PROVENANCE.env	0d8fc1a6e839f3699a08d46125215d2de9ab3b7e699fdfee6d97892700429654	PROFILE-RESET-PROVENANCE.env	0d8fc1a6e839f3699a08d46125215d2de9ab3b7e699fdfee6d97892700429654	main_no_build_full_profile_redeploy_complete	MANIFEST.tsv	af68b9f39da7c5ac09032b12bb0c7cf228a7aaab0d112f7741e61f0da9a9f424	g003-g003	375	earliest_main_accepted_contract_valid_group_no_performance_selection	round375-gateway-pid16368-source-binding1	SOURCE-SESSION-PROVENANCE.env	339c838b07ffb49ed6fbe7fbdf3677d90610358cc860bd7c0ca46226a21ebf1e
[4,5]	c2-reusable-16m-r376-g004-g005	true	[4,5]	run/activation-attempts.tsv	7b0a7ec343589cd27049bad7047bdf4ce5a0d19200d779f0cdb97ad3f16dafbd	ACTION-CLEANUP-STATUS.env	180ba2dcb8470f6bb6198dd092ab2d0672840eaf0a2310aa93c9b407ec1df33d	action_200_to_404_source_writer_zero	376_c2-reusable-concurrency-16m-child-g004-g005	5	4	recovery/c2/reusable-verification.tsv	86a905960d852c42aee0c0f85b90810f29c84f64930c5618068ba0f160a0ab16	main_accepted_group_aggregate_eligible	accepted_formal_c2_16m_groups_g004_g005_complete	MAIN_AGENT_CLASSIFICATION.md	79f444b8601033f983f41278df38e10779b5315eceb9d86a29e06b0b438c5042	PRIVATE-ARCHIVE-MANIFEST.tsv	398f7c68d028f92e9aa523d4b58729a6b27967744c5808f607a5ed40fc7f3d2f	PROFILE-RESET-PROVENANCE.env	0d8fc1a6e839f3699a08d46125215d2de9ab3b7e699fdfee6d97892700429654	PROFILE-RESET-PROVENANCE.env	0d8fc1a6e839f3699a08d46125215d2de9ab3b7e699fdfee6d97892700429654	main_no_build_full_profile_redeploy_complete	MANIFEST.tsv	2b19147bdc504eb3285f4bcdf532ddcae55e264583522b17ece3f8fc047a701e	g004-g005	376	earliest_main_accepted_contract_valid_group_no_performance_selection	round376-gateway-pid39719-source-binding1	SOURCE-SESSION-PROVENANCE.env	596de5d78f6c8391d0ff12387c7cd1f9b728370095f2fcb0759667acea648b16
[6,7]	c2-reusable-16m-r377-g006-g007	true	[6,7]	run/activation-attempts.tsv	028eed47c2a07a23323cbf723d10f5797fbb589968528c5db3e91f552fd2d4b1	ACTION-CLEANUP-STATUS.env	75927fe2c0f88968dcbd99db6bbb24e041a9aa371a5e88474fe37f7098f0b34a	action_200_to_404_source_writer_zero	377_c2-reusable-concurrency-16m-child-g006-g007	7	6	recovery/c2/reusable-verification.tsv	b30566c8065f8d428165e55f258f3fd7886187868d225fd7718fa3bf9a9f5521	main_accepted_group_aggregate_eligible	accepted_formal_c2_16m_groups_g006_g007_complete	MAIN_AGENT_CLASSIFICATION.md	592f1b2c420c52488d233c889199b4ccde3ea2ea46c1471e6d1de32c9c8b6e72	PRIVATE-ARCHIVE-MANIFEST.tsv	7b52f519e37679dac594a7ac690eebded2cc0c54053a84ee2e558e2550330a39	PROFILE-RESET-PROVENANCE.env	0d8fc1a6e839f3699a08d46125215d2de9ab3b7e699fdfee6d97892700429654	PROFILE-RESET-PROVENANCE.env	0d8fc1a6e839f3699a08d46125215d2de9ab3b7e699fdfee6d97892700429654	main_no_build_full_profile_redeploy_complete	MANIFEST.tsv	36164a9e308fd882a1bf04bf834ec6389d5f4b4dfc24f82ecbcdaf656631eb26	g006-g007	377	earliest_main_accepted_contract_valid_group_no_performance_selection	round377-gateway-pid66946-source-binding1	SOURCE-SESSION-PROVENANCE.env	be1b82dee00076ef5387c47c3e715ddd9fb8e504b16097687085a20bdef8336a
[8,9]	c2-reusable-16m-r378-g008-g009	true	[8,9]	run/activation-attempts.tsv	d9e89fcd3ab8d7bdb3098b30947091b1cd1fe5244f77a507adf6973a614194e6	ACTION-CLEANUP-STATUS.env	a84187465e5cf91731e704e2e748177e6ee6508311a77b0cf2b2a473a0abde6d	action_200_to_404_source_writer_zero	378_c2-reusable-concurrency-16m-child-g008-g009	9	8	recovery/c2/reusable-verification.tsv	f24ed96a72e599341817bdfe5c028389a8136a2e7676693a8e1223e72d4699a0	main_accepted_group_aggregate_eligible	accepted_formal_c2_16m_groups_g008_g009_complete	MAIN_AGENT_CLASSIFICATION.md	8b48a329a8cf21004bde818a1cc5a79eafdd0f3842aef3ebc546cc7f302155fd	PRIVATE-ARCHIVE-MANIFEST.tsv	25d3b6c060fdcf57529d4ef2aed426d008b853bf35057a604e78ceb232b7ea34	PROFILE-RESET-PROVENANCE.env	275895ff08ae3a69381bcddaa5ea2a9765ad854841932f95f0892755fc393e7c	PROFILE-RESET-PROVENANCE.env	275895ff08ae3a69381bcddaa5ea2a9765ad854841932f95f0892755fc393e7c	main_no_build_full_profile_redeploy_complete	MANIFEST.tsv	3ba05cdabf0c58fd875b407af73be3b589f836be1d3f59d731a04139586533b0	g008-g009	378	earliest_main_accepted_contract_valid_group_no_performance_selection	round378-gateway-pid112870-source-binding1	SOURCE-SESSION-PROVENANCE.env	29672bd328d237d085fb285d78adb3c8c482beb900710fcc1e43475d420c3cd8
[10,11]	c2-reusable-16m-r379-g010-g011	true	[10,11]	run/activation-attempts.tsv	216b7bdd959a5804a7f446ef2b88075b86b2b1fe29591b0741d2763043d2c3da	ACTION-CLEANUP-STATUS.env	97123f2cba6f013b46be1de62a5ab31f632f5d60ac7d253c4de6de1ff36e03ef	action_200_to_404_source_writer_zero	379_c2-reusable-concurrency-16m-child-g010-g011	11	10	recovery/c2/reusable-verification.tsv	de56e49cf5c8bc99ffe193776c71e71883a9c4977d824d954e268177c74f8cc6	main_accepted_group_aggregate_eligible	accepted_formal_c2_16m_groups_g010_g011_complete	MAIN_AGENT_CLASSIFICATION.md	17dc25dc09bcd1d930b7fdf91d32b4138e7519ebe487df2ed31ac9b1b2d51858	PRIVATE-ARCHIVE-MANIFEST.tsv	a7e060f7a2560af59adfb3a032118966fc4f88419e670c080449a9deaab42185	PROFILE-RESET-PROVENANCE.env	275895ff08ae3a69381bcddaa5ea2a9765ad854841932f95f0892755fc393e7c	PROFILE-RESET-PROVENANCE.env	275895ff08ae3a69381bcddaa5ea2a9765ad854841932f95f0892755fc393e7c	main_no_build_full_profile_redeploy_complete	MANIFEST.tsv	1a4b9a9286a850e46e7a073babf7683798f5c60aa8d8f62ca0bb82418614b4c2	g010-g011	379	earliest_main_accepted_contract_valid_group_no_performance_selection	round379-gateway-pid16743-source-binding1	SOURCE-SESSION-PROVENANCE.env	21c7e5228beb151e41d176c8b0da592d3b2e624f339f873978ce5d94542687fc
[12,13]	c2-reusable-16m-r380-g012-g013	true	[12,13]	run/activation-attempts.tsv	85661357ce29e0962ba530be080a63caaf796804cc978d3c97bf05da5f4b943b	ACTION-CLEANUP-STATUS.env	2553b126f73e3e706d13f574f5454fd077c7dee2ac59f2abdca1d3b9aa5434a5	action_200_to_404_source_writer_zero	380_c2-reusable-concurrency-16m-child-g012-g013	13	12	recovery/c2/reusable-verification.tsv	c7b03ebf49b34632b825620d22e5da2d21944400c604090d2689990a1e66c982	main_accepted_group_aggregate_eligible	accepted_formal_c2_16m_groups_g012_g013_complete	MAIN_AGENT_CLASSIFICATION.md	a4bd669f0b893290bf6c078e25b9b4c4bb6934407f19ef134f4f6083b2b65884	PRIVATE-ARCHIVE-MANIFEST.tsv	e682a091248731818316fe9b25229b8ba1059407fc93558b272a2f3aed4874a9	PROFILE-RESET-PROVENANCE.env	275895ff08ae3a69381bcddaa5ea2a9765ad854841932f95f0892755fc393e7c	PROFILE-RESET-PROVENANCE.env	275895ff08ae3a69381bcddaa5ea2a9765ad854841932f95f0892755fc393e7c	main_no_build_full_profile_redeploy_complete	MANIFEST.tsv	0b5758f4687159a3ff76e11858fb4f6ddd9ff1a2a9372a7e2954a7a740426869	g012-g013	380	earliest_main_accepted_contract_valid_group_no_performance_selection	round380-gateway-pid16803-source-binding1	SOURCE-SESSION-PROVENANCE.env	a416407867f3d73c7d238cb9a1d57873a2fc6d309b90ba4599c589f5966dc4da
[14,15]	c2-reusable-16m-r381-g014-g015	true	[14,15]	run/activation-attempts.tsv	1e186375af6fd7581426c20d3340a6fe53d733b218a1bd0f5b0d8d9fb1c56f36	ACTION-CLEANUP-STATUS.env	1b12a8cac26156bace20f99cd3075bbd89ce76cdd134a616bc77145d29e9c015	action_200_to_404_source_writer_zero	381_c2-reusable-concurrency-16m-child-g014-g015	15	14	recovery/c2/reusable-verification.tsv	74d2d2483069acc74a11da5c936dac17ada51198d067a94f12ece5d3b4a6ef9a	main_accepted_group_aggregate_eligible	accepted_formal_c2_16m_groups_g014_g015_complete	MAIN_AGENT_CLASSIFICATION.md	d59bcee22eda980a8beb84918084f8f5ea5abeefdd173ece202f4b4b15c877b6	PRIVATE-ARCHIVE-MANIFEST.tsv	5fae7a83a02172e2ff53366c4991c6bce68d5e96df07b4896b10a33d630f43d3	PROFILE-RESET-PROVENANCE.env	275895ff08ae3a69381bcddaa5ea2a9765ad854841932f95f0892755fc393e7c	PROFILE-RESET-PROVENANCE.env	275895ff08ae3a69381bcddaa5ea2a9765ad854841932f95f0892755fc393e7c	main_no_build_full_profile_redeploy_complete	MANIFEST.tsv	c62cb47bc7d4b269621e8533dfba3dab3ef9d654bae654038bbe243dd0c03f80	g014-g015	381	earliest_main_accepted_contract_valid_group_no_performance_selection	round381-gateway-pid17090-source-binding1	SOURCE-SESSION-PROVENANCE.env	2a0e290ed60d0fe7fb3c64dc643e27267ab64b5bc361b803c3df33ac94566a15
[16,17]	c2-reusable-16m-r382-g016-g017	true	[16,17]	run/activation-attempts.tsv	00f2d098ed99f768b980d8def28f1fea319c05532f20c48f453674d9d6f6635b	ACTION-CLEANUP-STATUS.env	95438756a24cc1b4a32f8b71988119d7b8a8c6fc94e77a5f4ff14dd9d88222c8	action_200_to_404_source_writer_zero	382_c2-reusable-concurrency-16m-child-g016-g017	17	16	recovery/c2/reusable-verification.tsv	988e6a85cb0c32aabd4cab933a130b8da6faca2ee320c6a583f3126fc7818d42	main_accepted_group_aggregate_eligible	accepted_formal_c2_16m_groups_g016_g017_complete	MAIN_AGENT_CLASSIFICATION.md	722d70d176d235b5671e4769ee69f67fd8cdf4cf1d04d22736707e04f0b7196e	PRIVATE-ARCHIVE-MANIFEST.tsv	1d53adc8de04c532a953ba109af38f1450fd2be9a76ec2bef758d0b5f23c0e6a	PROFILE-RESET-PROVENANCE.env	275895ff08ae3a69381bcddaa5ea2a9765ad854841932f95f0892755fc393e7c	PROFILE-RESET-PROVENANCE.env	275895ff08ae3a69381bcddaa5ea2a9765ad854841932f95f0892755fc393e7c	main_no_build_full_profile_redeploy_complete	MANIFEST.tsv	39b5c135d001542ce87be52d41763b985104ff70218f4df2bd3819761dc922fb	g016-g017	382	earliest_main_accepted_contract_valid_group_no_performance_selection	round382-gateway-pid16549-source-binding1	SOURCE-SESSION-PROVENANCE.env	4d9213eacf9c4332f9338a347aba406cc6b7affe56da5d4ae55f4c4c7d9cb7af
