experiment_id	segment_id	phase	logical_request_id	attempt_id	activation_id
C5	compression-derived-random256k-level6-v1-measured	measured	1	1	00b56351c13b4413b56351c13b641374
C5	compression-derived-random256k-level6-v1-measured	measured	2	1	128495dfa5104ec38495dfa5102ec3f1
C5	compression-derived-random256k-level6-v1-measured	measured	3	1	429ff448923c476b9ff448923c076b7b
C5	compression-derived-random256k-level6-v1-measured	measured	4	1	87a0fc4aa4924b64a0fc4aa4924b6483
C5	compression-derived-random256k-level6-v1-measured	measured	5	1	3eeef8ff3b0f4d15aef8ff3b0fdd15c1
C5	compression-derived-random256k-level6-v1-measured	measured	6	1	f1276fba28744a0ea76fba2874ca0ed3
C5	compression-derived-random256k-level6-v1-measured	measured	7	1	fd9a9f235e4b40f39a9f235e4bb0f3dc
C5	compression-derived-random256k-level6-v1-measured	measured	8	1	6289d6d452894dc389d6d45289cdc34f
C5	compression-derived-random256k-level6-v1-measured	measured	9	1	bcaff5693afe4c84aff5693afe9c8440
C5	compression-derived-random256k-level6-v1-measured	measured	10	1	7fab9a399a37448cab9a399a37c48ca6
C5	compression-derived-random256k-level6-v1-measured	measured	11	1	4375e50651804bfdb5e50651808bfd7d
C5	compression-derived-random256k-level6-v1-measured	measured	12	1	4f2ef64666854bebaef6466685dbebae
C5	compression-derived-random256k-level6-v1-measured	measured	13	1	8c727337a3c044cab27337a3c024ca0a
C5	compression-derived-random256k-level6-v1-measured	measured	14	1	2d74d8635e34457bb4d8635e34b57bae
C5	compression-derived-random256k-level6-v1-measured	measured	15	1	d2071cea646b434a871cea646b434a6c
C5	compression-derived-random256k-level6-v1-measured	measured	16	1	9c3db280b3e040c4bdb280b3e080c4f2
C5	compression-derived-random256k-level6-v1-measured	measured	17	1	1860a91a56f149faa0a91a56f1a9faf2
C5	compression-derived-random256k-level6-v1-measured	measured	18	1	fbbcce72397b439fbcce72397b739f2d
C5	compression-derived-random256k-level6-v1-measured	measured	19	1	20ecb9968aff4b9eacb9968aff2b9ef6
C5	compression-derived-random256k-level6-v1-measured	measured	20	1	81046d34ecb8474d846d34ecb8b74d42
C5	compression-derived-random256k-level6-v1-measured	measured	21	1	dced5e88d4084129ad5e88d408c12933
C5	compression-derived-random256k-level6-v1-measured	measured	22	1	afb32a075cd94dfbb32a075cd9fdfbd8
C5	compression-derived-random256k-level6-v1-measured	measured	23	1	6de38fdad5654431a38fdad565343105
C5	compression-derived-random256k-level6-v1-measured	measured	24	1	11adbe858bce4c3badbe858bceec3b1f
C5	compression-derived-random256k-level6-v1-measured	measured	25	1	385444e504524ef99444e504529ef953
C5	compression-derived-random256k-level6-v1-measured	measured	26	1	88cf9df68ecc47118f9df68ecc771188
C5	compression-derived-random256k-level6-v1-measured	measured	27	1	bf715b9eb5f24fedb15b9eb5f28fed75
C5	compression-derived-random256k-level6-v1-measured	measured	28	1	3fc1392c55d8413681392c55d8c13668
C5	compression-derived-random256k-level6-v1-measured	measured	29	1	f2f4f7c5cc9f4f1db4f7c5cc9f5f1d70
C5	compression-derived-random256k-level6-v1-measured	measured	30	1	062b7d5611ff46a2ab7d5611ff66a281
C5	compression-derived-random256k-level6-v1-measured	measured	31	1	e3f2adf228604584b2adf22860858420
C5	compression-derived-random256k-level6-v1-measured	measured	32	1	97cadb29698147858adb2969817785b5
C5	compression-derived-random256k-level6-v1-measured	measured	33	1	fc8654eba86d45ab8654eba86d85ab16
C5	compression-derived-random256k-level6-v1-measured	measured	34	1	9ef310f335194b46b310f335199b462a
C5	compression-derived-random256k-level6-v1-measured	measured	35	1	80536ea316824df7936ea31682edf796
C5	compression-derived-random256k-level6-v1-measured	measured	36	1	f25fc7ff6e1640d69fc7ff6e1640d6c3
C5	compression-derived-random256k-level6-v1-measured	measured	37	1	103fc306b0e34b98bfc306b0e30b985c
C5	compression-derived-random256k-level6-v1-measured	measured	38	1	6591a26476924fa891a26476921fa853
C5	compression-derived-random256k-level6-v1-measured	measured	39	1	71cfb3aacec84cf98fb3aacec84cf931
C5	compression-derived-random256k-level6-v1-measured	measured	40	1	177b5f0afc87427dbb5f0afc87c27d72
C5	compression-derived-random256k-level6-v1-measured	measured	41	1	6ee16728db814b69a16728db813b69a7
C5	compression-derived-random256k-level6-v1-measured	measured	42	1	49f32928a5604eaeb32928a560ceae8b
C5	compression-derived-random256k-level6-v1-measured	measured	43	1	ee7f9c2cd7a644bdbf9c2cd7a684bd20
C5	compression-derived-random256k-level6-v1-measured	measured	44	1	01a184e6d54c4dcea184e6d54cddceaf
C5	compression-derived-random256k-level6-v1-measured	measured	45	1	cc30a9624f504a69b0a9624f50ba69b9
C5	compression-derived-random256k-level6-v1-measured	measured	46	1	669a0523570b4fe09a0523570bffe01e
C5	compression-derived-random256k-level6-v1-measured	measured	47	1	1b803c72926a4ee9803c72926a0ee95a
C5	compression-derived-random256k-level6-v1-measured	measured	48	1	43bec13f92eb40ecbec13f92eb10ec92
C5	compression-derived-random256k-level6-v1-measured	measured	49	1	88f09aa21ca34e93b09aa21ca3be93d1
C5	compression-derived-random256k-level6-v1-measured	measured	50	1	e487fac9dc8f45cd87fac9dc8f35cdd5
C5	compression-derived-random256k-level6-v1-measured	measured	51	1	323002d457d54762b002d457d547624b
C5	compression-derived-random256k-level6-v1-measured	measured	52	1	943d71f9d7034e52bd71f9d7031e52f4
C5	compression-derived-random256k-level6-v1-measured	measured	53	1	acf55e9e55fc4daeb55e9e55fc3dae88
C5	compression-derived-random256k-level6-v1-measured	measured	54	1	8a1f104d345e441d9f104d345ee41d64
C5	compression-derived-random256k-level6-v1-measured	measured	55	1	bfb2123a523143b7b2123a5231a3b7e6
C5	compression-derived-random256k-level6-v1-measured	measured	56	1	d09e59d21ee341ca9e59d21ee3e1ca41
C5	compression-derived-random256k-level6-v1-measured	measured	57	1	f67fd3f0cf324591bfd3f0cf325591ff
C5	compression-derived-random256k-level6-v1-measured	measured	58	1	8e725abffe134e99b25abffe131e9919
C5	compression-derived-random256k-level6-v1-measured	measured	59	1	7feb1b8c050349bcab1b8c0503f9bc3c
C5	compression-derived-random256k-level6-v1-measured	measured	60	1	a62cb6569f924588acb6569f9285888f
C5	compression-derived-random256k-level6-v1-measured	measured	61	1	9d69221f94e649b3a9221f94e619b34c
C5	compression-derived-random256k-level6-v1-measured	measured	62	1	312f524b88454246af524b8845f2469f
C5	compression-derived-random256k-level6-v1-measured	measured	63	1	73bc7c7f64be4490bc7c7f64bed49072
C5	compression-derived-random256k-level6-v1-measured	measured	64	1	4d0a24413f6841b38a24413f6891b3ed
C5	compression-derived-random256k-level6-v1-measured	measured	65	1	23634f43360c46cea34f43360cf6ce8e
C5	compression-derived-random256k-level6-v1-measured	measured	66	1	ddbbfe3593364e0abbfe3593369e0a07
C5	compression-derived-random256k-level6-v1-measured	measured	67	1	0efe4a36f5f54207be4a36f5f58207da
C5	compression-derived-random256k-level6-v1-measured	measured	68	1	5c74505979ed4ab6b4505979edeab6be
C5	compression-derived-random256k-level6-v1-measured	measured	69	1	5b86caee9e48490f86caee9e48f90f17
C5	compression-derived-random256k-level6-v1-measured	measured	70	1	565f361aa002442c9f361aa002b42cae
C5	compression-derived-random256k-level6-v1-measured	measured	71	1	0848c4c0a98e430488c4c0a98ec3041b
C5	compression-derived-random256k-level6-v1-measured	measured	72	1	8309e87cd864436789e87cd864036779
C5	compression-derived-random256k-level6-v1-measured	measured	73	1	b43188d00a3a464eb188d00a3a564e70
C5	compression-derived-random256k-level6-v1-measured	measured	74	1	89375dfa38584861b75dfa3858e86184
C5	compression-derived-random256k-level6-v1-measured	measured	75	1	45c2ec028b204c2982ec028b20ac2988
C5	compression-derived-random256k-level6-v1-measured	measured	76	1	b64eb3400b0548988eb3400b0588987e
C5	compression-derived-random256k-level6-v1-measured	measured	77	1	be0b9e42d4464cf38b9e42d4462cf31a
C5	compression-derived-random256k-level6-v1-measured	measured	78	1	78895144be414488895144be4134884c
C5	compression-derived-random256k-level6-v1-measured	measured	79	1	566d5f049d304580ad5f049d30c580ac
C5	compression-derived-random256k-level6-v1-measured	measured	80	1	83f363d0eb00473fb363d0eb00d73fde
C5	compression-derived-random256k-level6-v1-measured	measured	81	1	2daf94fd507a479faf94fd507a179fe3
C5	compression-derived-random256k-level6-v1-measured	measured	82	1	8645a77eeb00444585a77eeb00e44554
C5	compression-derived-random256k-level6-v1-measured	measured	83	1	11444431f6cb4862844431f6cb486238
C5	compression-derived-random256k-level6-v1-measured	measured	84	1	7a300f62a5b041c8b00f62a5b0c1c837
C5	compression-derived-random256k-level6-v1-measured	measured	85	1	422ac254998945d9aac254998905d996
C5	compression-derived-random256k-level6-v1-measured	measured	86	1	745cdebf3b5b42ee9cdebf3b5b92eeaf
C5	compression-derived-random256k-level6-v1-measured	measured	87	1	4a27926322ff46a7a7926322ff76a705
C5	compression-derived-random256k-level6-v1-measured	measured	88	1	96c9666332494b6889666332494b680b
C5	compression-derived-random256k-level6-v1-measured	measured	89	1	53f1fe98b95d4e79b1fe98b95d0e7977
C5	compression-derived-random256k-level6-v1-measured	measured	90	1	76ad0db510cd41d4ad0db510cd01d43c
C5	compression-derived-random256k-level6-v1-measured	measured	91	1	57035cc50d404180835cc50d40c18009
C5	compression-derived-random256k-level6-v1-measured	measured	92	1	c17bfd57ec4f4e9bbbfd57ec4f4e9b94
C5	compression-derived-random256k-level6-v1-measured	measured	93	1	3c8fd2631ac744578fd2631ac7c4571c
C5	compression-derived-random256k-level6-v1-measured	measured	94	1	216676d4b8ee43a9a676d4b8ee23a97a
C5	compression-derived-random256k-level6-v1-measured	measured	95	1	69bc194375ad4b1dbc194375ad9b1d9b
C5	compression-derived-random256k-level6-v1-measured	measured	96	1	815d7a92710441229d7a927104212250
C5	compression-derived-random256k-level6-v1-measured	measured	97	1	f1b1b683b99946cfb1b683b999c6cf96
C5	compression-derived-random256k-level6-v1-measured	measured	98	1	b0f4aeb5f9b948f8b4aeb5f9b9c8f8b6
C5	compression-derived-random256k-level6-v1-measured	measured	99	1	aac86b3966764df9886b396676fdf946
C5	compression-derived-random256k-level6-v1-measured	measured	100	1	a61a3d061877418e9a3d061877018e87
C5	compression-derived-random256k-level6-v1-measured	measured	101	1	9c36a9b0ff5a48b4b6a9b0ff5a88b44e
C5	compression-derived-random256k-level6-v1-measured	measured	102	1	c3cb254680954a5e8b25468095ca5ed9
C5	compression-derived-random256k-level6-v1-measured	measured	103	1	a4a3bc71f39d4a9ea3bc71f39d0a9e8d
C5	compression-derived-random256k-level6-v1-measured	measured	104	1	b1002cc364404b7f802cc364402b7f66
C5	compression-derived-random256k-level6-v1-measured	measured	105	1	92d373ef2f9248209373ef2f92082068
C5	compression-derived-random256k-level6-v1-measured	measured	106	1	2516c1a1fe2f40c496c1a1fe2fa0c4be
C5	compression-derived-random256k-level6-v1-measured	measured	107	1	5218b3620fd44cb698b3620fd41cb6ba
C5	compression-derived-random256k-level6-v1-measured	measured	108	1	ad3c328424f34b83bc328424f3eb83b5
C5	compression-derived-random256k-level6-v1-measured	measured	109	1	c30a079776de47618a079776ded761cd
C5	compression-derived-random256k-level6-v1-measured	measured	110	1	00129fece61c4928929fece61cb92825
C5	compression-derived-random256k-level6-v1-measured	measured	111	1	03aea93abba64149aea93abba6714998
C5	compression-derived-random256k-level6-v1-measured	measured	112	1	8771887d6a8b4abcb1887d6a8b9abca7
C5	compression-derived-random256k-level6-v1-measured	measured	113	1	b161e66488f74abda1e66488f7babd7b
C5	compression-derived-random256k-level6-v1-measured	measured	114	1	9a0d72b9e8dc4ccc8d72b9e8dc2ccc8a
C5	compression-derived-random256k-level6-v1-measured	measured	115	1	de8511ea982f41a58511ea982f31a5d3
C5	compression-derived-random256k-level6-v1-measured	measured	116	1	01c1cd1730934d3081cd173093fd308c
C5	compression-derived-random256k-level6-v1-measured	measured	117	1	6194cbe25a4b428c94cbe25a4bc28c20
C5	compression-derived-random256k-level6-v1-measured	measured	118	1	bb55703447094d179570344709fd17f8
C5	compression-derived-random256k-level6-v1-measured	measured	119	1	431f94d4184443789f94d41844d378b6
C5	compression-derived-random256k-level6-v1-measured	measured	120	1	32758f0cf0c84b5eb58f0cf0c89b5e78
C5	compression-derived-random256k-level6-v1-measured	measured	121	1	ebeb9307dc7841ebab9307dc78d1ebb6
C5	compression-derived-random256k-level6-v1-measured	measured	122	1	7fb1c7aa788a4e2bb1c7aa788a1e2bfb
C5	compression-derived-random256k-level6-v1-measured	measured	123	1	188e5445bc4046418e5445bc406641dc
C5	compression-derived-random256k-level6-v1-measured	measured	124	1	e3a127122c374479a127122c37a47971
C5	compression-derived-random256k-level6-v1-measured	measured	125	1	6de54a6612ca48d1a54a6612cab8d1f0
C5	compression-derived-random256k-level6-v1-measured	measured	126	1	49f984ad4be942ccb984ad4be9e2ccc6
C5	compression-derived-random256k-level6-v1-measured	measured	127	1	d35d93a9597140239d93a959712023a9
C5	compression-derived-random256k-level6-v1-measured	measured	128	1	bec0bbdf624543a280bbdf624533a2e0
C5	compression-derived-random256k-level6-v1-measured	measured	129	1	126bc22ca2dd4a58abc22ca2ddca58b7
C5	compression-derived-random256k-level6-v1-measured	measured	130	1	9d10776de07c48fd90776de07cf8fdc2
C5	compression-derived-random256k-level6-v1-measured	measured	131	1	2f7c7eef9bb34302bc7eef9bb39302d7
C5	compression-derived-random256k-level6-v1-measured	measured	132	1	72d3a67978444f9b93a67978443f9b82
C5	compression-derived-random256k-level6-v1-measured	measured	133	1	3e9f305940f3462c9f305940f3562cb8
C5	compression-derived-random256k-level6-v1-measured	measured	134	1	47300d50576949f7b00d505769a9f743
C5	compression-derived-random256k-level6-v1-measured	measured	135	1	4e78eb2af8434cddb8eb2af843fcdd90
C5	compression-derived-random256k-level6-v1-measured	measured	136	1	407287dd41b64b33b287dd41b60b3310
C5	compression-derived-random256k-level6-v1-measured	measured	137	1	87129e76ad9a4f42929e76ad9a8f42cd
C5	compression-derived-random256k-level6-v1-measured	measured	138	1	1fb0d148c1894bfcb0d148c1891bfcf6
C5	compression-derived-random256k-level6-v1-measured	measured	139	1	a399ae15c999498999ae15c9999989b6
C5	compression-derived-random256k-level6-v1-measured	measured	140	1	950ce79c57dd452d8ce79c57dd352df6
C5	compression-derived-random256k-level6-v1-measured	measured	141	1	1ca7506d56864c40a7506d5686cc400b
C5	compression-derived-random256k-level6-v1-measured	measured	142	1	971c8a4515dc41459c8a4515dc514593
C5	compression-derived-random256k-level6-v1-measured	measured	143	1	5fccc81a371747c28cc81a3717f7c2d6
C5	compression-derived-random256k-level6-v1-measured	measured	144	1	ff92316e44f3435b92316e44f3335b7a
C5	compression-derived-random256k-level6-v1-measured	measured	145	1	81d0091d26ba43f090091d26ba63f0cb
C5	compression-derived-random256k-level6-v1-measured	measured	146	1	d965898eeae64bb1a5898eeae6abb18e
C5	compression-derived-random256k-level6-v1-measured	measured	147	1	ab88f7c00ab942d088f7c00ab922d095
C5	compression-derived-random256k-level6-v1-measured	measured	148	1	eb1e9cb68c7842129e9cb68c78a21261
C5	compression-derived-random256k-level6-v1-measured	measured	149	1	6cd9f70aebb34a7499f70aebb36a7447
C5	compression-derived-random256k-level6-v1-measured	measured	150	1	202d294d7e4c4f0dad294d7e4c6f0d05
C5	compression-derived-random256k-level6-v1-measured	measured	151	1	6f7001b702924ce3b001b702921ce380
C5	compression-derived-random256k-level6-v1-measured	measured	152	1	d32bdecd3cc84327abdecd3cc88327bf
C5	compression-derived-random256k-level6-v1-measured	measured	153	1	7d04b95e2859483884b95e2859283810
C5	compression-derived-random256k-level6-v1-measured	measured	154	1	495149afaba0428d9149afaba0928d9c
C5	compression-derived-random256k-level6-v1-measured	measured	155	1	8737f7ca10fe4ff7b7f7ca10feeff721
C5	compression-derived-random256k-level6-v1-measured	measured	156	1	d4b9a5c0e82e4ccbb9a5c0e82ebccbdd
C5	compression-derived-random256k-level6-v1-measured	measured	157	1	b8cb54de234948c68b54de2349c8c62d
C5	compression-derived-random256k-level6-v1-measured	measured	158	1	467e367d746e4cc1be367d746eecc105
C5	compression-derived-random256k-level6-v1-measured	measured	159	1	81ece67ae0164299ace67ae01652997d
C5	compression-derived-random256k-level6-v1-measured	measured	160	1	b130277da7b447cdb0277da7b4d7cda4
C5	compression-derived-random256k-level6-v1-measured	measured	161	1	f475500267374c95b5500267371c9533
C5	compression-derived-random256k-level6-v1-measured	measured	162	1	a09a43fc512641d19a43fc512651d125
C5	compression-derived-random256k-level6-v1-measured	measured	163	1	b1a32ec129d54515a32ec129d5e515f7
C5	compression-derived-random256k-level6-v1-measured	measured	164	1	aaad8503ce30433bad8503ce30e33bfe
C5	compression-derived-random256k-level6-v1-measured	measured	165	1	7a4e96c3328149a38e96c33281e9a398
C5	compression-derived-random256k-level6-v1-measured	measured	166	1	225eba02c8aa45449eba02c8aa5544e5
C5	compression-derived-random256k-level6-v1-measured	measured	167	1	a3a51ef5ac6e471fa51ef5ac6e371ff3
C5	compression-derived-random256k-level6-v1-measured	measured	168	1	ad82330ea8d74b1182330ea8d73b11e3
C5	compression-derived-random256k-level6-v1-measured	measured	169	1	47caa1b660324aa78aa1b66032aaa7f0
C5	compression-derived-random256k-level6-v1-measured	measured	170	1	871d450acbf54aab9d450acbf59aabe2
C5	compression-derived-random256k-level6-v1-measured	measured	171	1	beceacf84f8b4f3d8eacf84f8b0f3dfd
C5	compression-derived-random256k-level6-v1-measured	measured	172	1	f447fcf96f6d437987fcf96f6db37971
C5	compression-derived-random256k-level6-v1-measured	measured	173	1	52606fd2ec3e4c5fa06fd2ec3e7c5fa5
C5	compression-derived-random256k-level6-v1-measured	measured	174	1	f343d8c24b1b4be283d8c24b1bbbe286
C5	compression-derived-random256k-level6-v1-measured	measured	175	1	ecb49e698b124fc4b49e698b12bfc41b
C5	compression-derived-random256k-level6-v1-measured	measured	176	1	d1438710a43248d0838710a43238d0c2
C5	compression-derived-random256k-level6-v1-measured	measured	177	1	67e727f78a8746f8a727f78a87a6f821
C5	compression-derived-random256k-level6-v1-measured	measured	178	1	b6ee34d2457040b9ae34d24570a0b963
C5	compression-derived-random256k-level6-v1-measured	measured	179	1	38c62563552e44d8862563552e94d83a
C5	compression-derived-random256k-level6-v1-measured	measured	180	1	2828b6cbf81e4dc5a8b6cbf81ebdc5a8
C5	compression-derived-random256k-level6-v1-measured	measured	181	1	401aee91112b4bfe9aee91112bbbfe8a
C5	compression-derived-random256k-level6-v1-measured	measured	182	1	92457ab3255b475c857ab3255b675cdf
C5	compression-derived-random256k-level6-v1-measured	measured	183	1	e305022e1eb4482d85022e1eb4282d42
C5	compression-derived-random256k-level6-v1-measured	measured	184	1	b79013edc1594ef69013edc1595ef647
C5	compression-derived-random256k-level6-v1-measured	measured	185	1	c7286e349fce4335a86e349fce7335f4
C5	compression-derived-random256k-level6-v1-measured	measured	186	1	8510198268b7462c90198268b7662c2d
C5	compression-derived-random256k-level6-v1-measured	measured	187	1	97e768db47f641d2a768db47f6f1d2c4
C5	compression-derived-random256k-level6-v1-measured	measured	188	1	d3b9e0a9b6c948a9b9e0a9b6c918a9f8
C5	compression-derived-random256k-level6-v1-measured	measured	189	1	3679c30ff9a94e97b9c30ff9a96e977a
C5	compression-derived-random256k-level6-v1-measured	measured	190	1	b0b87b89a457451bb87b89a457e51bbf
C5	compression-derived-random256k-level6-v1-measured	measured	191	1	c09fbbe64fe241c79fbbe64fe2b1c745
C5	compression-derived-random256k-level6-v1-measured	measured	192	1	208dc76bafef41bc8dc76bafef71bc4b
C5	compression-derived-random256k-level6-v1-measured	measured	193	1	ded1e27b72154bb291e27b72157bb205
C5	compression-derived-random256k-level6-v1-measured	measured	194	1	578da1ca0c8346c18da1ca0c8396c150
C5	compression-derived-random256k-level6-v1-measured	measured	195	1	653010449eaa45f0b010449eaa05f083
C5	compression-derived-random256k-level6-v1-measured	measured	196	1	a75a5279800743289a52798007a328e1
C5	compression-derived-random256k-level6-v1-measured	measured	197	1	0420a2207cbb455ca0a2207cbba55c65
C5	compression-derived-random256k-level6-v1-measured	measured	198	1	eaed59c508eb4b24ad59c508eb9b2401
C5	compression-derived-random256k-level6-v1-measured	measured	199	1	6ee0277236154dd0a0277236152dd01d
C5	compression-derived-random256k-level6-v1-measured	measured	200	1	4eb27715f02d47f0b27715f02d87f004
C5	compression-derived-random256k-level6-v1-measured	measured	201	1	f68e67f4dca54cf58e67f4dca56cf52c
C5	compression-derived-random256k-level6-v1-measured	measured	202	1	eae7f652ceef4997a7f652ceef999766
C5	compression-derived-random256k-level6-v1-measured	measured	203	1	74b46ece896d4114b46ece896d211409
C5	compression-derived-random256k-level6-v1-measured	measured	204	1	1b8072ec7f18442c8072ec7f18442cb7
C5	compression-derived-random256k-level6-v1-measured	measured	205	1	0fd977cbfd7541209977cbfd751120f2
C5	compression-derived-random256k-level6-v1-measured	measured	206	1	b291b32784f4473391b32784f40733e2
C5	compression-derived-random256k-level6-v1-measured	measured	207	1	a502a258f9914bcc82a258f991cbccd3
C5	compression-derived-random256k-level6-v1-measured	measured	208	1	ad5e4dbcaf184f0f9e4dbcaf18bf0f89
C5	compression-derived-random256k-level6-v1-measured	measured	209	1	f64feb0db5d7469c8feb0db5d7669c89
C5	compression-derived-random256k-level6-v1-measured	measured	210	1	cc6a3be409624d1baa3be409627d1b6f
C5	compression-derived-random256k-level6-v1-measured	measured	211	1	5c79a80c127d40a5b9a80c127d10a527
C5	compression-derived-random256k-level6-v1-measured	measured	212	1	63c3db0b18cd4a4b83db0b18cd5a4bd7
C5	compression-derived-random256k-level6-v1-measured	measured	213	1	72951fa5dfd94c96951fa5dfd99c9698
C5	compression-derived-random256k-level6-v1-measured	measured	214	1	017ab0b8fc5a4a1ebab0b8fc5aca1e67
C5	compression-derived-random256k-level6-v1-measured	measured	215	1	b2ef5b49c0884d87af5b49c0888d878e
C5	compression-derived-random256k-level6-v1-measured	measured	216	1	6f3ab5b3d7434801bab5b3d74388015a
C5	compression-derived-random256k-level6-v1-measured	measured	217	1	51f2b723d1aa4adeb2b723d1aaaade5f
C5	compression-derived-random256k-level6-v1-measured	measured	218	1	b58fa4021ed34e168fa4021ed38e16f7
C5	compression-derived-random256k-level6-v1-measured	measured	219	1	3a0888f225124ac78888f22512fac7ce
C5	compression-derived-random256k-level6-v1-measured	measured	220	1	8ab3f3b990c9423fb3f3b990c9823f56
C5	compression-derived-random256k-level6-v1-measured	measured	221	1	2d15fa85c7d4401695fa85c7d46016fc
C5	compression-derived-random256k-level6-v1-measured	measured	222	1	2eb121956180429cb121956180729c3a
C5	compression-derived-random256k-level6-v1-measured	measured	223	1	7f37733e54e34fd8b7733e54e32fd896
C5	compression-derived-random256k-level6-v1-measured	measured	224	1	ddbc92e84d0d4ec9bc92e84d0d1ec957
C5	compression-derived-random256k-level6-v1-measured	measured	225	1	5d4c28c67c14446c8c28c67c14146c1f
C5	compression-derived-random256k-level6-v1-measured	measured	226	1	748d8b4fbed14cee8d8b4fbed12ceee2
C5	compression-derived-random256k-level6-v1-measured	measured	227	1	2fabe20e7f69478cabe20e7f69178ce3
C5	compression-derived-random256k-level6-v1-measured	measured	228	1	e80e364b3d1b42758e364b3d1b127515
C5	compression-derived-random256k-level6-v1-measured	measured	229	1	dbdbea48e0bf4b829bea48e0bfeb8213
C5	compression-derived-random256k-level6-v1-measured	measured	230	1	ab921729267349cf9217292673c9cf60
C5	compression-derived-random256k-level6-v1-measured	measured	231	1	1d2b4da4c5dd48b7ab4da4c5dd28b7b5
C5	compression-derived-random256k-level6-v1-measured	measured	232	1	9d88be616273451b88be616273a51b15
C5	compression-derived-random256k-level6-v1-measured	measured	233	1	741d0e3f130147ac9d0e3f1301a7ac96
C5	compression-derived-random256k-level6-v1-measured	measured	234	1	7bb888fbee3b46f6b888fbee3b36f649
C5	compression-derived-random256k-level6-v1-measured	measured	235	1	6aca2dfd9dfb44ea8a2dfd9dfb74ea8c
C5	compression-derived-random256k-level6-v1-measured	measured	236	1	997bfb01480748debbfb01480768de70
C5	compression-derived-random256k-level6-v1-measured	measured	237	1	b621f0ccf7f7403da1f0ccf7f7003d8b
C5	compression-derived-random256k-level6-v1-measured	measured	238	1	f34bba6038704b248bba603870cb24ca
C5	compression-derived-random256k-level6-v1-measured	measured	239	1	b2b1d8ce7e9b4ee2b1d8ce7e9bbee2cf
C5	compression-derived-random256k-level6-v1-measured	measured	240	1	60c16efa6bb740e0816efa6bb790e022
C5	compression-derived-random256k-level6-v1-measured	measured	241	1	5a96c2d8158c481796c2d8158c381720
C5	compression-derived-random256k-level6-v1-measured	measured	242	1	fd486c54f0e34f40886c54f0e38f408b
C5	compression-derived-random256k-level6-v1-measured	measured	243	1	f3b598d708464176b598d70846717648
C5	compression-derived-random256k-level6-v1-measured	measured	244	1	d0075f6631314083875f66313110830f
C5	compression-derived-random256k-level6-v1-measured	measured	245	1	6fd3a7584a324bc193a7584a322bc112
C5	compression-derived-random256k-level6-v1-measured	measured	246	1	e4658bd93e444684a58bd93e4446842a
C5	compression-derived-random256k-level6-v1-measured	measured	247	1	0efc751cb0d84728bc751cb0d81728f4
C5	compression-derived-random256k-level6-v1-measured	measured	248	1	16a2d411148f44a3a2d411148f34a352
C5	compression-derived-random256k-level6-v1-measured	measured	249	1	b57f230ea53f4527bf230ea53f8527e0
C5	compression-derived-random256k-level6-v1-measured	measured	250	1	26fc280526674f9bbc28052667af9b45
C5	compression-derived-random256k-level6-v1-measured	measured	251	1	ef0f246a30eb467a8f246a30eb467a74
C5	compression-derived-random256k-level6-v1-measured	measured	252	1	ee62b5a74a5640afa2b5a74a5610afb0
C5	compression-derived-random256k-level6-v1-measured	measured	253	1	e30fcca74a76432c8fcca74a76132cc4
C5	compression-derived-random256k-level6-v1-measured	measured	254	1	acb5f9bda6cf4b97b5f9bda6cf5b9720
C5	compression-derived-random256k-level6-v1-measured	measured	255	1	fa12a64280244ef992a64280246ef95f
C5	compression-derived-random256k-level6-v1-measured	measured	256	1	d7e16fdbca8b4926a16fdbca8be92663
C5	compression-derived-random256k-level6-v1-measured	measured	257	1	5d56671e74334b5d96671e7433cb5d3c
C5	compression-derived-random256k-level6-v1-measured	measured	258	1	51628b746d3049faa28b746d3019fa19
C5	compression-derived-random256k-level6-v1-measured	measured	259	1	a1aba31108bc4e31aba31108bc1e3184
C5	compression-derived-random256k-level6-v1-measured	measured	260	1	a482f996dc9d44a382f996dc9d54a344
C5	compression-derived-random256k-level6-v1-measured	measured	261	1	b0421ef72e2d42d6821ef72e2d42d616
C5	compression-derived-random256k-level6-v1-measured	measured	262	1	53c1d86219264a6f81d86219260a6fc9
C5	compression-derived-random256k-level6-v1-measured	measured	263	1	1e2eacd44c4c4593aeacd44c4cc59387
C5	compression-derived-random256k-level6-v1-measured	measured	264	1	730934badaf248e68934badaf248e686
C5	compression-derived-random256k-level6-v1-measured	measured	265	1	cb9508a854824f719508a854828f7111
C5	compression-derived-random256k-level6-v1-measured	measured	266	1	cd66a54a86b045f6a6a54a86b0d5f651
C5	compression-derived-random256k-level6-v1-measured	measured	267	1	b5bc225088bf4f22bc225088bf0f22e0
C5	compression-derived-random256k-level6-v1-measured	measured	268	1	b67df1b58e024826bdf1b58e029826b8
C5	compression-derived-random256k-level6-v1-measured	measured	269	1	e40922a6844c48ca8922a6844c98caae
C5	compression-derived-random256k-level6-v1-measured	measured	270	1	513086fdcfa34c60b086fdcfa36c606e
C5	compression-derived-random256k-level6-v1-measured	measured	271	1	49dea50a97d545dd9ea50a97d525dd1f
C5	compression-derived-random256k-level6-v1-measured	measured	272	1	641d2d552ee547e39d2d552ee577e325
C5	compression-derived-random256k-level6-v1-measured	measured	273	1	5de29a4ed7344f51a29a4ed7340f511a
C5	compression-derived-random256k-level6-v1-measured	measured	274	1	71bdee8daa104101bdee8daa10210102
C5	compression-derived-random256k-level6-v1-measured	measured	275	1	35d204f602c848089204f602c8380811
C5	compression-derived-random256k-level6-v1-measured	measured	276	1	1c9bf53f721f4f199bf53f721f4f191c
C5	compression-derived-random256k-level6-v1-measured	measured	277	1	7cada47bc4bd473eada47bc4bd073e48
C5	compression-derived-random256k-level6-v1-measured	measured	278	1	61effeb841bf47f9affeb841bf67f949
C5	compression-derived-random256k-level6-v1-measured	measured	279	1	eb8a6b4454b94cb58a6b4454b9acb5c7
C5	compression-derived-random256k-level6-v1-measured	measured	280	1	3360567b5b9a4f59a0567b5b9a4f5946
C5	compression-derived-random256k-level6-v1-measured	measured	281	1	2a1180e1b537419d9180e1b537e19dd7
C5	compression-derived-random256k-level6-v1-measured	measured	282	1	f292ce44b23d423692ce44b23de2360e
C5	compression-derived-random256k-level6-v1-measured	measured	283	1	3246bc2964954b3486bc2964952b34ba
C5	compression-derived-random256k-level6-v1-measured	measured	284	1	9cdc43f390a946119c43f390a9c611af
C5	compression-derived-random256k-level6-v1-measured	measured	285	1	07e9c8e06293493da9c8e06293e93d0b
C5	compression-derived-random256k-level6-v1-measured	measured	286	1	d4e905fda2ff4621a905fda2ff1621dc
C5	compression-derived-random256k-level6-v1-measured	measured	287	1	9cc91a4941c34ef0891a4941c3bef0ed
C5	compression-derived-random256k-level6-v1-measured	measured	288	1	ce36049e79be48c1b6049e79bef8c1f9
C5	compression-derived-random256k-level6-v1-measured	measured	289	1	b55579e4aed74c799579e4aed7bc798d
C5	compression-derived-random256k-level6-v1-measured	measured	290	1	cf2af698aff14a31aaf698aff13a310e
C5	compression-derived-random256k-level6-v1-measured	measured	291	1	b683acfcfab0405383acfcfab0205377
C5	compression-derived-random256k-level6-v1-measured	measured	292	1	51a5076fdb404f76a5076fdb40ff7610
C5	compression-derived-random256k-level6-v1-measured	measured	293	1	c93859d644a8430cb859d644a8530c2d
C5	compression-derived-random256k-level6-v1-measured	measured	294	1	85c086c6824640b38086c6824640b30c
C5	compression-derived-random256k-level6-v1-measured	measured	295	1	e328bd946dae478da8bd946dae978dff
C5	compression-derived-random256k-level6-v1-measured	measured	296	1	18dc30666a7b46de9c30666a7b26de91
C5	compression-derived-random256k-level6-v1-measured	measured	297	1	386a4bbb627f4b4faa4bbb627fdb4f2c
C5	compression-derived-random256k-level6-v1-measured	measured	298	1	9d67ba5751d1446da7ba5751d1646d00
C5	compression-derived-random256k-level6-v1-measured	measured	299	1	52d8f8c9e6344c8e98f8c9e634fc8eca
C5	compression-derived-random256k-level6-v1-measured	measured	300	1	14665eb57b23450aa65eb57b23f50ad5
